codon	tai
TTT	0.446969696969697
TTC	0.757575757575758
TTA	0.568181818181818
TTG	0.75
TCT	0.378787878787879
TCC	0.272727272727273
TCA	0.189431818181818
TCG	0.0606060606060606
TAT	0.223484848484849
TAC	0.378787878787879
TGT	0.111742424242424
TGC	0.189393939393939
TGG	0.189393939393939
CTT	0.111742424242424
CTC	0.189393939393939
CTA	0.568181818181818
CTG	0.181818181818182
CCT	0.285062771367498
CCC	0.285062771367498
CCA	0.568181818181818
CCG	0.181818181818182
CAT	0.223484848484849
CAC	0.378787878787879
CAA	0.568181818181818
CAG	0.181818181818182
CGT	0.378787878787879
CGC	0.272727272727273
CGA	3.78787878787837e-05
CGG	0.285062771367498
ATT	0.946969696969697
ATC	0.681818181818182
ATA	0.0208333333333333
ACT	0.568181818181818
ACC	0.409090909090909
ACA	0.189450757575758
ACG	0.0606060606060606
AAT	0.558712121212121
AAC	0.946969696969697
AAA	0.757575757575758
AAG	1.0
AGT	0.111742424242424
AGC	0.189393939393939
AGA	0.757575757575758
AGG	0.242424242424242
GTT	0.946969696969697
GTC	0.681818181818182
GTA	0.378882575757576
GTG	0.310606060606061
GCT	0.757575757575758
GCC	0.545454545454546
GCA	0.378863636363636
GCG	0.121212121212121
GAT	0.558712121212121
GAC	0.946969696969697
GAA	0.757575757575758
GAG	0.242424242424242
GGT	0.558712121212121
GGC	0.946969696969697
GGA	0.378787878787879
GGG	0.121212121212121
