aa	degeneracy	delta_ecoli	delta_bsubtilis	delta_scerevisiae
A	4	1.2041112164647811	1.2781346392492725	1.145744634513954
C	2	0.5657194489165974	0.5095437114603949	0.5534709463013315
D	2	1.617316398479166	1.5386484750383038	1.5480238464134546
E	2	1.9097346128025203	2.052153958480332	1.832719043933388
F	2	1.071032119237698	1.244034371100324	1.03025834620315
G	4	1.83266484044706	1.6823444221683	1.7485179697338324
H	2	0.6600168902057388	0.5704796263396431	0.6274076031602238
I	3	2.1266851561692284	2.391868960521909	1.794437614724843
K	2	2.274773385642823	1.2254934827404198	2.177025428308088
L	6	1.465810078817583	1.3869662653104635	1.3278740426249294
N	2	1.0158394088101594	1.466501767260662	1.3058386601224836
P	4	2.7266088961019093	2.5344194595208243	2.774607767632006
Q	2	1.6677007718055754	1.8412713236936733	1.225447863957416
R	6	1.7717963218225627	1.7667506153004673	1.7307315997209358
S	6	1.5358759066668144	1.1121675192488183	1.5302931527098995
T	4	1.1890115684510243	1.1017275185943836	1.235207677038204
V	4	1.938073859550091	1.6405718735577777	2.1135469160979694
Y	2	1.32243284271232	1.227686368544316	1.3015356305353143
