aa	degeneracy	delta_mu	delta_nu	delta_2D	delta_mu_median_stat
A	4	0.1861433546427758	0.9528087196881284	0.9865686579300244	0.1183913782058895
C	2	0.4240711591431094	0.3377391138952175	0.5421291885443055	1.440658683310922
D	2	0.6103097434429028	1.0132173416856471	1.1828302348324848	0.2290530733699585
E	2	0.8362145864401204	2.240610706817044	2.3915666777404296	0.5900916931428444
F	2	0.5204290369774822	0.6754782277904281	0.8527116855937926	0.2945251936838888
G	4	0.4452036071130665	1.3784149201251887	1.4755234301256746	0.6734555825397223
H	2	0.0790773076249047	0.3377391138952175	0.3468730742446443	0.8986233210918076
I	3	0.7934964544587739	1.5870992506620707	1.8138808530985049	0.8217756649491719
K	2	0.8509244303667352	3.360916060225561	3.466962525046537	1.5514173748916464
L	6	0.5845607909260749	1.0769209794284842	1.334589160801061	0.3963549326655455
N	2	0.394545671098149	1.350956455580866	1.4073910726794827	0.9367524467573144
P	4	2.143739831592917	0.300670186760375	2.277492503932408	1.459818238398962
Q	2	1.1894261244063542	0.5272025192510702	1.3010292086363762	0.8565020470726118
R	6	1.1716579857921157	1.4255336452832534	2.034960075667545	1.6731122749491325
S	6	0.888677942750531	0.449769649236067	1.0634244404801283	1.2540095602429455
T	4	0.2178852698716031	0.6562573026094024	0.694611067551297	0.5634673250744293
V	4	0.7162725546729286	1.6282869474785582	1.879035310909157	0.6489407692842131
Y	2	1.089963318658988	1.0132173416856471	1.488163101785098	0.2599975648724372
