codon	aa	degeneracy	mu	log_mu	mu_z	nu_tai	nu_z
GCA	A	4	0.0002403524	-8.333404378236256	-0.4754596170935117	0.5	0.977103969116949
GCC	A	4	0.0003179319	-8.05367334906108	-0.2326003782491143	0.333333333333333	0.1533500327871527
GCG	A	4	0.0002133139	-8.452745768177953	-0.5790704292702432	0.16	-0.7033540609958316
GCT	A	4	0.0002627794	-8.244195661031993	-0.3980096423002431	0.196666666666667	-0.5221281950032753
TGC	C	2	0.005808007	-5.1485177962262085	2.289622016479282	0.166666666666667	-0.6704039035426383
TGT	C	2	0.00946587	-4.6600625809538885	2.7136931756223914	0.0983333333333333	-1.0081430174378558
GAC	D	2	6.695742e-05	-9.61145366299132	-1.5850471999099622	0.5	0.977103969116949
GAT	D	2	3.315149e-05	-10.314422895132845	-2.195356943352865	0.295	-0.0361133725686982
GAA	E	2	0.0003089001	-8.082492634310428	-0.2576209478310224	0.666666666666667	1.8008579054467448
GAG	E	2	0.0001179011	-9.045664420523844	-1.0938355342711428	0.213333333333333	-0.4397528013702992
TTC	F	2	0.0004784896	-7.644876081894717	0.1223126731861647	0.333333333333333	0.1533500327871527
TTT	F	2	0.0002627471	-8.24431858537564	-0.3981163637913175	0.196666666666667	-0.5221281950032753
GGA	G	4	0.00041212	-7.794195988887407	-0.0073251401929562	0.166666666666667	-0.6704039035426383
GGC	G	4	0.0002349188	-8.356270635444917	-0.4953118366963567	0.666666666666667	1.8008579054467448
GGG	G	4	0.0005665506	-7.475944161096692	0.2689774097457912	0.22	-0.4068026439171057
GGT	G	4	0.0002665382	-8.22999298504327	-0.3856790435449115	0.393333333333333	0.4499014498658787
CAC	H	2	0.001948674	-6.240606137711346	1.341483570251246	0.166666666666667	-0.6704039035426383
CAT	H	2	0.001779026	-6.331689255453016	1.2624062626263413	0.0983333333333333	-1.0081430174378558
ATA	I	3	0.0008258727	-7.0990699125431815	0.5961752662497348	0.0183333333333333	-1.403544906876157
ATC	I	3	0.000242373	-8.325032696111625	-0.46819141965889	0.5	0.977103969116949
ATT	I	3	0.0002096603	-8.470021956052767	-0.594069415438426	0.295	-0.0361133725686982
AAA	K	2	0.0001470805	-8.82453050202651	-0.9018496280694018	1.0	3.448365778106332
AAG	K	2	0.0003919346	-7.844415568827301	-0.0509251977026666	0.32	0.087449717880771
CTA	L	6	0.0004694291	-7.663993282433964	0.1057153411508624	0.166666666666667	-0.6704039035426383
CTC	L	6	0.0001903949	-8.566410221680039	-0.6777525909974436	0.166666666666667	-0.6704039035426383
CTG	L	6	0.0007560202	-7.187442462564983	0.5194512421172784	0.72	2.064459165072277
CTT	L	6	0.0001760656	-8.644653905098949	-0.7456828504882439	0.0983333333333333	-1.0081430174378558
TTA	L	6	0.0003579307	-7.935171165720708	-0.1297181555214397	0.166666666666667	-0.6704039035426383
TTG	L	6	0.0003218169	-8.041527807693605	-0.2220557599400346	0.22	-0.4068026439171057
AAC	N	2	0.0004338979	-7.742701304996525	0.0373819477949149	0.666666666666667	1.8008579054467448
AAT	N	2	0.0002754379	-8.197148363128042	-0.357163723303234	0.393333333333333	0.4499014498658787
CCA	P	4	0.0002472885	-8.304954886742186	-0.450760098165873	0.166666666666667	-0.6704039035426383
CCC	P	4	0.02033071	-3.895622728193709	3.3773709997489383	0.166666666666667	-0.6704039035426383
CCG	P	4	0.0001745707	-8.653180740782844	-0.7530857504455641	0.22	-0.4068026439171057
CCT	P	4	0.0001636193	-8.717968170093473	-0.809333446010332	0.0983333333333333	-1.0081430174378558
CAA	Q	2	0.0004527521	-7.700165822890139	0.0743107605858882	0.333333333333333	0.1533500327871527
CAG	Q	2	0.0001150464	-9.07017503271562	-1.1151153638204658	0.44	0.680552552038223
AGA	R	6	0.0005365252	-7.530397025887589	0.2217020633710684	0.166666666666667	-0.6704039035426383
AGG	R	6	0.006276316	-5.070972094837151	2.3569462960578904	0.22	-0.4068026439171057
CGA	R	6	0.001031396	-6.8768420545787095	0.7891109180235494	6.66666666666593e-05	-1.4938283382979023
CGC	R	6	0.001051716	-6.857332163090099	0.8060491797917622	0.48	0.8782534967573735
CGG	R	6	0.001164647	-6.755337242171394	0.8945999885216699	0.166666666666667	-0.6704039035426383
CGT	R	6	0.0001750105	-8.650664585840689	-0.7509012538744537	0.666666666666667	1.8008579054467448
AGC	S	6	0.0006551624	-7.330627414129502	0.3951397259674034	0.166666666666667	-0.6704039035426383
AGT	S	6	0.0007994849	-7.131542912672876	0.5679825837370172	0.0983333333333333	-1.0081430174378558
TCA	S	6	0.0001011552	-9.198854586873091	-1.2268334619866514	0.166666666666667	-0.6704039035426383
TCC	S	6	0.0001333764	-8.922335351677672	-0.9867626654668268	0.333333333333333	0.1533500327871527
TCG	S	6	0.0001693866	-8.68332688159057	-0.7792582806516276	0.22	-0.4068026439171057
TCT	S	6	0.0002158333	-8.441004207498857	-0.5688765423146956	0.196666666666667	-0.5221281950032753
ACA	T	4	0.0002705712	-8.214975278046888	-0.3726408443108699	0.166666666666667	-0.6704039035426383
ACC	T	4	0.0001836808	-8.60231108944186	-0.708921308476509	0.333333333333333	0.1533500327871527
ACG	T	4	0.0001853825	-8.593089299794595	-0.7009150575392367	0.386666666666667	0.4169512924126903
ACT	T	4	0.0002614404	-8.249304216306045	-0.4024448308065348	0.196666666666667	-0.5221281950032753
GTA	V	4	0.001330374	-6.622295173271111	1.010105571447806	0.833333333333333	2.6246118417765363
GTC	V	4	0.0003380108	-7.992432710329009	-0.1794319651750618	0.333333333333333	0.1533500327871527
GTG	V	4	0.0004575475	-7.689629853501542	0.0834579671498055	0.266666666666667	-0.1761515417447616
GTT	V	4	0.001059536	-6.849924202541523	0.812480685318773	0.196666666666667	-0.5221281950032753
TAC	Y	2	0.001045043	-6.863697246086573	0.800523088473745	0.5	0.977103969116949
TAT	Y	2	0.0002977838	-8.119142838119494	-0.2894402301852431	0.295	-0.0361133725686982
