nu	chi	eig_abs	sin_angle	res_gradient_normalised	res_max_normalised
0.01	0.1	0.000229298929375	0.0021478573877762312	1.3640637192360346e-10	6.350811403955958e-08
0.01	0.166666666667	0.000168368770204	0.0016148568600809576	3.764700680326465e-10	2.3312906384394523e-07
0.01	0.233333333333	0.000177420971824	0.0017513388509365726	6.585119851845917e-10	3.760048975287883e-07
0.01	0.3	0.000208994729036	0.002134272469027978	5.110946016134255e-10	2.394701176341891e-07
0.01	0.366666666667	0.000191796783235	0.002036188426642898	2.798707592637575e-10	1.374483407988985e-07
0.01	0.433333333333	9.89878156411e-05	0.001097126704221023	3.70176140013218e-10	3.374049812931818e-07
0.01	0.5	0.000206178337117	0.0023962691413724757	4.935746035352015e-10	2.05976237538937e-07
0.01	0.566666666667	0.000118727845923	0.001449632859468635	6.120586082408978e-10	4.2221629031315477e-07
0.01	0.633333333333	6.90474098769e-05	0.0008868949753137798	5.51102899612064e-10	6.213846227024638e-07
0.01	0.7	0.000155502041253	0.0021023770792828736	5.9188594084176e-11	2.8153176231363056e-08
0.01	0.766666666667	0.000123900393553	0.0017601091585053752	7.200136994467788e-11	4.090733046377371e-08
0.01	0.833333333333	0.000132775354565	0.0019782195186535518	6.555148151037691e-10	3.3136606373691855e-07
0.01	0.9	7.31783779806e-06	0.00011402137624220253	7.275284954850915e-10	6.380632469649254e-06
0.0137259659274	0.1	0.00023598051272	0.0022102100538725594	5.53139295274119e-10	2.502654242628708e-07
0.0137259659274	0.166666666667	0.00021301403289	0.0020427625475833715	4.199762460872378e-10	2.0559229783416485e-07
0.0137259659274	0.233333333333	0.000220027110561	0.00217139916535178	4.791504406331666e-10	2.2066432673797768e-07
0.0137259659274	0.3	5.55741936914e-08	5.666341950119169e-07	3.5455502391787894e-10	0.0006253299098006273
0.0137259659274	0.366666666667	0.00019303637228	0.0020481913432639	4.818094308832111e-10	2.3523653318220878e-07
0.0137259659274	0.433333333333	0.000139811761801	0.0015487395281126668	4.268138358124629e-10	2.755878752139742e-07
0.0137259659274	0.5	0.00012631118188	0.00146637263840967	9.69895478275925e-10	6.614249699365701e-07
0.0137259659274	0.566666666667	9.72185176925e-05	0.0011858333208427196	8.498521760092138e-10	7.166703380719774e-07
0.0137259659274	0.633333333333	8.7493418734e-09	1.1218583078646337e-07	5.543057533737125e-11	0.0004938520350256508
0.0137259659274	0.7	0.00010487160217	0.0014162213835038195	3.295922265950519e-10	2.3272643227204882e-07
0.0137259659274	0.766666666667	5.0552944201e-05	0.0007173022479363565	3.874911469191537e-10	5.402059434623627e-07
0.0137259659274	0.833333333333	6.42806526868e-05	0.00095674687891818	2.736465893360559e-10	2.8601774969517085e-07
0.0137259659274	0.9	4.50816028574e-05	0.0007021220666665338	1.5483026835210661e-10	2.2051759331136616e-07
0.018840214064	0.1	0.000234748532811	0.002198335581884186	2.4038705469145537e-10	1.093495599062277e-07
0.018840214064	0.166666666667	0.000239691470091	0.0022980334085671446	4.357727316003327e-11	1.8962854498796996e-08
0.018840214064	0.233333333333	0.000203086155603	0.0020032886342138444	3.736388904861547e-10	1.8651272433558998e-07
0.018840214064	0.3	0.000193540625219	0.0019743346674830704	6.350460164363267e-10	3.2165054011993026e-07
0.018840214064	0.366666666667	0.000133417961874	0.0014142643151289801	3.908601117629325e-10	2.7636984088461525e-07
0.018840214064	0.433333333333	5.07985723725e-05	0.0005619995697358941	1.3184390099242238e-10	2.3459781316930577e-07
0.018840214064	0.5	0.000174476974052	0.0020236783920094662	4.250376222816664e-11	2.1003219436091094e-08
0.018840214064	0.566666666667	0.000136535580801	0.0016636465109299222	1.661746131206053e-10	9.988577022153542e-08
0.018840214064	0.633333333333	2.81021867061e-05	0.00036009564880585854	2.681819928093976e-10	7.447515513441529e-07
0.018840214064	0.7	0.000113191721192	0.0015266926176230864	2.117482689422752e-10	1.3869736260532943e-07
0.018840214064	0.766666666667	0.000103401278347	0.0014657752848671384	2.0425350820353226e-10	1.393484266311949e-07
0.018840214064	0.833333333333	8.1781850998e-05	0.0012160846775080374	4.0946533947893733e-10	3.3670791767395745e-07
0.018840214064	0.9	0.000142586570808	0.0022197736784199907	4.692825988947727e-10	2.1141011061488153e-07
0.0258600136306	0.1	0.000169765254292	0.0015893762773474685	4.1329758364019914e-10	2.6003759432596856e-07
0.0258600136306	0.166666666667	0.000186346160977	0.0017857792230520694	2.376547903537603e-10	1.3308184308897116e-07
0.0258600136306	0.233333333333	0.000147459829757	0.0014535765502086803	3.5678095118879076e-10	2.4545040379027173e-07
0.0258600136306	0.3	0.000187031943348	0.0019063604652012778	2.2855860719928995e-10	1.1989263519093412e-07
0.0258600136306	0.366666666667	0.000126103393466	0.00133529046588279	7.02044117498821e-11	5.2576134963615144e-08
0.0258600136306	0.433333333333	0.000156957963538	0.0017348761879616397	5.0589013351105524e-11	2.916001366676439e-08
0.0258600136306	0.5	0.00014867587668	0.001721648680876411	7.748119708798158e-10	4.5004069615724103e-07
0.0258600136306	0.566666666667	0.000109792608873	0.0013354066362247852	2.660690544787992e-10	1.9924193444093343e-07
0.0258600136306	0.633333333333	0.000160251967463	0.002051048123170257	1.1623557742834327e-10	5.667130357792822e-08
0.0258600136306	0.7	7.26025603229e-05	0.0009773659816446584	9.594644039165257e-10	9.816838542937533e-07
0.0258600136306	0.766666666667	0.000104545376421	0.0014796119103645978	1.2923913897000342e-09	8.73465705288905e-07
0.0258600136306	0.833333333333	5.34308952904e-05	0.0007933154294357856	5.048868836846433e-10	6.364259960512633e-07
0.0258600136306	0.9	7.82927322461e-05	0.0012172619504158136	2.761151980469268e-11	2.2683301482692904e-08
0.0354953665976	0.1	0.000201303542871	0.001884164034360981	5.926906924940498e-11	3.14564274492726e-08
0.0354953665976	0.166666666667	5.61069641442e-09	5.352746235716238e-08	2.0014428810783136e-10	0.003725166643458714
0.0354953665976	0.233333333333	5.85966525251e-05	0.0005770589287000239	8.711215336516102e-11	1.5095882912869092e-07
0.0354953665976	0.3	0.000132849977904	0.0013524315161812534	1.249504907293243e-10	9.238951417084426e-08
0.0354953665976	0.366666666667	0.000173595021216	0.0018358096993220435	3.723278565238502e-10	2.0281393063130302e-07
0.0354953665976	0.433333333333	0.000137880044731	0.0015212313664426402	1.668960847157129e-10	1.0971116563000603e-07
0.0354953665976	0.5	3.11371100921e-05	0.0003596590044180929	3.0944843424754834e-10	8.603932174613096e-07
0.0354953665976	0.566666666667	0.0001667074605	0.0020235665554440767	3.6588622007986623e-10	1.8081251290633467e-07
0.0354953665976	0.633333333333	0.000117540615444	0.0015005295886774542	7.876431699906645e-10	5.249098468249641e-07
0.0354953665976	0.7	0.000114307961002	0.00153545462292081	2.8080895710759683e-10	1.8288323312230466e-07
0.0354953665976	0.766666666667	0.000133584083051	0.0018866800179683342	7.167346705336632e-10	3.798918690111548e-07
0.0354953665976	0.833333333333	0.000140439456213	0.0020819709126609644	3.405236866365389e-10	1.6355830375451284e-07
0.0354953665976	0.9	4.53975202226e-05	0.0007046987329524146	5.064758261004367e-10	7.187125539143505e-07
0.0487208192498	0.1	0.000172240409318	0.0016114866955739004	2.174025076204198e-10	1.3490801933903298e-07
0.0487208192498	0.166666666667	0.000171483969956	0.0016413252443231742	2.471246569528802e-10	1.5056409922872165e-07
0.0487208192498	0.233333333333	0.000164397815406	0.001617581178911371	5.020281848352103e-11	3.103573259873497e-08
0.0487208192498	0.3	0.000201591103321	0.0020495257487190394	5.3434274887559726e-11	2.6071531387666796e-08
0.0487208192498	0.366666666667	0.000129713442887	0.0013689293615825858	3.5077382585701893e-10	2.562394713847019e-07
0.0487208192498	0.433333333333	0.000151423073029	0.0016667812195433746	3.571800243487832e-10	2.142932399402546e-07
0.0487208192498	0.5	0.000100512101766	0.0011581144050321981	6.024771248046457e-10	5.202221894182609e-07
0.0487208192498	0.566666666667	0.000135368155192	0.0016379151405097744	3.4544807625088443e-10	2.1090718786772394e-07
0.0487208192498	0.633333333333	0.000149862081553	0.0019072748597186088	2.335582829630147e-10	1.224565414748207e-07
0.0487208192498	0.7	0.000129520107486	0.0017343526005778528	7.690009807093594e-10	4.4339367926288065e-07
0.0487208192498	0.766666666667	0.000128338751226	0.0018071470040084254	3.826818228860202e-10	2.117601617358359e-07
0.0487208192498	0.833333333333	4.7655803998e-05	0.0007043835973443488	5.546649177778548e-10	7.874466172977694e-07
0.0487208192498	0.9	1.18065406729e-05	0.00018287947461951954	1.0731252772645295e-09	5.867937227494583e-06
0.0668740304976	0.1	0.00015086019119	0.0014107060047891307	6.911679884631744e-11	4.8994474122656665e-08
0.0668740304976	0.166666666667	0.000230912894373	0.0022082394897504636	8.279756214580197e-10	3.749482903919914e-07
0.0668740304976	0.233333333333	0.000161105717137	0.001582906377896173	2.55436183024225e-10	1.6137163043320537e-07
0.0668740304976	0.3	0.000119393056531	0.00121118184453167	1.1779439166380176e-10	9.725574421019294e-08
0.0668740304976	0.366666666667	0.000161464920406	0.0016997833551750004	2.183195212790711e-10	1.2843961591599073e-07
0.0668740304976	0.433333333333	0.00015913303004	0.001746146676709176	8.367503267796002e-10	4.791981899003795e-07
0.0668740304976	0.5	0.000153363700615	0.001760913800051098	3.4252409384005953e-10	1.9451496934723336e-07
0.0668740304976	0.566666666667	0.000146414729625	0.0017643878075172036	3.3243041439898323e-10	1.8841119451327986e-07
0.0668740304976	0.633333333333	0.000131239130955	0.0016628980596918527	1.6164257197999733e-10	9.720534042234127e-08
0.0668740304976	0.7	0.000125907884203	0.0016786814840197943	1.3534573458452246e-10	8.062620870041899e-08
0.0668740304976	0.766666666667	0.000104105004039	0.0014598255392644257	1.1514896121024005e-10	7.887857078146173e-08
0.0668740304976	0.833333333333	0.000127635718724	0.0018805517163186572	6.026388905581637e-10	3.204585576289715e-07
0.0668740304976	0.9	3.12566886164e-05	0.0004828563777516247	8.104280306984001e-10	1.678401089468438e-06
0.0917910664037	0.1	0.00011106695214	0.0010378520057627541	2.2650952934100723e-10	2.1824839002410306e-07
0.0917910664037	0.166666666667	0.000189855425029	0.0018132310809562894	1.1824692869168407e-11	6.521338022630465e-09
0.0917910664037	0.233333333333	0.000114478041779	0.0011225319856002596	1.9384663078435234e-10	1.7268695526809007e-07
0.0917910664037	0.3	0.000214010761906	0.002165784015690612	2.417064857656483e-10	1.1160230383756636e-07
0.0917910664037	0.366666666667	0.000193898594173	0.00203441702691137	2.222276107732177e-10	1.0923403783922415e-07
0.0917910664037	0.433333333333	0.00010005489446	0.0010930406055656228	4.132237565592356e-10	3.7804977642656014e-07
0.0917910664037	0.5	0.000205084926747	0.0023436731481787845	6.897844750816491e-11	2.9431769341115895e-08
0.0917910664037	0.566666666667	0.000107781119862	0.0012915093877821952	5.712882561195778e-10	4.4234154356446844e-07
0.0917910664037	0.633333333333	0.000160650427795	0.0020240662893673835	5.97587553988181e-10	2.9524101097627673e-07
0.0917910664037	0.7	0.000154825796649	0.002052568863271184	2.459426378505257e-10	1.1982186919593346e-07
0.0917910664037	0.766666666667	2.8171269539e-05	0.000392744210139564	8.145379731564942e-10	2.0739612776133056e-06
0.0917910664037	0.833333333333	9.54237502684e-05	0.0013990609886364712	5.615629193520992e-10	4.0138542816223255e-07
0.0917910664037	0.9	0.000133562689857	0.002056424777347919	2.521640384341997e-10	1.2262252929981346e-07
0.125992104989	0.1	0.000210330768222	0.0019637901788756486	2.665179665962061e-10	1.3571611135605062e-07
0.125992104989	0.166666666667	0.000169193445417	0.0016131811095539451	2.5203727803896314e-10	1.5623617036484756e-07
0.125992104989	0.233333333333	0.000211627426869	0.002070295975859601	3.245056602955699e-11	1.5674360771571948e-08
0.125992104989	0.3	0.000157375870337	0.0015868812668211273	1.050506329213679e-10	6.619942847507896e-08
0.125992104989	0.366666666667	0.000119585774356	0.0012487847850930112	4.2904222345940897e-10	3.435676676845621e-07
0.125992104989	0.433333333333	0.000111350340556	0.0012097546665488848	4.114512082815075e-11	3.401112685610475e-08
0.125992104989	0.5	0.000172866671947	0.001962455657765272	9.411498803766706e-10	4.795774239781603e-07
0.125992104989	0.566666666667	0.000124086496472	0.0014762720701846266	4.868800413860676e-11	3.2980372328502565e-08
0.125992104989	0.633333333333	8.32709098583e-05	0.0010407505395995105	2.7196116308855004e-10	2.613125362329411e-07
0.125992104989	0.7	0.000102424631279	0.00134709492697318	9.573828107871909e-11	7.107017653885699e-08
0.125992104989	0.766666666667	0.000115627355124	0.0016009081525532958	6.97690461426275e-11	4.3580915613899286e-08
0.125992104989	0.833333333333	0.000143573317202	0.0020919837341385424	2.7958852795847583e-10	1.3364756302639589e-07
0.125992104989	0.9	9.56103543264e-05	0.0014643650947397113	6.353635196066881e-11	4.338832537880615e-08
0.17293633402	0.1	5.3077498785e-09	4.936207425933931e-08	1.269252931548515e-10	0.0025647172968251016
0.17293633402	0.166666666667	0.00022409081749	0.0021321485263363256	1.7030318477469378e-10	7.987397175586742e-08
0.17293633402	0.233333333333	0.000215653715591	0.0021027974091378746	5.195074360006738e-10	2.470553299124453e-07
0.17293633402	0.3	7.32991026531e-06	7.355054645617917e-05	4.5561572305086995e-11	6.194589473065108e-07
0.17293633402	0.366666666667	0.000212521467825	0.002206928171520652	2.429192219164317e-10	1.1007118324591668e-07
0.17293633402	0.433333333333	0.000178751399045	0.001928567614689119	2.0474515346029626e-10	1.0616435232252105e-07
0.17293633402	0.5	0.000191707679378	0.002158252222900188	2.570680974043728e-10	1.1910938613974094e-07
0.17293633402	0.566666666667	9.65886783581e-05	0.001138212974846315	6.136052458055337e-11	5.390952830144855e-08
0.17293633402	0.633333333333	0.000131886313031	0.0016322621968659563	6.015145570880988e-11	3.6851587696895585e-08
0.17293633402	0.7	6.30272197047e-05	0.0008203997689647153	3.128701734899681e-10	3.8136292330713757e-07
0.17293633402	0.766666666667	7.32782896367e-05	0.0010045777027413822	6.906164286657255e-10	6.874689255034988e-07
0.17293633402	0.833333333333	4.84852052645e-05	0.000700109907957018	7.573583689437443e-10	1.0817706767695693e-06
0.17293633402	0.9	0.000117668238571	0.0017900253949310638	3.1377807122677064e-10	1.7529249423632558e-07
0.237371822837	0.1	2.2412996668e-05	0.0002086639692366847	2.1631564970549448e-10	1.036669869248632e-06
0.237371822837	0.166666666667	0.000182795112643	0.0017343346446021496	2.885165868993381e-10	1.6635577672238844e-07
0.237371822837	0.233333333333	9.37395410453e-05	0.0009100202433917267	1.287707335614581e-09	1.4150315281066506e-06
0.237371822837	0.3	7.25812859447e-05	0.0007242352774799451	7.112235642474708e-11	9.820338588341761e-08
0.237371822837	0.366666666667	0.000191949142272	0.0019783951070838045	3.9525888088635723e-10	1.997875957655169e-07
0.237371822837	0.433333333333	0.000132912778913	0.0014207345046388907	1.7756260242059302e-11	1.2497943974812116e-08
0.237371822837	0.5	0.000165187766481	0.0018396447098597427	6.746047357588966e-10	3.667036818377224e-07
0.237371822837	0.566666666667	6.11393028236e-08	7.114032375965255e-07	1.370972577179949e-10	0.00019267671979000147
0.237371822837	0.633333333333	3.4207107397e-05	0.00041773098084515916	3.786883917245673e-10	9.065365249146702e-07
0.237371822837	0.7	0.00011085349679	0.0014244071898605792	8.07426983195225e-11	5.668512409532669e-08
0.237371822837	0.766666666667	2.36164051978e-05	0.0003196024418047108	2.464701907338073e-10	7.711768385433907e-07
0.237371822837	0.833333333333	0.000146752260405	0.002096186087474137	5.512123023370748e-10	2.62959553392864e-07
0.237371822837	0.9	0.000103018975425	0.001552735727666553	4.864024608757096e-10	3.1325505032246944e-07
0.325815755238	0.1	1.44056273059e-05	0.0001338562178728012	2.2182677882590178e-10	1.6571991554814808e-06
0.325815755238	0.166666666667	9.97166648919e-05	0.000942718771491088	3.962557339784882e-10	4.20332743340281e-07
0.325815755238	0.233333333333	0.000172539737364	0.0016665140693808314	4.507035330480651e-10	2.704468083633913e-07
0.325815755238	0.3	0.000200989428121	0.001991802430553614	2.98083212346852e-10	1.4965500984151369e-07
0.325815755238	0.366666666667	2.24153147294e-05	0.000228795822048316	6.352253290834928e-11	2.776384406994893e-07
0.325815755238	0.433333333333	0.00015606826016	0.001649554391743475	2.2290976689035202e-10	1.3513332328178063e-07
0.325815755238	0.5	0.000125894433583	0.0013832408536660547	1.0995993197359216e-11	7.949442187321264e-09
0.325815755238	0.566666666667	0.000107385528731	0.0012316699522496228	1.7969226917499222e-10	1.4589317749524656e-07
0.325815755238	0.633333333333	8.19154937455e-05	0.0009844449388932597	5.189201073059957e-10	5.2711920522099e-07
0.325815755238	0.7	4.81749441319e-05	0.0006085757883871352	2.3711212465663596e-10	3.896180708815861e-07
0.325815755238	0.766666666667	0.000127860772168	0.0017034244550591866	7.68354728056616e-10	4.51064547768478e-07
0.325815755238	0.833333333333	3.58056219801e-05	0.0005036745170971022	3.3374076365844025e-10	6.626119692970276e-07
0.325815755238	0.9	0.000104489969069	0.0015560365633033458	2.8818679736870195e-10	1.852056377024227e-07
0.4472135955	0.1	5.65498436541e-05	0.0005242315402514845	1.1674814794039828e-10	2.2270340293602295e-07
0.4472135955	0.166666666667	0.000178606139469	0.0016815601385939576	7.830895042686207e-10	4.656922379971517e-07
0.4472135955	0.233333333333	0.000227424423029	0.0021829464360717857	1.6714366346722853e-10	7.65679120236053e-08
0.4472135955	0.3	0.000200641624153	0.00197120458693906	1.7164076958503115e-10	8.707405143144456e-08
0.4472135955	0.366666666667	9.2849422325e-05	0.0009374213180752546	1.0913208344159489e-10	1.1641732627295974e-07
0.4472135955	0.433333333333	0.000134931980149	0.00140668577826669	3.781301137810708e-10	2.6880915267527974e-07
0.4472135955	0.5	0.000159560233703	0.0017253341330328122	3.517563235441405e-10	2.038771766548971e-07
0.4472135955	0.566666666667	0.000156843087863	0.0017667641882124876	2.0063975704860732e-12	1.1356340500177521e-09
0.4472135955	0.633333333333	0.000112662973392	0.0013275458204633382	2.6617345049839864e-10	2.0050034660018747e-07
0.4472135955	0.7	0.000146238838387	0.0018106199524542375	8.691595826057788e-11	4.800342454128272e-08
0.4472135955	0.766666666667	5.98500295919e-05	0.0007810442509360031	1.3622617688404297e-10	1.7441544025295564e-07
0.4472135955	0.833333333333	0.000115100542543	0.0015899398776543536	2.4430519888851666e-10	1.536568550691192e-07
0.4472135955	0.9	0.000105328225319	0.0015444626031414438	4.3261474928069416e-10	2.801068975204572e-07
0.613843857409	0.1	0.000189826280601	0.0017549496555412014	2.428036224447104e-10	1.3835361127201866e-07
0.613843857409	0.166666666667	0.000120372590625	0.001127552572260164	2.6370293022844883e-10	2.3387196013384977e-07
0.613843857409	0.233333333333	8.09980964245e-10	7.746913825403878e-09	3.38559154214253e-11	0.004370245517693008
0.613843857409	0.3	0.000169943274126	0.0016527023412085215	4.224864708013182e-10	2.556336687286428e-07
0.613843857409	0.366666666667	7.11687746043e-05	0.0007092430990428651	4.058344543953492e-10	5.72207829646886e-07
0.613843857409	0.433333333333	0.000133385630838	0.001368632506384416	2.0079259354546715e-10	1.4671035734607648e-07
0.613843857409	0.5	0.000137192263988	0.001455751008207469	1.4336357461151505e-10	9.848083484279705e-08
0.613843857409	0.566666666667	8.02407829969e-05	0.0008844517961945903	6.720768612615299e-10	7.598790046626448e-07
0.613843857409	0.633333333333	6.2439490759e-05	0.0007185197557093819	3.252595227773126e-10	4.5267979475077305e-07
0.613843857409	0.7	0.000143483776634	0.0017333027047394009	3.4175722151392383e-10	1.9717107300116307e-07
0.613843857409	0.766666666667	8.08159012787e-05	0.0010291991334644912	1.3331061525658962e-10	1.2952847865341488e-07
0.613843857409	0.833333333333	6.524589216e-05	0.0008806369006287706	1.1896900893972365e-10	1.3509428103089973e-07
0.613843857409	0.9	9.50341788263e-05	0.0013669471494754417	4.318570353239679e-10	3.1592801452049915e-07
0.842559987153	0.1	8.51964726813e-05	0.0007850332422817292	1.299652306246879e-10	1.6555376525292835e-07
0.842559987153	0.166666666667	0.000159420098101	0.0014849071232665664	2.103903205965841e-10	1.4168582498576195e-07
0.842559987153	0.233333333333	0.000138423196259	0.0013075918155014473	3.4887765975796443e-10	2.668092309375564e-07
0.842559987153	0.3	0.000195626838013	0.0018811490541866057	1.5142061001412942e-10	8.049368000751143e-08
0.842559987153	0.366666666667	9.01545352019e-05	0.0008856003668440874	3.5770817037515646e-10	4.0391585108063983e-07
0.842559987153	0.433333333333	0.000151404552481	0.0015263298717142799	2.808670231497085e-10	1.8401459387715765e-07
0.842559987153	0.5	0.000154350812378	0.001603951531768351	4.664086167964788e-13	2.9078722614658124e-10
0.842559987153	0.566666666667	0.000153787770292	0.001655472493239298	2.045845662733241e-11	1.2358077051042338e-08
0.842559987153	0.633333333333	0.00013413360289	0.0015036616731129767	5.7189406014957e-10	3.8033412227284704e-07
0.842559987153	0.7	0.000145072886332	0.001703792163232007	2.008865855455376e-11	1.1790556824483877e-08
0.842559987153	0.766666666667	8.77396848598e-05	0.0010859908518861558	7.980263758593522e-11	7.348370530298666e-08
0.842559987153	0.833333333333	0.000110814760867	0.001456355616371439	5.332312630529704e-10	3.661407020517868e-07
0.842559987153	0.9	0.000100441679925	0.0014121692123810028	1.739623928628663e-10	1.2318804992177053e-07
1.15649496754	0.1	2.34864118505e-05	0.0002156347732139813	4.176494740262915e-10	1.93683355835345e-06
1.15649496754	0.166666666667	0.000169580695566	0.0015698171727185253	7.181493545323545e-10	4.574730347450193e-07
1.15649496754	0.233333333333	0.000128973750725	0.0012073424346716697	4.629145879967221e-10	3.834161499695894e-07
1.15649496754	0.3	8.1459859915e-05	0.0007736962657628513	2.8915871854363916e-11	3.7373673796723524e-08
1.15649496754	0.366666666667	0.000155388622713	0.0015033199670670782	6.952347226141319e-11	4.624662119124594e-08
1.15649496754	0.433333333333	0.00013809144264	0.001366078140077084	6.58384568118941e-10	4.819521164228235e-07
1.15649496754	0.5	0.000147494467541	0.0014988363977030805	9.881636029530192e-11	6.592871238775592e-08
1.15649496754	0.566666666667	9.05680620524e-05	0.0009499658834336168	2.0876537192257632e-10	2.1976091516887062e-07
1.15649496754	0.633333333333	0.000111797639139	0.001217766086699666	1.4699064175975694e-10	1.207051383863041e-07
1.15649496754	0.7	0.000111598560016	0.0012706597947799827	2.161336492862016e-10	1.7009560715944868e-07
1.15649496754	0.766666666667	4.67521519339e-05	0.0005604987301494615	4.336908059741581e-11	7.737587663374562e-08
1.15649496754	0.833333333333	4.50140067226e-05	0.0005736301122245665	1.0691172311706834e-10	1.8637742495164298e-07
1.15649496754	0.9	5.89001446781e-05	0.0008067034173133597	6.469245139262381e-10	8.019353597002318e-07
1.58740105197	0.1	0.000186541055048	0.0017065217420592835	1.4532418956375745e-10	8.515811642274097e-08
1.58740105197	0.166666666667	5.10892790862e-05	0.0004698552128900063	7.260447946055895e-10	1.5452497977392564e-06
1.58740105197	0.233333333333	6.49998841739e-05	0.0006027930274321561	5.558179106343402e-11	9.22070902183581e-08
1.58740105197	0.3	0.000216034048268	0.0020271900676956407	2.7974625342200823e-10	1.3799705211657978e-07
1.58740105197	0.366666666667	5.62961150849e-05	0.0005360693080918467	4.1378655348164896e-10	7.718900284639191e-07
1.58740105197	0.433333333333	0.000121642502188	0.0011805932673992286	1.3558787838031345e-10	1.1484722685833456e-07
1.58740105197	0.5	0.000161087912113	0.0016005221771642612	1.3219808825578288e-10	8.259684196995091e-08
1.58740105197	0.566666666667	0.000107582949908	0.001099506944506609	2.1986424274749358e-10	1.999662156260005e-07
1.58740105197	0.633333333333	5.68372309802e-05	0.0006010801084282906	1.1169276439442672e-11	1.8582009411525184e-08
1.58740105197	0.7	0.00010809233391	0.0011921078955346102	1.2296639921513007e-10	1.0315038344407037e-07
1.58740105197	0.766666666667	6.35854694646e-05	0.0007374695183407181	2.3322046504844145e-10	3.16244209758228e-07
1.58740105197	0.833333333333	7.56849933128e-05	0.0009339825404568571	9.199665922582775e-11	9.849932539340485e-08
1.58740105197	0.9	7.38632584517e-05	0.0009841949534400852	8.727750247653884e-11	8.867907159225658e-08
2.17886127524	0.1	0.000167081434516	0.001522850037788281	2.0429483171177354e-10	1.341529544225393e-07
2.17886127524	0.166666666667	0.000218439837406	0.001996653624570709	9.137703220551569e-11	4.576508968858443e-08
2.17886127524	0.233333333333	0.000160103557195	0.0014715631255096395	6.188450748605932e-10	4.205356901694794e-07
2.17886127524	0.3	0.000201166286284	0.0018651288352391777	5.4322976934649105e-12	2.912558956158271e-09
2.17886127524	0.366666666667	0.000100694142321	0.0009446179215087257	5.786839711521176e-11	6.126116792574235e-08
2.17886127524	0.433333333333	0.000109355362868	0.001042082282350519	4.5248712243990523e-11	4.342143898841424e-08
2.17886127524	0.5	5.75109615961e-05	0.0005589924462890987	2.797919115403402e-10	5.005289667110063e-07
2.17886127524	0.566666666667	7.04453552379e-05	0.0007020791215676552	1.9336527792351899e-10	2.7541799595960235e-07
2.17886127524	0.633333333333	0.000110671217392	0.0011381046718908726	2.4516167340998363e-10	2.154122370859497e-07
2.17886127524	0.7	8.93622634859e-05	0.0009552826067254872	5.145782385257167e-11	5.386659768564041e-08
2.17886127524	0.766666666667	8.11311948707e-05	0.0009106460616577396	3.1445677965457997e-10	3.453117439306145e-07
2.17886127524	0.833333333333	4.88333034577e-05	0.0005832136728076667	3.356625448161068e-11	5.755395671712968e-08
2.17886127524	0.9	6.57666453177e-05	0.0008523170012666515	5.146340879283003e-11	6.038059267732281e-08
2.99069756244	0.1	0.000154731490823	0.0014053836115433043	4.3031159739019893e-10	3.061879063478268e-07
2.99069756244	0.166666666667	0.000199604265068	0.0018137198904366002	3.7926467730538187e-10	2.0910869423532844e-07
2.99069756244	0.233333333333	0.00014290862122	0.0013024791909401195	9.125261214114047e-13	7.006070631450381e-10
2.99069756244	0.3	9.99647513168e-05	0.0009164874118498306	6.382516555384939e-11	6.964107169243623e-08
2.99069756244	0.366666666667	9.85782541233e-05	0.0009121014377349898	9.557170235434406e-11	1.0478186787808885e-07
2.99069756244	0.433333333333	0.000146271028752	0.0013709750662755785	3.6567225471155913e-10	2.667242196497071e-07
2.99069756244	0.5	1.85940285391e-09	1.7996431644651153e-08	2.780168964468817e-10	0.015448445666144771
2.99069756244	0.566666666667	4.90923121798e-05	0.0004782725432220425	2.489472503545459e-10	5.205130930099547e-07
2.99069756244	0.633333333333	9.86182080093e-05	0.0009884089692729979	9.150383046475924e-11	9.257688349481831e-08
2.99069756244	0.7	9.05901085286e-05	0.0009412959162155519	5.435442812888925e-10	5.774421816348645e-07
2.99069756244	0.766666666667	8.78622164656e-05	0.0009567158494337041	1.5640546612516472e-10	1.6348162959539522e-07
2.99069756244	0.833333333333	5.43840750391e-05	0.0006300315293376108	4.6282115923725554e-11	7.345999964856468e-08
2.99069756244	0.9	2.77900154173e-05	0.0003508224304758028	1.207663298176702e-10	3.442376477512104e-07
4.10502128412	0.1	7.22425700813e-05	0.0006540900869687914	2.241824069896559e-10	3.427392260177269e-07
4.10502128412	0.166666666667	0.000236196688669	0.002135038216208819	3.930040027042549e-10	1.8407348748093766e-07
4.10502128412	0.233333333333	0.000192421957088	0.0017408289734143268	9.507100251445834e-11	5.461248564580684e-08
4.10502128412	0.3	0.000225490939017	0.0020477417810573152	1.4118520344850532e-10	6.894677591690407e-08
4.10502128412	0.366666666667	0.000119316399081	0.0010908121874370561	1.9772226474064132e-10	1.8126147762042745e-07
4.10502128412	0.433333333333	5.96600497067e-05	0.0005510484891248413	4.749322127942123e-10	8.618700934077245e-07
4.10502128412	0.5	8.94840227468e-05	0.0008386660258544225	2.4072384585015797e-10	2.8703183201550523e-07
4.10502128412	0.566666666667	0.000119296618268	0.0011401979388797748	4.741662369521805e-12	4.158630890159658e-09
4.10502128412	0.633333333333	6.69857045138e-05	0.0006567446977570569	8.041630331536305e-11	1.2244682536456604e-07
4.10502128412	0.7	8.09429025079e-05	0.0008208903973560809	1.435720280945371e-10	1.7489792615062017e-07
4.10502128412	0.766666666667	7.3091182111e-05	0.0007753427961266718	1.0777268511722878e-11	1.3900004508661302e-08
4.10502128412	0.833333333333	6.72702137548e-05	0.0007591352053079582	6.818297958282935e-11	8.98166480833537e-08
4.10502128412	0.9	7.22099879778e-07	8.913472430043432e-06	8.74625919067741e-11	9.81240393047897e-06
5.6345382277	0.1	0.000111669849962	0.0010084058146233124	1.1620966067358635e-11	1.1524096514435993e-08
5.6345382277	0.166666666667	0.000119749153509	0.001077499102646797	9.060920514804162e-10	8.409206906095011e-07
5.6345382277	0.233333333333	9.75585739834e-05	0.0008769495132551356	2.0532855174575637e-10	2.3413948074169077e-07
5.6345382277	0.3	0.000124424722736	0.0011205441886648268	1.6174243067868747e-10	1.4434273004892916e-07
5.6345382277	0.366666666667	0.000107000667892	0.0009683921152248671	6.11488662073945e-10	6.314473780406125e-07
5.6345382277	0.433333333333	0.000164021979533	0.001497311828248414	4.142007606579791e-10	2.7662951581860117e-07
5.6345382277	0.5	8.46507585263e-05	0.0007824346935630492	6.912538744848622e-11	8.834652657553208e-08
5.6345382277	0.566666666667	0.000127986157673	0.001204184711319976	3.0619974507185443e-10	2.542796502339307e-07
5.6345382277	0.633333333333	8.69618965649e-05	0.0008378617253153987	3.433088059712117e-10	4.0974398948941006e-07
5.6345382277	0.7	5.6107141725e-05	0.000558151154780184	3.9467695397115493e-10	7.071143211104949e-07
5.6345382277	0.766666666667	7.28940164589e-05	0.0007576515881057591	2.340180198149596e-10	3.0887286912449983e-07
5.6345382277	0.833333333333	6.31647981482e-05	0.000698301428541536	2.594917472910992e-11	3.716041913164182e-08
5.6345382277	0.9	1.39607484549e-05	0.00016947420339912358	3.337156282476686e-11	1.9691230632253287e-07
7.73394797299	0.1	0.000247058664205	0.0022262814537502233	2.7396308543735344e-10	1.230586029344386e-07
7.73394797299	0.166666666667	0.000201012101866	0.0018021876410862457	5.767936965221775e-10	3.20051965384982e-07
7.73394797299	0.233333333333	0.000140562626317	0.0012570623776288357	3.009520447013458e-10	2.394089983577616e-07
7.73394797299	0.3	0.000178676549286	0.0015985701164842787	1.8134781281974387e-10	1.1344376511840503e-07
7.73394797299	0.366666666667	3.08267479812e-05	0.00027670153005887675	1.4247261296302953e-10	5.148963684180355e-07
7.73394797299	0.433333333333	0.000152267492558	0.0013767558132377412	2.304334567888277e-10	1.673742391883665e-07
7.73394797299	0.5	4.16192033614e-09	3.845949262400483e-08	4.160768342760006e-10	0.010818573150294306
7.73394797299	0.566666666667	6.73719659962e-05	0.0006261160816997991	3.4319638596400853e-10	5.481353953284325e-07
7.73394797299	0.633333333333	9.29828001331e-05	0.0008841516124399149	5.102624711904318e-11	5.7712097627010854e-08
7.73394797299	0.7	5.95060495914e-05	0.000583769041458936	2.1798070127207472e-11	3.73402297469055e-08
7.73394797299	0.766666666667	6.7937936811e-05	0.0006961070579382493	2.2073725278883882e-10	3.1710244892879697e-07
7.73394797299	0.833333333333	1.83899797872e-05	0.00020045829319394152	1.0574940785215896e-10	5.275382034199374e-07
7.73394797299	0.9	4.0732787758e-05	0.000489540421524915	9.476258582094787e-11	1.9357455137644833e-07
10.6155906361	0.1	0.000180868771882	0.001626944466359937	7.274925799592447e-11	4.471526609982481e-08
10.6155906361	0.166666666667	2.56782698145e-06	2.295132122642073e-05	2.9190494289810015e-10	1.2718275670968369e-05
10.6155906361	0.233333333333	5.16402254291e-09	4.6080040264039836e-08	9.227258842702425e-11	0.002002441575534655
10.6155906361	0.3	9.17037405493e-05	0.0008160648621567279	2.527176280054261e-10	3.096783598028399e-07
10.6155906361	0.366666666667	9.99567986618e-05	0.0008916378109409987	2.9518544788253694e-10	3.310598140415446e-07
10.6155906361	0.433333333333	9.2955827995e-05	0.0008342044149807461	1.0236958007819669e-10	1.227152221204193e-07
10.6155906361	0.5	0.000116946390198	0.0010605076824152157	1.2474422644407542e-10	1.176268956015303e-07
10.6155906361	0.566666666667	0.000101591436192	0.0009357962451497347	2.980394276186332e-10	3.184874209974372e-07
10.6155906361	0.633333333333	8.15484767008e-05	0.0007681609148805121	2.1234954019275385e-10	2.7643887638540545e-07
10.6155906361	0.7	3.6824391789e-05	0.00035787252857391366	3.217931650561242e-10	8.991837577990071e-07
10.6155906361	0.766666666667	4.02206772262e-05	0.0004085245327534264	2.434645648076124e-10	5.959603406714757e-07
10.6155906361	0.833333333333	3.26178514454e-05	0.00035320836492622453	1.1351692708014216e-10	3.2138799177038945e-07
10.6155906361	0.9	3.0251851612e-05	0.000362455206428144	3.2632313682930426e-11	9.00313007074978e-08
14.5709235371	0.1	6.49064112486e-05	0.0005830246338105248	2.2135094970455345e-10	3.7965968651761895e-07
14.5709235371	0.166666666667	0.000207436182403	0.0018501676842201042	8.096262703470297e-10	4.375961580413773e-07
14.5709235371	0.233333333333	0.000235038659424	0.0020869332379005144	5.647569563048992e-10	2.706156542127719e-07
14.5709235371	0.3	0.000165266654389	0.0014648916190627577	4.5186925330840395e-11	3.084659966841174e-08
14.5709235371	0.366666666667	0.00012450359059	0.0011052652339423887	4.371970870934107e-12	3.955585262860076e-09
14.5709235371	0.433333333333	0.00018053889344	0.0016114530859568225	6.749453926015195e-11	4.1884271933412285e-08
14.5709235371	0.5	5.20304243502e-05	0.00046888943083618384	7.791529698989388e-11	1.6616984499687382e-07
14.5709235371	0.566666666667	9.41754410336e-05	0.0008619264513562128	5.147652209324096e-10	5.972263876139822e-07
14.5709235371	0.633333333333	7.23845213319e-05	0.0006775272239571846	1.1232626342070629e-10	1.6578853339980048e-07
14.5709235371	0.7	5.02433783983e-05	0.0004855869869857636	7.84982363480894e-11	1.61656383823957e-07
14.5709235371	0.766666666667	3.06870310038e-05	0.00031046604703294554	2.524983479619747e-10	8.132881207946728e-07
14.5709235371	0.833333333333	4.85324209371e-05	0.0005253217810992275	6.706655735719168e-11	1.2766757399028069e-07
14.5709235371	0.9	3.34826400413e-05	0.00040331195287584783	5.220017174538907e-11	1.29428757608021e-07
20.0	0.1	0.000157007910596	0.001408939666455841	1.7389807914978274e-10	1.2342478765412276e-07
20.0	0.166666666667	0.000162274990611	0.0014448262925773733	1.7675826600652052e-10	1.2233875123273285e-07
20.0	0.233333333333	0.000195376959204	0.0017305336772815124	1.0187813639432836e-10	5.887093544135371e-08
20.0	0.3	2.36153138692e-05	0.0002086494773203476	5.65091129164862e-10	2.7083202219075098e-06
20.0	0.366666666667	5.87193464824e-08	5.18838339703148e-07	4.5221345539893465e-10	0.0008708293510220421
20.0	0.433333333333	0.000151432200408	0.0013460153991422556	6.728096615659565e-10	4.998526210688448e-07
20.0	0.5	9.96196066691e-05	0.0008938748852239128	3.832702246870617e-12	4.287739045169098e-09
20.0	0.566666666667	0.000133620452176	0.0012176009912316613	4.617460739135417e-10	3.7922595508103843e-07
20.0	0.633333333333	7.26643765187e-05	0.0006773889270289084	8.932722139328519e-11	1.3186989932875202e-07
20.0	0.7	4.64193579243e-05	0.00044730951668237295	1.6970647192302377e-10	3.793938326680617e-07
20.0	0.766666666667	4.77683305671e-05	0.0004830638423128326	7.907945731919915e-11	1.6370391953776186e-07
20.0	0.833333333333	3.83658837936e-05	0.0004169896985301002	1.0158073374979205e-10	2.436048405087903e-07
20.0	0.9	2.94459720566e-05	0.0003594803639743222	1.6806192123418236e-10	4.675134946903165e-07
