alpha	R	throughput	eps	accuracy	j	j_crit	j_over_jcrit	on_front
0.0	0.10559523809523809	0.3444047619047619	1.0	-1.0	0.12054166666666664	0.16491548047478125	0.7309299667904723	False
0.0	0.1257142857142857	0.3242857142857143	1.0	-1.0	0.11349999999999999	0.20380262851831912	0.5569113648099875	False
0.0	0.14583333333333331	0.30416666666666664	1.0	-1.0	0.10645833333333332	0.24327266495805228	0.4376091056169012	False
0.0	0.16595238095238093	0.284047619047619	1.0	-1.0	0.09941666666666664	0.28313917646107756	0.35112296330470255	False
0.0	0.18607142857142855	0.2639285714285714	1.0	-1.0	0.09237499999999998	0.32327512167157857	0.28574732111258944	False
0.0	0.20619047619047617	0.24380952380952378	1.0	-1.0	0.08533333333333332	0.3635913152033327	0.23469574152400202	False
0.0	0.2263095238095238	0.22369047619047616	1.0	-1.0	0.07829166666666665	0.4040237759613656	0.1937798499119844	False
0.0	0.24642857142857139	0.20357142857142857	1.0	-1.0	0.07125	0.4445258882626736	0.16028312834256764	False
0.0	0.26654761904761903	0.18345238095238092	1.0	-1.0	0.06420833333333333	0.4850633369835424	0.13237102959094976	False
0.0	0.2866666666666666	0.16333333333333333	1.0	-1.0	0.057166666666666664	0.5256107202753384	0.10876236815854937	False
0.0	0.3067857142857143	0.14321428571428568	1.0	-1.0	0.05012499999999999	0.5661492176490285	0.08853672925337125	False
0.0	0.32690476190476186	0.12309523809523809	1.0	-1.0	0.04308333333333333	0.6066649443412278	0.07101668513270888	False
0.0	0.34702380952380946	0.1029761904761905	1.0	-1.0	0.03604166666666667	0.6471477647032196	0.055693102305924364	False
0.0	0.3671428571428571	0.08285714285714285	1.0	-1.0	0.028999999999999995	0.6875904201676329	0.042176271148352915	False
0.0	0.3872619047619047	0.06273809523809526	1.0	-1.0	0.02195833333333334	0.7279878774416804	0.0301630480585749	False
0.0	0.40738095238095234	0.04261904761904761	1.0	-1.0	0.014916666666666663	0.7683368338230746	0.019414228252529062	False
0.0	0.42749999999999994	0.02250000000000002	1.0	-1.0	0.007875000000000007	0.8086353365574098	0.009738629570068156	False
0.04	0.08547619047619047	0.36052380952380947	0.8869204367171575	-0.8869204367171575	0.11191457710642663	0.12689615129660622	0.881938309104728	False
0.04	0.10559523809523809	0.3404047619047619	0.8869204367171575	-0.8869204367171575	0.10566917903120998	0.16491548047478125	0.6407474830561394	False
0.04	0.1257142857142857	0.3202857142857143	0.8869204367171575	-0.8869204367171575	0.09942378095599334	0.20380262851831912	0.48784346737243617	False
0.04	0.14583333333333331	0.30016666666666664	0.8869204367171575	-0.8869204367171575	0.09317838288077669	0.24327266495805228	0.38302035658976946	False
0.04	0.16595238095238093	0.280047619047619	0.8869204367171575	-0.8869204367171575	0.08693298480556003	0.28313917646107756	0.30703269640084757	False
0.04	0.18607142857142855	0.2599285714285714	0.8869204367171575	-0.8869204367171575	0.08068758673034339	0.32327512167157857	0.24959417326371147	False
0.04	0.20619047619047617	0.23980952380952378	0.8869204367171575	-0.8869204367171575	0.07444218865512674	0.3635913152033327	0.20474138281739793	False
0.04	0.2263095238095238	0.21969047619047616	0.8869204367171575	-0.8869204367171575	0.06819679057991009	0.4040237759613656	0.16879400331734767	False
0.04	0.24642857142857139	0.19957142857142857	0.8869204367171575	-0.8869204367171575	0.06195139250469345	0.4445258882626736	0.1393650946783237	False
0.04	0.26654761904761903	0.17945238095238092	0.8869204367171575	-0.8869204367171575	0.05570599442947678	0.4850633369835424	0.11484272296458228	False
0.04	0.2866666666666666	0.15933333333333333	0.8869204367171575	-0.8869204367171575	0.049460596354260145	0.5256107202753384	0.09410119399457924	False
0.04	0.3067857142857143	0.13921428571428568	0.8869204367171575	-0.8869204367171575	0.043215198279043486	0.5661492176490285	0.07633181665161953	False
0.04	0.32690476190476186	0.11909523809523809	0.8869204367171575	-0.8869204367171575	0.03696980020382684	0.6066649443412278	0.06093940411205403	False
0.04	0.34702380952380946	0.0989761904761905	0.8869204367171575	-0.8869204367171575	0.030724402128610197	0.6471477647032196	0.04747664104611462	False
0.04	0.3671428571428571	0.07885714285714285	0.8869204367171575	-0.8869204367171575	0.02447900405339354	0.6875904201676329	0.035601141806812286	False
0.04	0.3872619047619047	0.058738095238095256	0.8869204367171575	-0.8869204367171575	0.0182336059781769	0.7279878774416804	0.02504657913021032	False
0.04	0.40738095238095234	0.03861904761904761	0.8869204367171575	-0.8869204367171575	0.011988207902960242	0.7683368338230746	0.015602802540793943	False
0.04	0.42749999999999994	0.018500000000000016	0.8869204367171575	-0.8869204367171575	0.005742809827743599	0.8086353365574098	0.00710185366396721	False
0.08	0.08547619047619047	0.35652380952380947	0.7866278610665534	-0.7866278610665534	0.09815804659675473	0.12689615129660622	0.7735305255028638	False
0.08	0.10559523809523809	0.3364047619047619	0.7866278610665534	-0.7866278610665534	0.09261887540841109	0.16491548047478125	0.5616141986293052	False
0.08	0.1257142857142857	0.3162857142857143	0.7866278610665534	-0.7866278610665534	0.08707970422006744	0.20380262851831912	0.4272746865590114	False
0.08	0.14583333333333331	0.29616666666666663	0.7866278610665534	-0.7866278610665534	0.08154053303172379	0.24327266495805228	0.33518164914164894	False
0.08	0.16595238095238093	0.276047619047619	0.7866278610665534	-0.7866278610665534	0.07600136184338015	0.28313917646107756	0.2684240407608442	False
0.08	0.18607142857142855	0.2559285714285714	0.7866278610665534	-0.7866278610665534	0.0704621906550365	0.32327512167157857	0.2179635422939239	False
0.08	0.20619047619047617	0.23580952380952377	0.7866278610665534	-0.7866278610665534	0.06492301946669286	0.3635913152033327	0.17856042416850823	False
0.08	0.2263095238095238	0.21569047619047615	0.7866278610665534	-0.7866278610665534	0.059383848278349215	0.4040237759613656	0.14698107342085664	False
0.08	0.24642857142857139	0.19557142857142856	0.7866278610665534	-0.7866278610665534	0.05384467709000557	0.4445258882626736	0.12112832685728386	False
0.08	0.26654761904761903	0.17545238095238092	0.7866278610665534	-0.7866278610665534	0.04830550590166192	0.4850633369835424	0.09958597613676348	False
0.08	0.2866666666666666	0.15533333333333332	0.7866278610665534	-0.7866278610665534	0.04276633471331828	0.5256107202753384	0.08136503511746367	False
0.08	0.3067857142857143	0.13521428571428568	0.7866278610665534	-0.7866278610665534	0.03722716352497463	0.5661492176490285	0.06575503836172882	False
0.08	0.32690476190476186	0.11509523809523808	0.7866278610665534	-0.7866278610665534	0.031687992336630985	0.6066649443412278	0.052233102690712914	False
0.08	0.34702380952380946	0.09497619047619049	0.7866278610665534	-0.7866278610665534	0.026148821148287347	0.6471477647032196	0.0404062604778974	False
0.08	0.3671428571428571	0.07485714285714284	0.7866278610665534	-0.7866278610665534	0.020609649959943695	0.6875904201676329	0.029973730516662973	False
0.08	0.3872619047619047	0.05473809523809525	0.7866278610665534	-0.7866278610665534	0.015070478771600053	0.7279878774416804	0.02070155182330953	False
0.08	0.40738095238095234	0.034619047619047605	0.7866278610665534	-0.7866278610665534	0.0095313075832564	0.7683368338230746	0.012405116042440288	False
0.08	0.42749999999999994	0.014500000000000013	0.7866278610665534	-0.7866278610665534	0.003992136394912762	0.8086353365574098	0.004936880957872086	False
0.12	0.08547619047619047	0.35252380952380946	0.697676326071031	-0.697676326071031	0.08608163069839736	0.12689615129660622	0.6783628173023997	False
0.12	0.10559523809523809	0.33240476190476187	0.697676326071031	-0.697676326071031	0.08116882656898053	0.16491548047478125	0.492184398549491	False
0.12	0.1257142857142857	0.3122857142857143	0.697676326071031	-0.697676326071031	0.07625602243956368	0.20380262851831912	0.37416603992773967	False
0.12	0.14583333333333331	0.29216666666666663	0.697676326071031	-0.697676326071031	0.07134321831014684	0.24327266495805228	0.29326442542341785	False
0.12	0.16595238095238093	0.272047619047619	0.697676326071031	-0.697676326071031	0.06643041418073	0.28313917646107756	0.23462106166668892	False
0.12	0.18607142857142855	0.2519285714285714	0.697676326071031	-0.697676326071031	0.06151761005131314	0.32327512167157857	0.19029490959038312	False
0.12	0.20619047619047617	0.23180952380952377	0.697676326071031	-0.697676326071031	0.05660480592189631	0.3635913152033327	0.1556825027304103	False
0.12	0.2263095238095238	0.21169047619047615	0.697676326071031	-0.697676326071031	0.051692001792479465	0.4040237759613656	0.1279429698647796	False
0.12	0.24642857142857139	0.19157142857142856	0.697676326071031	-0.697676326071031	0.04677919766306262	0.4445258882626736	0.10523391077601413	False
0.12	0.26654761904761903	0.1714523809523809	0.697676326071031	-0.697676326071031	0.041866393533645775	0.4850633369835424	0.08631118936755727	False
0.12	0.2866666666666666	0.15133333333333332	0.697676326071031	-0.697676326071031	0.03695358940422894	0.5256107202753384	0.0703060040040108	False
0.12	0.3067857142857143	0.13121428571428567	0.697676326071031	-0.697676326071031	0.032040785274812085	0.5661492176490285	0.056594241016288134	False
0.12	0.32690476190476186	0.11109523809523808	0.697676326071031	-0.697676326071031	0.02712798114539525	0.6066649443412278	0.04471657938774309	False
0.12	0.34702380952380946	0.09097619047619049	0.697676326071031	-0.697676326071031	0.022215177015978416	0.6471477647032196	0.03432782778159829	False
0.12	0.3671428571428571	0.07085714285714284	0.697676326071031	-0.697676326071031	0.017302372886561564	0.6875904201676329	0.025163778288742424	False
0.12	0.3872619047619047	0.05073809523809525	0.697676326071031	-0.697676326071031	0.012389568757144727	0.7279878774416804	0.017018921799473598	False
0.12	0.40738095238095234	0.0306190476190476	0.697676326071031	-0.697676326071031	0.007476764627727877	0.7683368338230746	0.009731102686467789	False
0.12	0.42749999999999994	0.01050000000000001	0.697676326071031	-0.697676326071031	0.002563960498311041	0.8086353365574098	0.0031707252730588656	False
0.16	0.06535714285714285	0.3686428571428571	0.6187833918061408	-0.6187833918061408	0.0798385271277873	0.09020609746883278	0.8850679651159103	False
0.16	0.08547619047619047	0.34852380952380946	0.6187833918061408	-0.6187833918061408	0.07548126074381906	0.12689615129660622	0.5948270296030465	False
0.16	0.10559523809523809	0.32840476190476187	0.6187833918061408	-0.6187833918061408	0.07112399435985083	0.16491548047478125	0.4312754276013952	False
0.16	0.1257142857142857	0.3082857142857143	0.6187833918061408	-0.6187833918061408	0.0667667279758826	0.20380262851831912	0.3276048422990833	False
0.16	0.14583333333333331	0.2881666666666666	0.6187833918061408	-0.6187833918061408	0.06240946159191434	0.24327266495805228	0.25654120080723275	False
0.16	0.16595238095238093	0.268047619047619	0.6187833918061408	-0.6187833918061408	0.05805219520794609	0.28313917646107756	0.20503059991038147	False
0.16	0.18607142857142855	0.2479285714285714	0.6187833918061408	-0.6187833918061408	0.053694928823977854	0.32327512167157857	0.16609669357275061	False
0.16	0.20619047619047617	0.22780952380952377	0.6187833918061408	-0.6187833918061408	0.049337662440009616	0.3635913152033327	0.13569538208694096	False
0.16	0.2263095238095238	0.20769047619047615	0.6187833918061408	-0.6187833918061408	0.04498039605604137	0.4040237759613656	0.11133106201240636	False
0.16	0.24642857142857139	0.18757142857142856	0.6187833918061408	-0.6187833918061408	0.040623129672073134	0.4445258882626736	0.09138529553551812	False
0.16	0.26654761904761903	0.1674523809523809	0.6187833918061408	-0.6187833918061408	0.03626586328810489	0.4850633369835424	0.07476521213421526	False
0.16	0.2866666666666666	0.14733333333333332	0.6187833918061408	-0.6187833918061408	0.03190859690413666	0.5256107202753384	0.06070766001009551	False
0.16	0.3067857142857143	0.12721428571428567	0.6187833918061408	-0.6187833918061408	0.02755133052016841	0.5661492176490285	0.048664432734848787	False
0.16	0.32690476190476186	0.10709523809523808	0.6187833918061408	-0.6187833918061408	0.023194064136200176	0.6066649443412278	0.03823208239168395	False
0.16	0.34702380952380946	0.08697619047619048	0.6187833918061408	-0.6187833918061408	0.01883679775223194	0.6471477647032196	0.029107413761786615	False
0.16	0.3671428571428571	0.06685714285714284	0.6187833918061408	-0.6187833918061408	0.014479531368263689	0.6875904201676329	0.021058366934102447	False
0.16	0.3872619047619047	0.046738095238095245	0.6187833918061408	-0.6187833918061408	0.010122264984295455	0.7279878774416804	0.013904441678160165	False
0.16	0.40738095238095234	0.026619047619047598	0.6187833918061408	-0.6187833918061408	0.0057649986003272076	0.7683368338230746	0.007503217790095844	False
0.16	0.42749999999999994	0.006500000000000006	0.6187833918061408	-0.6187833918061408	0.0014077322163589716	0.8086353365574098	0.0017408739795518797	False
0.2	0.06535714285714285	0.3646428571428571	0.5488116360940264	-0.5488116360940264	0.07004208505650011	0.09020609746883278	0.7764673012342701	False
0.2	0.08547619047619047	0.34452380952380945	0.5488116360940264	-0.5488116360940264	0.066177536452338	0.12689615129660622	0.5215094057317393	False
0.2	0.10559523809523809	0.32440476190476186	0.5488116360940264	-0.5488116360940264	0.0623129878481759	0.16491548047478125	0.37784802050590244	False
0.2	0.1257142857142857	0.30428571428571427	0.5488116360940264	-0.5488116360940264	0.0584484392440138	0.20380262851831912	0.2867894279330164	False
0.2	0.14583333333333331	0.2841666666666666	0.5488116360940264	-0.5488116360940264	0.054583890639851695	0.24327266495805228	0.22437330001405478	False
0.2	0.16595238095238093	0.264047619047619	0.5488116360940264	-0.5488116360940264	0.050719342035689584	0.28313917646107756	0.17913219452576123	False
0.2	0.18607142857142855	0.24392857142857138	0.5488116360940264	-0.5488116360940264	0.04685479343152749	0.32327512167157857	0.1449378262987035	False
0.2	0.20619047619047617	0.22380952380952376	0.5488116360940264	-0.5488116360940264	0.04299024482736539	0.3635913152033327	0.11823782095379196	False
0.2	0.2263095238095238	0.20369047619047614	0.5488116360940264	-0.5488116360940264	0.039125696223203284	0.4040237759613656	0.09684008355722273	False
0.2	0.24642857142857139	0.18357142857142855	0.5488116360940264	-0.5488116360940264	0.035261147619041186	0.4445258882626736	0.07932304630637196	False
0.2	0.26654761904761903	0.1634523809523809	0.5488116360940264	-0.5488116360940264	0.03139659901487908	0.4850633369835424	0.06472680291634643	False
0.2	0.2866666666666666	0.1433333333333333	0.5488116360940264	-0.5488116360940264	0.027532050410716987	0.5256107202753384	0.052381067106649706	False
0.2	0.3067857142857143	0.12321428571428567	0.5488116360940264	-0.5488116360940264	0.02366750180655488	0.5661492176490285	0.04180435310824189	False
0.2	0.32690476190476186	0.10309523809523807	0.5488116360940264	-0.5488116360940264	0.019802953202392778	0.6066649443412278	0.032642323224884265	False
0.2	0.34702380952380946	0.08297619047619048	0.5488116360940264	-0.5488116360940264	0.015938404598230684	0.6471477647032196	0.024628694507721892	False
0.2	0.3671428571428571	0.06285714285714283	0.5488116360940264	-0.5488116360940264	0.012073855994068575	0.6875904201676329	0.017559662903862152	False
0.2	0.3872619047619047	0.04273809523809524	0.5488116360940264	-0.5488116360940264	0.008209307389906478	0.7279878774416804	0.011276708918225265	False
0.2	0.40738095238095234	0.022619047619047594	0.5488116360940264	-0.5488116360940264	0.00434475878574437	0.7683368338230746	0.0056547579062763515	False
0.2	0.42749999999999994	0.0025000000000000022	0.5488116360940264	-0.5488116360940264	0.0004802101815822735	0.8086353365574098	0.0005938525808514188	False
0.24	0.06535714285714285	0.3606428571428571	0.4867522559599717	-0.4867522559599717	0.061440303508547414	0.09020609746883278	0.6811103155169276	False
0.24	0.08547619047619047	0.34052380952380945	0.4867522559599717	-0.4867522559599717	0.05801275637282927	0.12689615129660622	0.45716718576618326	False
0.24	0.10559523809523809	0.32040476190476186	0.4867522559599717	-0.4867522559599717	0.054585209237111146	0.16491548047478125	0.33098899557496836	False
0.24	0.1257142857142857	0.30028571428571427	0.4867522559599717	-0.4867522559599717	0.05115766210139302	0.20380262851831912	0.25101571296365605	False
0.24	0.14583333333333331	0.2801666666666666	0.4867522559599717	-0.4867522559599717	0.047730114965674884	0.24327266495805228	0.19620007440583195	False
0.24	0.16595238095238093	0.26004761904761897	0.4867522559599717	-0.4867522559599717	0.04430256782995674	0.28313917646107756	0.15646922613708636	False
0.24	0.18607142857142855	0.23992857142857138	0.4867522559599717	-0.4867522559599717	0.04087502069423861	0.32327512167157857	0.1264403536000037	False
0.24	0.20619047619047617	0.21980952380952376	0.4867522559599717	-0.4867522559599717	0.037447473558520475	0.3635913152033327	0.10299331142598543	False
0.24	0.2263095238095238	0.19969047619047614	0.4867522559599717	-0.4867522559599717	0.03401992642280234	0.4040237759613656	0.084202783219509	False
0.24	0.24642857142857139	0.17957142857142855	0.4867522559599717	-0.4867522559599717	0.030592379287084213	0.4445258882626736	0.068820242183526	False
0.24	0.26654761904761903	0.1594523809523809	0.4867522559599717	-0.4867522559599717	0.027164832151366076	0.4850633369835424	0.05600264971641784	False
0.24	0.2866666666666666	0.1393333333333333	0.4867522559599717	-0.4867522559599717	0.023737285015647945	0.5256107202753384	0.04516134108378401	False
0.24	0.3067857142857143	0.11921428571428566	0.4867522559599717	-0.4867522559599717	0.020309737879929807	0.5661492176490285	0.03587347159864906	False
0.24	0.32690476190476186	0.09909523809523807	0.4867522559599717	-0.4867522559599717	0.01688219074421168	0.6066649443412278	0.027827865944263362	False
0.24	0.34702380952380946	0.07897619047619048	0.4867522559599717	-0.4867522559599717	0.01345464360849355	0.6471477647032196	0.020790682348510958	False
0.24	0.3671428571428571	0.05885714285714283	0.4867522559599717	-0.4867522559599717	0.010027096472775412	0.6875904201676329	0.014582949643671343	False
0.24	0.3872619047619047	0.03873809523809524	0.4867522559599717	-0.4867522559599717	0.006599549337057282	0.7279878774416804	0.009065465980353467	False
0.24	0.40738095238095234	0.01861904761904759	0.4867522559599717	-0.4867522559599717	0.003172002201339144	0.7683368338230746	0.004128400542189238	False
0.28	0.06535714285714285	0.3566428571428571	0.4317105234290797	-0.4317105234290797	0.05388826608703486	0.09020609746883278	0.5973905046236355	False
0.28	0.08547619047619047	0.33652380952380945	0.4317105234290797	-0.4317105234290797	0.05084830448455509	0.12689615129660622	0.4007080117481467	False
0.28	0.10559523809523809	0.31640476190476186	0.4317105234290797	-0.4317105234290797	0.04780834288207532	0.16491548047478125	0.2898960288290591	False
0.28	0.1257142857142857	0.29628571428571426	0.4317105234290797	-0.4317105234290797	0.04476838127959556	0.20380262851831912	0.21966537725773974	False
0.28	0.14583333333333331	0.2761666666666666	0.4317105234290797	-0.4317105234290797	0.04172841967711578	0.24327266495805228	0.17152942228141846	False
0.28	0.16595238095238093	0.25604761904761897	0.4317105234290797	-0.4317105234290797	0.03868845807463601	0.28313917646107756	0.13664113372864323	False
0.28	0.18607142857142855	0.23592857142857138	0.4317105234290797	-0.4317105234290797	0.035648496472156246	0.32327512167157857	0.1102729349781894	False
0.28	0.20619047619047617	0.21580952380952376	0.4317105234290797	-0.4317105234290797	0.03260853486967648	0.3635913152033327	0.08968458130371093	False
0.28	0.2263095238095238	0.19569047619047614	0.4317105234290797	-0.4317105234290797	0.029568573267196707	0.4040237759613656	0.07318523073756969	False
0.28	0.24642857142857139	0.17557142857142854	0.4317105234290797	-0.4317105234290797	0.02652861166471694	0.4445258882626736	0.05967844025552228	False
0.28	0.26654761904761903	0.1554523809523809	0.4317105234290797	-0.4317105234290797	0.023488650062237167	0.4850633369835424	0.04842388255584467	False
0.28	0.2866666666666666	0.1353333333333333	0.4317105234290797	-0.4317105234290797	0.020448688459757402	0.5256107202753384	0.03890462593503699	False
0.28	0.3067857142857143	0.11521428571428566	0.4317105234290797	-0.4317105234290797	0.01740872685727763	0.5661492176490285	0.030749361324861498	False
0.28	0.32690476190476186	0.09509523809523807	0.4317105234290797	-0.4317105234290797	0.014368765254797862	0.6066649443412278	0.02368484513375135	False
0.28	0.34702380952380946	0.07497619047619047	0.4317105234290797	-0.4317105234290797	0.011328803652318097	0.6471477647032196	0.017505744854907225	False
0.28	0.3671428571428571	0.05485714285714283	0.4317105234290797	-0.4317105234290797	0.008288842049838324	0.6875904201676329	0.012054912062063813	False
0.28	0.3872619047619047	0.034738095238095235	0.4317105234290797	-0.4317105234290797	0.00524888044735856	0.7279878774416804	0.007210120676465593	False
0.28	0.40738095238095234	0.014619047619047587	0.4317105234290797	-0.4317105234290797	0.0022089188448787857	0.7683368338230746	0.002874935506980308	False
0.32	0.04523809523809523	0.3727619047619047	0.382892885975112	-0.382892885975112	0.049954758523552925	0.05566063449281908	0.8974881256518503	True
0.32	0.06535714285714285	0.3526428571428571	0.382892885975112	-0.382892885975112	0.04725855445147819	0.09020609746883278	0.5238953438575098	False
0.32	0.08547619047619047	0.33252380952380944	0.382892885975112	-0.382892885975112	0.04456235037940344	0.12689615129660622	0.3511718040623919	False
0.32	0.10559523809523809	0.31240476190476185	0.382892885975112	-0.382892885975112	0.0418661463073287	0.16491548047478125	0.2538642593575734	False
0.32	0.1257142857142857	0.29228571428571426	0.382892885975112	-0.382892885975112	0.039169942235253954	0.20380262851831912	0.1921954712754507	False
0.32	0.14583333333333331	0.2721666666666666	0.382892885975112	-0.382892885975112	0.0364737381631792	0.24327266495805228	0.1499294553683966	False
0.32	0.16595238095238093	0.25204761904761896	0.382892885975112	-0.382892885975112	0.033777534091104455	0.28313917646107756	0.11929657532131648	False
0.32	0.18607142857142855	0.23192857142857137	0.382892885975112	-0.382892885975112	0.031081330019029706	0.32327512167157857	0.09614513439300729	False
0.32	0.20619047619047617	0.21180952380952375	0.382892885975112	-0.382892885975112	0.028385125946954963	0.3635913152033327	0.0780687677621811	False
0.32	0.2263095238095238	0.19169047619047613	0.382892885975112	-0.382892885975112	0.025688921874880217	0.4040237759613656	0.06358269835420947	False
0.32	0.24642857142857139	0.17157142857142854	0.382892885975112	-0.382892885975112	0.02299271780280547	0.4445258882626736	0.05172413668114399	False
0.32	0.26654761904761903	0.1514523809523809	0.382892885975112	-0.382892885975112	0.02029651373073072	0.4850633369835424	0.041843017567455024	False
0.32	0.2866666666666666	0.1313333333333333	0.382892885975112	-0.382892885975112	0.01760030965865598	0.5256107202753384	0.03348544650960724	False
0.32	0.3067857142857143	0.11121428571428565	0.382892885975112	-0.382892885975112	0.014904105586581225	0.5661492176490285	0.026325401717362598	False
0.32	0.32690476190476186	0.09109523809523806	0.382892885975112	-0.382892885975112	0.012207901514506483	0.6066649443412278	0.020122971713427314	False
0.32	0.34702380952380946	0.07097619047619047	0.382892885975112	-0.382892885975112	0.00951169744243174	0.6471477647032196	0.014697875757623581	False
0.32	0.3671428571428571	0.05085714285714282	0.382892885975112	-0.382892885975112	0.006815493370356989	0.6875904201676329	0.009912141255102692	False
0.32	0.3872619047619047	0.03073809523809523	0.382892885975112	-0.382892885975112	0.004119289298282245	0.7279878774416804	0.005658458644611489	False
0.32	0.40738095238095234	0.010619047619047584	0.382892885975112	-0.382892885975112	0.001423085226207495	0.7683368338230746	0.0018521632226409564	False
0.36	0.04523809523809523	0.36876190476190474	0.3395955256449391	-0.3395955256449391	0.043830462509906805	0.05566063449281908	0.7874589089630569	False
0.36	0.06535714285714285	0.34864285714285714	0.3395955256449391	-0.3395955256449391	0.04143914401682369	0.09020609746883278	0.4593829594628166	False
0.36	0.08547619047619047	0.3285238095238095	0.3395955256449391	-0.3395955256449391	0.03904782552374057	0.12689615129660622	0.3077148134498614	False
0.36	0.10559523809523809	0.3084047619047619	0.3395955256449391	-0.3395955256449391	0.03665650703065747	0.16491548047478125	0.2222745064631028	False
0.36	0.1257142857142857	0.28828571428571426	0.3395955256449391	-0.3395955256449391	0.034265188537574355	0.20380262851831912	0.16812927677473194	False
0.36	0.14583333333333331	0.26816666666666666	0.3395955256449391	-0.3395955256449391	0.03187387004449124	0.24327266495805228	0.131021173504994	False
0.36	0.16595238095238093	0.24804761904761904	0.3395955256449391	-0.3395955256449391	0.02948255155140813	0.28313917646107756	0.10412741860701506	False
0.36	0.18607142857142855	0.22792857142857142	0.3395955256449391	-0.3395955256449391	0.027091233058325018	0.32327512167157857	0.08380240619272745	False
0.36	0.20619047619047617	0.2078095238095238	0.3395955256449391	-0.3395955256449391	0.024699914565241905	0.3635913152033327	0.06793318083362049	False
0.36	0.2263095238095238	0.18769047619047619	0.3395955256449391	-0.3395955256449391	0.02230859607215879	0.4040237759613656	0.05521604766718488	False
0.36	0.24642857142857139	0.1675714285714286	0.3395955256449391	-0.3395955256449391	0.01991727757907568	0.4445258882626736	0.04480566397812677	False
0.36	0.26654761904761903	0.14745238095238095	0.3395955256449391	-0.3395955256449391	0.017525959085992564	0.4850633369835424	0.036131279669539725	False
0.36	0.2866666666666666	0.12733333333333335	0.3395955256449391	-0.3395955256449391	0.015134640592909454	0.5256107202753384	0.02879439099906724	False
0.36	0.3067857142857143	0.1072142857142857	0.3395955256449391	-0.3395955256449391	0.01274332209982634	0.5661492176490285	0.0225087692476973	False
0.36	0.32690476190476186	0.08709523809523811	0.3395955256449391	-0.3395955256449391	0.010352003606743229	0.6066649443412278	0.01706379065298454	False
0.36	0.34702380952380946	0.06697619047619052	0.3395955256449391	-0.3395955256449391	0.007960685113660118	0.6471477647032196	0.012301186139939569	False
0.36	0.3671428571428571	0.046857142857142875	0.3395955256449391	-0.3395955256449391	0.005569366620577003	0.6875904201676329	0.008099831610829023	False
0.36	0.3872619047619047	0.026738095238095283	0.3395955256449391	-0.3395955256449391	0.0031780481274938936	0.7279878774416804	0.004365523418689742	False
0.36	0.40738095238095234	0.0066190476190476355	0.3395955256449391	-0.3395955256449391	0.0007867296344107775	0.7683368338230746	0.0010239384600321507	False
0.4	0.04523809523809523	0.3647619047619047	0.301194211912202	-0.301194211912202	0.03845246105412445	0.05566063449281908	0.690837634254516	False
0.4	0.06535714285714285	0.3446428571428571	0.301194211912202	-0.301194211912202	0.03633155181190936	0.09020609746883278	0.4027615962930036	False
0.4	0.08547619047619047	0.32452380952380944	0.301194211912202	-0.301194211912202	0.03421064256969427	0.12689615129660622	0.2695955883620973	False
0.4	0.10559523809523809	0.30440476190476184	0.301194211912202	-0.301194211912202	0.032089733327479185	0.16491548047478125	0.1945829053469988	False
0.4	0.1257142857142857	0.28428571428571425	0.301194211912202	-0.301194211912202	0.029968824085264096	0.20380262851831912	0.14704827068788417	False
0.4	0.14583333333333331	0.2641666666666666	0.301194211912202	-0.301194211912202	0.027847914843049004	0.24327266495805228	0.11447202606117232	False
0.4	0.16595238095238093	0.24404761904761899	0.301194211912202	-0.301194211912202	0.025727005600833915	0.28313917646107756	0.09086346129275594	False
0.4	0.18607142857142855	0.22392857142857137	0.301194211912202	-0.301194211912202	0.023606096358618826	0.32327512167157857	0.07302169197727722	False
0.4	0.20619047619047617	0.20380952380952375	0.301194211912202	-0.301194211912202	0.021485187116403737	0.3635913152033327	0.05909158502421458	False
0.4	0.2263095238095238	0.18369047619047613	0.301194211912202	-0.301194211912202	0.019364277874188644	0.4040237759613656	0.04792856021433831	False
0.4	0.24642857142857139	0.16357142857142853	0.301194211912202	-0.301194211912202	0.01724336863197356	0.4445258882626736	0.03879047112276243	False
0.4	0.26654761904761903	0.1434523809523809	0.301194211912202	-0.301194211912202	0.015122459389758468	0.4850633369835424	0.03117625727765847	False
0.4	0.2866666666666666	0.1233333333333333	0.301194211912202	-0.301194211912202	0.013001550147543383	0.5256107202753384	0.024736082515083767	False
0.4	0.3067857142857143	0.10321428571428565	0.301194211912202	-0.301194211912202	0.010880640905328292	0.5661492176490285	0.0192186804576201	False
0.4	0.32690476190476186	0.08309523809523806	0.301194211912202	-0.301194211912202	0.008759731663113205	0.6066649443412278	0.014439159118754293	False
0.4	0.34702380952380946	0.06297619047619046	0.301194211912202	-0.301194211912202	0.0066388224208981175	0.6471477647032196	0.010258588197307095	False
0.4	0.3671428571428571	0.042857142857142816	0.301194211912202	-0.301194211912202	0.004517913178683025	0.6875904201676329	0.006570645905132838	False
0.4	0.3872619047619047	0.022738095238095224	0.301194211912202	-0.301194211912202	0.0023970039364679396	0.7279878774416804	0.0032926426534622692	False
0.4	0.40738095238095234	0.0026190476190475764	0.301194211912202	-0.301194211912202	0.0002760946942528473	0.7683368338230746	0.00035934069811421253	False
0.44	0.04523809523809523	0.36076190476190473	0.26713530196585034	-0.26713530196585034	0.03373028412822136	0.05566063449281908	0.6059989153119157	False
0.44	0.06535714285714285	0.34064285714285714	0.26713530196585034	-0.26713530196585034	0.0318492063768785	0.09020609746883278	0.353071546941522	False
0.44	0.08547619047619047	0.3205238095238095	0.26713530196585034	-0.26713530196585034	0.029968128625535637	0.12689615129660622	0.23616262841170282	False
0.44	0.10559523809523809	0.3004047619047619	0.26713530196585034	-0.26713530196585034	0.02808705087419278	0.16491548047478125	0.1703117911874127	False
0.44	0.1257142857142857	0.28028571428571425	0.26713530196585034	-0.26713530196585034	0.02620597312284991	0.20380262851831912	0.12858505954202817	False
0.44	0.14583333333333331	0.26016666666666666	0.26713530196585034	-0.26713530196585034	0.024324895371507053	0.24327266495805228	0.09999025322348246	False
0.44	0.16595238095238093	0.24004761904761904	0.26713530196585034	-0.26713530196585034	0.02244381762016419	0.28313917646107756	0.07926779296558943	False
0.44	0.18607142857142855	0.21992857142857142	0.26713530196585034	-0.26713530196585034	0.020562739868821327	0.32327512167157857	0.0636075543410093	False
0.44	0.20619047619047617	0.1998095238095238	0.26713530196585034	-0.26713530196585034	0.018681662117478463	0.3635913152033327	0.05138093605737265	False
0.44	0.2263095238095238	0.17969047619047618	0.26713530196585034	-0.26713530196585034	0.016800584366135605	0.4040237759613656	0.04158315764006459	False
0.44	0.24642857142857139	0.1595714285714286	0.26713530196585034	-0.26713530196585034	0.014919506614792742	0.4445258882626736	0.033562739558548944	False
0.44	0.26654761904761903	0.13945238095238094	0.26713530196585034	-0.26713530196585034	0.013038428863449877	0.4850633369835424	0.02687984819576717	False
0.44	0.2866666666666666	0.11933333333333335	0.26713530196585034	-0.26713530196585034	0.011157351112107016	0.5256107202753384	0.021227404011589217	False
0.44	0.3067857142857143	0.0992142857142857	0.26713530196585034	-0.26713530196585034	0.009276273360764151	0.5661492176490285	0.016384855920643114	False
0.44	0.32690476190476186	0.07909523809523811	0.26713530196585034	-0.26713530196585034	0.007395195609421291	0.6066649443412278	0.012189917479823512	False
0.44	0.34702380952380946	0.058976190476190515	0.26713530196585034	-0.26713530196585034	0.005514117858078431	0.6471477647032196	0.008520647306271997	False
0.44	0.3671428571428571	0.03885714285714287	0.26713530196585034	-0.26713530196585034	0.0036330401067355654	0.6875904201676329	0.005283727056362767	False
0.44	0.3872619047619047	0.018738095238095276	0.26713530196585034	-0.26713530196585034	0.0017519623553927054	0.7279878774416804	0.0024065817710447472	False
0.48	0.04523809523809523	0.3567619047619047	0.23692775868212176	-0.23692775868212176	0.02958437946744093	0.05566063449281908	0.5315135146592281	False
0.48	0.06535714285714285	0.33664285714285713	0.23692775868212176	-0.23692775868212176	0.027916013166720995	0.09020609746883278	0.30946924819983807	False
0.48	0.08547619047619047	0.3165238095238095	0.23692775868212176	-0.23692775868212176	0.02624764686600105	0.12689615129660622	0.20684352202810294	False
0.48	0.10559523809523809	0.2964047619047619	0.23692775868212176	-0.23692775868212176	0.024579280565281116	0.16491548047478125	0.14904168180281754	False
0.48	0.1257142857142857	0.27628571428571425	0.23692775868212176	-0.23692775868212176	0.02291091426456117	0.20380262851831912	0.11241716768388875	False
0.48	0.14583333333333331	0.25616666666666665	0.23692775868212176	-0.23692775868212176	0.021242547963841233	0.24327266495805228	0.08731991310040568	False
0.48	0.16595238095238093	0.23604761904761903	0.23692775868212176	-0.23692775868212176	0.01957418166312129	0.28313917646107756	0.06913272090346743	False
0.48	0.18607142857142855	0.21592857142857141	0.23692775868212176	-0.23692775868212176	0.01790581536240135	0.32327512167157857	0.0553887823777303	False
0.48	0.20619047619047617	0.1958095238095238	0.23692775868212176	-0.23692775868212176	0.016237449061681408	0.3635913152033327	0.044658517359252296	False
0.48	0.2263095238095238	0.17569047619047617	0.23692775868212176	-0.23692775868212176	0.01456908276096147	0.4040237759613656	0.036059963863004495	False
0.48	0.24642857142857139	0.15557142857142858	0.23692775868212176	-0.23692775868212176	0.01290071646024153	0.4445258882626736	0.029021293924322362	False
0.48	0.26654761904761903	0.13545238095238094	0.23692775868212176	-0.23692775868212176	0.011232350159521587	0.4850633369835424	0.023156460822976375	False
0.48	0.2866666666666666	0.11533333333333334	0.23692775868212176	-0.23692775868212176	0.00956398385880165	0.5256107202753384	0.01819594519265438	False
0.48	0.3067857142857143	0.0952142857142857	0.23692775868212176	-0.23692775868212176	0.007895617558081706	0.5661492176490285	0.013946177636469716	False
0.48	0.32690476190476186	0.0750952380952381	0.23692775868212176	-0.23692775868212176	0.006227251257361768	0.6066649443412278	0.010264729016317049	False
0.48	0.34702380952380946	0.05497619047619051	0.23692775868212176	-0.23692775868212176	0.004558884956641829	0.6471477647032196	0.007044581168772982	False
0.48	0.3671428571428571	0.034857142857142864	0.23692775868212176	-0.23692775868212176	0.002890518655921886	0.6875904201676329	0.004203837882466694	False
0.48	0.3872619047619047	0.014738095238095272	0.23692775868212176	-0.23692775868212176	0.0012221523552019475	0.7279878774416804	0.0016788086629915826	False
0.52	0.04523809523809523	0.3527619047619047	0.21013607120076472	-0.21013607120076472	0.025944800257587747	0.05566063449281908	0.46612476652480406	False
0.52	0.06535714285714285	0.33264285714285713	0.21013607120076472	-0.21013607120076472	0.02446509208954903	0.09020609746883278	0.2712132857537928	False
0.52	0.08547619047619047	0.3125238095238095	0.21013607120076472	-0.21013607120076472	0.022985383921510307	0.12689615129660622	0.18113539052720695	False
0.52	0.10559523809523809	0.2924047619047619	0.21013607120076472	-0.21013607120076472	0.021505675753471593	0.16491548047478125	0.13040422701106114	False
0.52	0.1257142857142857	0.27228571428571424	0.21013607120076472	-0.21013607120076472	0.020025967585432874	0.20380262851831912	0.09826157656074003	False
0.52	0.14583333333333331	0.25216666666666665	0.21013607120076472	-0.21013607120076472	0.01854625941739416	0.24327266495805228	0.07623651190154104	False
0.52	0.16595238095238093	0.23204761904761903	0.21013607120076472	-0.21013607120076472	0.01706655124935544	0.28313917646107756	0.060276191598309374	False
0.52	0.18607142857142855	0.2119285714285714	0.21013607120076472	-0.21013607120076472	0.01558684308131672	0.32327512167157857	0.04821541169243359	False
0.52	0.20619047619047617	0.1918095238095238	0.21013607120076472	-0.21013607120076472	0.014107134913278002	0.3635913152033327	0.03879942760840921	False
0.52	0.2263095238095238	0.17169047619047617	0.21013607120076472	-0.21013607120076472	0.012627426745239284	0.4040237759613656	0.03125416744396441	False
0.52	0.24642857142857139	0.15157142857142858	0.21013607120076472	-0.21013607120076472	0.011147718577200568	0.4445258882626736	0.025077771332438797	False
0.52	0.26654761904761903	0.13145238095238093	0.21013607120076472	-0.21013607120076472	0.009668010409161848	0.4850633369835424	0.01993143919984592	False
0.52	0.2866666666666666	0.11133333333333334	0.21013607120076472	-0.21013607120076472	0.008188302241123132	0.5256107202753384	0.015578643899868962	False
0.52	0.3067857142857143	0.09121428571428569	0.21013607120076472	-0.21013607120076472	0.006708594073084411	0.5661492176490285	0.011849515753006398	False
0.52	0.32690476190476186	0.0710952380952381	0.21013607120076472	-0.21013607120076472	0.0052288859050456955	0.6066649443412278	0.008619067170139025	False
0.52	0.34702380952380946	0.05097619047619051	0.21013607120076472	-0.21013607120076472	0.003749177737006979	0.6471477647032196	0.005793387447959962	False
0.52	0.3671428571428571	0.03085714285714286	0.21013607120076472	-0.21013607120076472	0.002269469568968259	0.6875904201676329	0.0033006125484048594	False
0.52	0.3872619047619047	0.010738095238095269	0.21013607120076472	-0.21013607120076472	0.000789761400929543	0.7279878774416804	0.001084855154051396	False
0.56	0.025119047619047617	0.36888095238095236	0.18637397603940994	-0.18637397603940994	0.024062433423154818	0.024929068837302792	0.9652359492524977	True
0.56	0.04523809523809523	0.3487619047619047	0.18637397603940994	-0.18637397603940994	0.02275005000854397	0.05566063449281908	0.4087278238173697	False
0.56	0.06535714285714285	0.3286428571428571	0.18637397603940994	-0.18637397603940994	0.021437666593933126	0.09020609746883278	0.23765207891118537	False
0.56	0.08547619047619047	0.3085238095238095	0.18637397603940994	-0.18637397603940994	0.02012528317932228	0.12689615129660622	0.15859648203420745	False
0.56	0.10559523809523809	0.2884047619047619	0.18637397603940994	-0.18637397603940994	0.018812899764711438	0.16491548047478125	0.11407600857451519	False
0.56	0.1257142857142857	0.26828571428571424	0.18637397603940994	-0.18637397603940994	0.01750051635010059	0.20380262851831912	0.08586992462919844	False
0.56	0.14583333333333331	0.24816666666666665	0.18637397603940994	-0.18637397603940994	0.016188132935489746	0.24327266495805228	0.06654316438832567	False
0.56	0.16595238095238093	0.22804761904761903	0.18637397603940994	-0.18637397603940994	0.014875749520878903	0.28313917646107756	0.05253864797803364	False
0.56	0.18607142857142855	0.2079285714285714	0.18637397603940994	-0.18637397603940994	0.013563366106268057	0.32327512167157857	0.0419561085806267	False
0.56	0.20619047619047617	0.1878095238095238	0.18637397603940994	-0.18637397603940994	0.012250982691657211	0.3635913152033327	0.033694376568939886	False
0.56	0.2263095238095238	0.16769047619047617	0.18637397603940994	-0.18637397603940994	0.010938599277046367	0.4040237759613656	0.02707414743357173	False
0.56	0.24642857142857139	0.14757142857142858	0.18637397603940994	-0.18637397603940994	0.009626215862435525	0.4445258882626736	0.02165501743904581	False
0.56	0.26654761904761903	0.12745238095238093	0.18637397603940994	-0.18637397603940994	0.008313832447824677	0.4850633369835424	0.017139684272008286	False
0.56	0.2866666666666666	0.10733333333333334	0.18637397603940994	-0.18637397603940994	0.0070014490332138335	0.5256107202753384	0.013320597855283776	False
0.56	0.3067857142857143	0.08721428571428569	0.18637397603940994	-0.18637397603940994	0.005689065618602987	0.5661492176490285	0.010048703488856175	False
0.56	0.32690476190476186	0.0670952380952381	0.18637397603940994	-0.18637397603940994	0.004376682203992143	0.6066649443412278	0.0072143318067351735	False
0.56	0.34702380952380946	0.046976190476190505	0.18637397603940994	-0.18637397603940994	0.0030642987893813	0.6471477647032196	0.004735083633931086	False
0.56	0.3671428571428571	0.026857142857142857	0.18637397603940994	-0.18637397603940994	0.0017519153747704533	0.6875904201676329	0.0025479054439754125	False
0.56	0.3872619047619047	0.006738095238095265	0.18637397603940994	-0.18637397603940994	0.00043953196015961013	0.7279878774416804	0.0006037627463031778	False
0.6	0.025119047619047617	0.36488095238095236	0.16529888822158656	-0.16529888822158656	0.02111004551663178	0.024929068837302792	0.8468044135304248	True
0.6	0.04523809523809523	0.3447619047619047	0.16529888822158656	-0.16529888822158656	0.019946065845404773	0.05566063449281908	0.35835139191555687	False
0.6	0.06535714285714285	0.3246428571428571	0.16529888822158656	-0.16529888822158656	0.018782086174177773	0.09020609746883278	0.20821304436395993	False
0.6	0.08547619047619047	0.3045238095238095	0.16529888822158656	-0.16529888822158656	0.017618106502950762	0.12689615129660622	0.13883877740129658	False
0.6	0.10559523809523809	0.2844047619047619	0.16529888822158656	-0.16529888822158656	0.01645412683172376	0.16491548047478125	0.09977308851997016	False
0.6	0.1257142857142857	0.26428571428571423	0.16529888822158656	-0.16529888822158656	0.015290147160496752	0.20380262851831912	0.07502428831099385	False
0.6	0.14583333333333331	0.24416666666666664	0.16529888822158656	-0.16529888822158656	0.014126167489269748	0.24327266495805228	0.058067220547386764	False
0.6	0.16595238095238093	0.22404761904761902	0.16529888822158656	-0.16529888822158656	0.012962187818042743	0.28313917646107756	0.04578026954819734	False
0.6	0.18607142857142855	0.2039285714285714	0.16529888822158656	-0.16529888822158656	0.011798208146815738	0.32327512167157857	0.0364958741205015	False
0.6	0.20619047619047617	0.18380952380952378	0.16529888822158656	-0.16529888822158656	0.010634228475588734	0.3635913152033327	0.029247751612663547	False
0.6	0.2263095238095238	0.16369047619047616	0.16529888822158656	-0.16529888822158656	0.009470248804361727	0.4040237759613656	0.023439830445194668	False
0.6	0.24642857142857139	0.14357142857142857	0.16529888822158656	-0.16529888822158656	0.008306269133134724	0.4445258882626736	0.018685681424759876	False
0.6	0.26654761904761903	0.12345238095238092	0.16529888822158656	-0.16529888822158656	0.007142289461907717	0.4850633369835424	0.01472444713369472	False
0.6	0.2866666666666666	0.10333333333333333	0.16529888822158656	-0.16529888822158656	0.005978309790680714	0.5256107202753384	0.01137402560501241	False
0.6	0.3067857142857143	0.08321428571428569	0.16529888822158656	-0.16529888822158656	0.004814330119453707	0.5661492176490285	0.008503641742093235	False
0.6	0.32690476190476186	0.0630952380952381	0.16529888822158656	-0.16529888822158656	0.0036503504482267024	0.6066649443412278	0.006017078260868669	False
0.6	0.34702380952380946	0.0429761904761905	0.16529888822158656	-0.16529888822158656	0.002486370776999699	0.6471477647032196	0.003842044912478285	False
0.6	0.3671428571428571	0.022857142857142854	0.16529888822158656	-0.16529888822158656	0.0013223911057726923	0.6875904201676329	0.0019232250290082524	False
0.6	0.3872619047619047	0.0027380952380952617	0.16529888822158656	-0.16529888822158656	0.00015841143454568848	0.7279878774416804	0.00021760174785105392	False
0.64	0.025119047619047617	0.36088095238095236	0.14660696213035015	-0.14660696213035015	0.018517681041747645	0.024929068837302792	0.7428147903398052	True
0.64	0.04523809523809523	0.3407619047619047	0.14660696213035015	-0.14660696213035015	0.01748532368341309	0.05566063449281908	0.3141416522240493	False
0.64	0.06535714285714285	0.3206428571428571	0.14660696213035015	-0.14660696213035015	0.016452966325078543	0.09020609746883278	0.18239306196305885	False
0.64	0.08547619047619047	0.30052380952380947	0.14660696213035015	-0.14660696213035015	0.015420608966743993	0.12689615129660622	0.12152148673681964	False
0.64	0.10559523809523809	0.2804047619047619	0.14660696213035015	-0.14660696213035015	0.014388251608409446	0.16491548047478125	0.0872462158615224	False
0.64	0.1257142857142857	0.26028571428571423	0.14660696213035015	-0.14660696213035015	0.013355894250074895	0.20380262851831912	0.06553347396534868	False
0.64	0.14583333333333331	0.24016666666666664	0.14660696213035015	-0.14660696213035015	0.012323536891740348	0.24327266495805228	0.05065730214229086	False
0.64	0.16595238095238093	0.22004761904761902	0.14660696213035015	-0.14660696213035015	0.011291179533405799	0.28313917646107756	0.03987854903914354	False
0.64	0.18607142857142855	0.1999285714285714	0.14660696213035015	-0.14660696213035015	0.01025882217507125	0.32327512167157857	0.031734029275204745	False
0.64	0.20619047619047617	0.17980952380952378	0.14660696213035015	-0.14660696213035015	0.0092264648167367	0.3635913152033327	0.025375921896200804	False
0.64	0.2263095238095238	0.15969047619047616	0.14660696213035015	-0.14660696213035015	0.008194107458402152	0.4040237759613656	0.02028125062418531	False
0.64	0.24642857142857139	0.13957142857142857	0.14660696213035015	-0.14660696213035015	0.007161750100067605	0.4445258882626736	0.0161109854097759	False
0.64	0.26654761904761903	0.11945238095238092	0.14660696213035015	-0.14660696213035015	0.006129392741733054	0.4850633369835424	0.012636272986224512	False
0.64	0.2866666666666666	0.09933333333333333	0.14660696213035015	-0.14660696213035015	0.005097035383398506	0.5256107202753384	0.009697358114629875	False
0.64	0.3067857142857143	0.07921428571428568	0.14660696213035015	-0.14660696213035015	0.004064678025063956	0.5661492176490285	0.007179517163236215	False
0.64	0.32690476190476186	0.05909523809523809	0.14660696213035015	-0.14660696213035015	0.003032320666729409	0.6066649443412278	0.004998344959625416	False
0.64	0.34702380952380946	0.0389761904761905	0.14660696213035015	-0.14660696213035015	0.001999963308394861	0.6471477647032196	0.0030904275923938937	False
0.64	0.3671428571428571	0.01885714285714285	0.14660696213035015	-0.14660696213035015	0.0009676059500603107	0.6875904201676329	0.0014072417556725274	False
0.68	0.025119047619047617	0.35688095238095235	0.1300287108784259	-0.1300287108784259	0.016241669561306047	0.024929068837302792	0.651515291939132	True
0.68	0.04523809523809523	0.3367619047619047	0.1300287108784259	-0.1300287108784259	0.015326050722203796	0.05566063449281908	0.2753481138304496	False
0.68	0.06535714285714285	0.3166428571428571	0.1300287108784259	-0.1300287108784259	0.014410431883101548	0.09020609746883278	0.15975008660673426	False
0.68	0.08547619047619047	0.29652380952380947	0.1300287108784259	-0.1300287108784259	0.013494813043999299	0.12689615129660622	0.10634532967399943	False
0.68	0.10559523809523809	0.2764047619047619	0.1300287108784259	-0.1300287108784259	0.01257919420489705	0.16491548047478125	0.07627661253317364	False
0.68	0.1257142857142857	0.25628571428571423	0.1300287108784259	-0.1300287108784259	0.011663575365794801	0.20380262851831912	0.05722975925576152	False
0.68	0.14583333333333331	0.23616666666666664	0.1300287108784259	-0.1300287108784259	0.010747956526692554	0.24327266495805228	0.04418069958063654	False
0.68	0.16595238095238093	0.21604761904761902	0.1300287108784259	-0.1300287108784259	0.009832337687590304	0.28313917646107756	0.034726164745138795	False
0.68	0.18607142857142855	0.1959285714285714	0.1300287108784259	-0.1300287108784259	0.008916718848488055	0.32327512167157857	0.027582446809955023	False
0.68	0.20619047619047617	0.17580952380952378	0.1300287108784259	-0.1300287108784259	0.008001100009385805	0.3635913152033327	0.022005751168482437	False
0.68	0.2263095238095238	0.15569047619047616	0.1300287108784259	-0.1300287108784259	0.007085481170283557	0.4040237759613656	0.01753728763467895	False
0.68	0.24642857142857139	0.13557142857142856	0.1300287108784259	-0.1300287108784259	0.006169862331181308	0.4445258882626736	0.013879646819434488	False
0.68	0.26654761904761903	0.11545238095238092	0.1300287108784259	-0.1300287108784259	0.005254243492079058	0.4850633369835424	0.010832077156673104	False
0.68	0.2866666666666666	0.09533333333333333	0.1300287108784259	-0.1300287108784259	0.004338624652976811	0.5256107202753384	0.008254444754673278	False
0.68	0.3067857142857143	0.07521428571428568	0.1300287108784259	-0.1300287108784259	0.0034230058138745604	0.5661492176490285	0.0060461194808125234	False
0.68	0.32690476190476186	0.055095238095238086	0.1300287108784259	-0.1300287108784259	0.0025073869747723122	0.6066649443412278	0.004133067186690773	False
0.68	0.34702380952380946	0.034976190476190494	0.1300287108784259	-0.1300287108784259	0.0015917681356700645	0.6471477647032196	0.0024596672081530647	False
0.68	0.3671428571428571	0.014857142857142847	0.1300287108784259	-0.1300287108784259	0.0006761492965678143	0.6875904201676329	0.0009833605540969733	False
0.72	0.025119047619047617	0.35288095238095235	0.11532512103806251	-0.11532512103806251	0.014243613490876036	0.024929068837302792	0.5713656448155217	True
0.72	0.04523809523809523	0.3327619047619047	0.11532512103806251	-0.11532512103806251	0.01343153243023301	0.05566063449281908	0.24131116277457898	False
0.72	0.06535714285714285	0.3126428571428571	0.11532512103806251	-0.11532512103806251	0.012619451369589989	0.09020609746883278	0.13989576895231667	False
0.72	0.08547619047619047	0.29252380952380946	0.11532512103806251	-0.11532512103806251	0.011807370308946965	0.12689615129660622	0.09304750528917537	False
0.72	0.10559523809523809	0.27240476190476187	0.11532512103806251	-0.11532512103806251	0.010995289248303942	0.16491548047478125	0.06667226882915539	False
0.72	0.1257142857142857	0.2522857142857142	0.11532512103806251	-0.11532512103806251	0.010183208187660917	0.20380262851831912	0.0499660296910527	False
0.72	0.14583333333333331	0.23216666666666663	0.11532512103806251	-0.11532512103806251	0.009371127127017894	0.24327266495805228	0.03852108550146301	False
0.72	0.16595238095238093	0.212047619047619	0.11532512103806251	-0.11532512103806251	0.008559046066374872	0.28313917646107756	0.030229112669441782	False
0.72	0.18607142857142855	0.1919285714285714	0.11532512103806251	-0.11532512103806251	0.007746965005731848	0.32327512167157857	0.023963999969048466	False
0.72	0.20619047619047617	0.17180952380952377	0.11532512103806251	-0.11532512103806251	0.006934883945088824	0.3635913152033327	0.01907329370947873	False
0.72	0.2263095238095238	0.15169047619047615	0.11532512103806251	-0.11532512103806251	0.0061228028844458006	0.4040237759613656	0.015154560817310137	False
0.72	0.24642857142857139	0.13157142857142856	0.11532512103806251	-0.11532512103806251	0.005310721823802778	0.4445258882626736	0.011946934844579026	False
0.72	0.26654761904761903	0.11145238095238091	0.11532512103806251	-0.11532512103806251	0.004498640763159753	0.4850633369835424	0.009274336813694056	False
0.72	0.2866666666666666	0.09133333333333332	0.11532512103806251	-0.11532512103806251	0.0036865597025167313	0.5256107202753384	0.007013859421637265	False
0.72	0.3067857142857143	0.07121428571428567	0.11532512103806251	-0.11532512103806251	0.0028744786418737063	0.5661492176490285	0.0050772456311256	False
0.72	0.32690476190476186	0.05109523809523808	0.11532512103806251	-0.11532512103806251	0.002062397581230684	0.6066649443412278	0.0033995661039393395	False
0.72	0.34702380952380946	0.03097619047619049	0.11532512103806251	-0.11532512103806251	0.0012503165205876615	0.6471477647032196	0.0019320417820821087	False
0.72	0.3671428571428571	0.010857142857142843	0.11532512103806251	-0.11532512103806251	0.00043823545994463694	0.6875904201676329	0.0006373495719120057	False
0.76	0.025119047619047617	0.34888095238095235	0.10228420671553744	-0.10228420671553744	0.012489754008356415	0.024929068837302792	0.5010116538996948	True
0.76	0.04523809523809523	0.3287619047619047	0.10228420671553744	-0.10228420671553744	0.011769502719401172	0.05566063449281908	0.2114511059143529	False
0.76	0.06535714285714285	0.3086428571428571	0.10228420671553744	-0.10228420671553744	0.01104925143044593	0.09020609746883278	0.12248896405549049	False
0.76	0.08547619047619047	0.28852380952380946	0.10228420671553744	-0.10228420671553744	0.010329000141490685	0.12689615129660622	0.0813972688371592	False
0.76	0.10559523809523809	0.26840476190476187	0.10228420671553744	-0.10228420671553744	0.009608748852535444	0.16491548047478125	0.0582646870073838	False
0.76	0.1257142857142857	0.24828571428571425	0.10228420671553744	-0.10228420671553744	0.0088884975635802	0.20380262851831912	0.04361326263650836	False
0.76	0.14583333333333331	0.22816666666666663	0.10228420671553744	-0.10228420671553744	0.008168246274624959	0.24327266495805228	0.03357650674001297	False
0.76	0.16595238095238093	0.208047619047619	0.10228420671553744	-0.10228420671553744	0.007447994985669716	0.28313917646107756	0.026305066924193637	False
0.76	0.18607142857142855	0.1879285714285714	0.10228420671553744	-0.10228420671553744	0.006727743696714474	0.32327512167157857	0.020811201498979925	False
0.76	0.20619047619047617	0.16780952380952377	0.10228420671553744	-0.10228420671553744	0.006007492407759231	0.3635913152033327	0.016522651000064826	False
0.76	0.2263095238095238	0.14769047619047615	0.10228420671553744	-0.10228420671553744	0.005287241118803987	0.4040237759613656	0.013086460335714437	False
0.76	0.24642857142857139	0.12757142857142856	0.10228420671553744	-0.10228420671553744	0.004566989829848746	0.4445258882626736	0.010273844449639968	False
0.76	0.26654761904761903	0.10745238095238091	0.10228420671553744	-0.10228420671553744	0.0038467385408935016	0.4850633369835424	0.007930384029465448	False
0.76	0.2866666666666666	0.08733333333333332	0.10228420671553744	-0.10228420671553744	0.00312648725193826	0.5256107202753384	0.005948294300961872	False
0.76	0.3067857142857143	0.06721428571428567	0.10228420671553744	-0.10228420671553744	0.0024062359629830163	0.5661492176490285	0.004250179790012018	False
0.76	0.32690476190476186	0.04709523809523808	0.10228420671553744	-0.10228420671553744	0.0016859846740277745	0.6066649443412278	0.0027791035063985292	False
0.76	0.34702380952380946	0.026976190476190487	0.10228420671553744	-0.10228420671553744	0.0009657333850725329	0.6471477647032196	0.001492291927355132	False
0.76	0.3671428571428571	0.0068571428571428394	0.10228420671553744	-0.10228420671553744	0.0002454820961172892	0.6875904201676329	0.00035701791199685596	False
0.8	0.025119047619047617	0.34488095238095234	0.09071795328941247	-0.09071795328941247	0.010950412944976161	0.024929068837302792	0.43926281468605965	True
0.8	0.04523809523809523	0.3247619047619047	0.09071795328941247	-0.09071795328941247	0.010311607357229882	0.05566063449281908	0.18525853057891764	False
0.8	0.06535714285714285	0.3046428571428571	0.09071795328941247	-0.09071795328941247	0.009672801769483604	0.09020609746883278	0.10723002148303407	False
0.8	0.08547619047619047	0.28452380952380946	0.09071795328941247	-0.09071795328941247	0.009033996181737322	0.12689615129660622	0.07119204238607142	False
0.8	0.10559523809523809	0.26440476190476186	0.09071795328941247	-0.09071795328941247	0.008395190593991044	0.16491548047478125	0.050906019070021936	False
0.8	0.1257142857142857	0.24428571428571424	0.09071795328941247	-0.09071795328941247	0.0077563850062447644	0.20380262851831912	0.03805831682660349	False
0.8	0.14583333333333331	0.22416666666666663	0.09071795328941247	-0.09071795328941247	0.007117579418498485	0.24327266495805228	0.029257620948600103	False
0.8	0.16595238095238093	0.204047619047619	0.09071795328941247	-0.09071795328941247	0.006478773830752205	0.28313917646107756	0.022881940647456907	False
0.8	0.18607142857142855	0.18392857142857139	0.09071795328941247	-0.09071795328941247	0.005839968243005927	0.32327512167157857	0.01806500980591653	False
0.8	0.20619047619047617	0.16380952380952377	0.09071795328941247	-0.09071795328941247	0.0052011626552596465	0.3635913152033327	0.014304969447223948	False
0.8	0.2263095238095238	0.14369047619047615	0.09071795328941247	-0.09071795328941247	0.004562357067513368	0.4040237759613656	0.011292298470943547	False
0.8	0.24642857142857139	0.12357142857142855	0.09071795328941247	-0.09071795328941247	0.003923551479767088	0.4445258882626736	0.008826373408984975	False
0.8	0.26654761904761903	0.1034523809523809	0.09071795328941247	-0.09071795328941247	0.0032847458920208083	0.4850633369835424	0.006771787602929585	False
0.8	0.2866666666666666	0.08333333333333331	0.09071795328941247	-0.09071795328941247	0.0026459403042745295	0.5256107202753384	0.005034030323598552	False
0.8	0.3067857142857143	0.06321428571428567	0.09071795328941247	-0.09071795328941247	0.0020071347165282493	0.5661492176490285	0.0035452397600459593	False
0.8	0.32690476190476186	0.043095238095238075	0.09071795328941247	-0.09071795328941247	0.0013683291287819707	0.6066649443412278	0.002255493978258176	False
0.8	0.34702380952380946	0.022976190476190483	0.09071795328941247	-0.09071795328941247	0.0007295235410356922	0.6471477647032196	0.0011272905213081435	False
0.8	0.3671428571428571	0.002857142857142836	0.09071795328941247	-0.09071795328941247	9.071795328941178e-05	0.6875904201676329	0.00013193603434337402	False
0.84	0.025119047619047617	0.34088095238095234	0.08045960674953243	-0.08045960674953243	0.00959950158194213	0.024929068837302792	0.38507260919340264	True
0.84	0.04523809523809523	0.3207619047619047	0.08045960674953243	-0.08045960674953243	0.009032931851080839	0.05566063449281908	0.16228582252770044	False
0.84	0.06535714285714285	0.3006428571428571	0.08045960674953243	-0.08045960674953243	0.008466362120219548	0.09020609746883278	0.0938557631666171	False
0.84	0.08547619047619047	0.28052380952380945	0.08045960674953243	-0.08045960674953243	0.007899792389358257	0.12689615129660622	0.06225399516564797	False
0.84	0.10559523809523809	0.26040476190476186	0.08045960674953243	-0.08045960674953243	0.0073332226584969665	0.16491548047478125	0.0444665512139011	False
0.84	0.1257142857142857	0.24028571428571424	0.08045960674953243	-0.08045960674953243	0.0067666529276356755	0.20380262851831912	0.033201990459251825	False
0.84	0.14583333333333331	0.22016666666666662	0.08045960674953243	-0.08045960674953243	0.0062000831967743844	0.24327266495805228	0.025486148219091818	False
0.84	0.16595238095238093	0.200047619047619	0.08045960674953243	-0.08045960674953243	0.005633513465913093	0.28313917646107756	0.01989662305416615	False
0.84	0.18607142857142855	0.17992857142857138	0.08045960674953243	-0.08045960674953243	0.005066943735051802	0.32327512167157857	0.015673781851358818	False
0.84	0.20619047619047617	0.15980952380952376	0.08045960674953243	-0.08045960674953243	0.004500374004190512	0.3635913152033327	0.01237756188338478	False
0.84	0.2263095238095238	0.13969047619047614	0.08045960674953243	-0.08045960674953243	0.003933804273329221	0.4040237759613656	0.009736566279964146	False
0.84	0.24642857142857139	0.11957142857142855	0.08045960674953243	-0.08045960674953243	0.0033672345424679315	0.4445258882626736	0.007574889632700555	False
0.84	0.26654761904761903	0.0994523809523809	0.08045960674953243	-0.08045960674953243	0.00280066481160664	0.4850633369835424	0.005773812609757523	False
0.84	0.2866666666666666	0.07933333333333331	0.08045960674953243	-0.08045960674953243	0.00223409508074535	0.5256107202753384	0.004250474723146877	False
0.84	0.3067857142857143	0.059214285714285664	0.08045960674953243	-0.08045960674953243	0.001667525349884058	0.5661492176490285	0.0029453813551285394	False
0.84	0.32690476190476186	0.03909523809523807	0.08045960674953243	-0.08045960674953243	0.001100955619022768	0.6066649443412278	0.0018147671614984879	False
0.84	0.34702380952380946	0.01897619047619048	0.08045960674953243	-0.08045960674953243	0.0005343858881614779	0.6471477647032196	0.0008257555960292099	False
0.88	0.025119047619047617	0.33688095238095234	0.07136126955638605	-0.07136126955638605	0.008414088357944218	0.024929068837302792	0.3375211650646869	True
0.88	0.04523809523809523	0.3167619047619047	0.07136126955638605	-0.07136126955638605	0.007911586084817998	0.05566063449281908	0.14213970352491567	False
0.88	0.06535714285714285	0.2966428571428571	0.07136126955638605	-0.07136126955638605	0.00740908381169178	0.09020609746883278	0.08213506647099662	False
0.88	0.08547619047619047	0.27652380952380945	0.07136126955638605	-0.07136126955638605	0.006906581538565561	0.12689615129660622	0.05442703713229382	False
0.88	0.10559523809523809	0.25640476190476186	0.07136126955638605	-0.07136126955638605	0.006404079265439344	0.16491548047478125	0.03883249314741348	False
0.88	0.1257142857142857	0.23628571428571424	0.07136126955638605	-0.07136126955638605	0.005901576992313125	0.20380262851831912	0.028957315394892724	False
0.88	0.14583333333333331	0.21616666666666662	0.07136126955638605	-0.07136126955638605	0.0053990747191869064	0.24327266495805228	0.02219351163073695	False
0.88	0.16595238095238093	0.196047619047619	0.07136126955638605	-0.07136126955638605	0.0048965724460606885	0.28313917646107756	0.017293871188234555	False
0.88	0.18607142857142855	0.17592857142857138	0.07136126955638605	-0.07136126955638605	0.00439407017293447	0.32327512167157857	0.01359235486545881	False
0.88	0.20619047619047617	0.15580952380952376	0.07136126955638605	-0.07136126955638605	0.0038915678998082516	0.3635913152033327	0.01070313766331837	False
0.88	0.2263095238095238	0.13569047619047614	0.07136126955638605	-0.07136126955638605	0.003389065626682033	0.4040237759613656	0.008388282641579264	False
0.88	0.24642857142857139	0.11557142857142855	0.07136126955638605	-0.07136126955638605	0.002886563353555815	0.4445258882626736	0.006493577606553532	False
0.88	0.26654761904761903	0.0954523809523809	0.07136126955638605	-0.07136126955638605	0.002384061080429596	0.4850633369835424	0.004914948005048842	False
0.88	0.2866666666666666	0.07533333333333331	0.07136126955638605	-0.07136126955638605	0.0018815588073033782	0.5256107202753384	0.003579757289420835	False
0.88	0.3067857142857143	0.05521428571428566	0.07136126955638605	-0.07136126955638605	0.0013790565341771591	0.5661492176490285	0.0024358534661653003	False
0.88	0.32690476190476186	0.03509523809523807	0.07136126955638605	-0.07136126955638605	0.0008765542610509413	0.6066649443412278	0.0014448737630666693	False
0.88	0.34702380952380946	0.014976190476190476	0.07136126955638605	-0.07136126955638605	0.0003740519879247235	0.6471477647032196	0.000578000896126502	False
0.92	0.025119047619047617	0.33288095238095233	0.0632917683596407	-0.0632917683596407	0.0073740184453011375	0.024929068837302792	0.2957999953157886	True
0.92	0.04523809523809523	0.3127619047619047	0.0632917683596407	-0.0632917683596407	0.006928338909768667	0.05566063449281908	0.12447466639393968	False
0.92	0.06535714285714285	0.2926428571428571	0.0632917683596407	-0.0632917683596407	0.006482659374236198	0.09020609746883278	0.07186497981997314	False
0.92	0.08547619047619047	0.27252380952380945	0.0632917683596407	-0.0632917683596407	0.006036979838703728	0.12689615129660622	0.04757417602518874	False
0.92	0.10559523809523809	0.25240476190476185	0.0632917683596407	-0.0632917683596407	0.005591300303171258	0.16491548047478125	0.03390403549184259	False
0.92	0.1257142857142857	0.23228571428571423	0.0632917683596407	-0.0632917683596407	0.0051456207676387885	0.20380262851831912	0.025248058894276067	False
0.92	0.14583333333333331	0.21216666666666661	0.0632917683596407	-0.0632917683596407	0.0046999412321063186	0.24327266495805228	0.019319643795231715	False
0.92	0.16595238095238093	0.192047619047619	0.0632917683596407	-0.0632917683596407	0.004254261696573848	0.28313917646107756	0.015025337538052318	False
0.92	0.18607142857142855	0.17192857142857138	0.0632917683596407	-0.0632917683596407	0.003808582161041378	0.32327512167157857	0.011781241134016462	False
0.92	0.20619047619047617	0.15180952380952376	0.0632917683596407	-0.0632917683596407	0.0033629026255089078	0.3635913152033327	0.009249128031642498	False
0.92	0.2263095238095238	0.13169047619047614	0.0632917683596407	-0.0632917683596407	0.002917223089976438	0.4040237759613656	0.007220424300611938	False
0.92	0.24642857142857139	0.11157142857142854	0.0632917683596407	-0.0632917683596407	0.0024715435544439687	0.4445258882626736	0.005559954143735979	False
0.92	0.26654761904761903	0.0914523809523809	0.0632917683596407	-0.0632917683596407	0.0020258640189114983	0.4850633369835424	0.004176493798747427	False
0.92	0.2866666666666666	0.0713333333333333	0.0632917683596407	-0.0632917683596407	0.0015801844833790287	0.5256107202753384	0.003006377956962631	False
0.92	0.3067857142857143	0.05121428571428566	0.0632917683596407	-0.0632917683596407	0.0011345049478465583	0.5661492176490285	0.0020038974045705903	False
0.92	0.32690476190476186	0.031095238095238065	0.0632917683596407	-0.0632917683596407	0.0006888254123140889	0.6066649443412278	0.0011354297272971302	False
0.92	0.34702380952380946	0.010976190476190473	0.0632917683596407	-0.0632917683596407	0.00024314587678161962	0.6471477647032196	0.0003757192561626567	False
0.96	0.025119047619047617	0.3288809523809524	0.056134762834133725	-0.056134762834133725	0.006461578991899076	0.024929068837302792	0.2591985699132992	True
0.96	0.04523809523809523	0.30876190476190474	0.056134762834133725	-0.056134762834133725	0.006066296703608718	0.05566063449281908	0.1089872000002326	False
0.96	0.06535714285714285	0.28864285714285715	0.056134762834133725	-0.056134762834133725	0.005671014415318359	0.09020609746883278	0.06286730691656135	False
0.96	0.08547619047619047	0.2685238095238095	0.056134762834133725	-0.056134762834133725	0.005275732127028001	0.12689615129660622	0.04157519414987252	False
0.96	0.10559523809523809	0.2484047619047619	0.056134762834133725	-0.056134762834133725	0.004880449838737643	0.16491548047478125	0.029593642905366653	False
0.96	0.1257142857142857	0.2282857142857143	0.056134762834133725	-0.056134762834133725	0.004485167550447285	0.20380262851831912	0.022007407770229657	False
0.96	0.14583333333333331	0.20816666666666667	0.056134762834133725	-0.056134762834133725	0.004089885262156926	0.24327266495805228	0.016811939240531395	False
0.96	0.16595238095238093	0.18804761904761905	0.056134762834133725	-0.056134762834133725	0.0036946029738665676	0.28313917646107756	0.013048716959782694	False
0.96	0.18607142857142855	0.16792857142857143	0.056134762834133725	-0.056134762834133725	0.003299320685576209	0.32327512167157857	0.010205922028630625	False
0.96	0.20619047619047617	0.1478095238095238	0.056134762834133725	-0.056134762834133725	0.002904038397285851	0.3635913152033327	0.007987095059357546	False
0.96	0.2263095238095238	0.1276904761904762	0.056134762834133725	-0.056134762834133725	0.0025087561089954928	0.4040237759613656	0.006209426915596646	False
0.96	0.24642857142857139	0.1075714285714286	0.056134762834133725	-0.056134762834133725	0.0021134738207051348	0.4445258882626736	0.004754444851266497	False
0.96	0.26654761904761903	0.08745238095238095	0.056134762834133725	-0.056134762834133725	0.0017181915324147763	0.4850633369835424	0.0035422003713982456	False
0.96	0.2866666666666666	0.06733333333333336	0.056134762834133725	-0.056134762834133725	0.0013229092441244185	0.5256107202753384	0.0025168992813377543	False
0.96	0.3067857142857143	0.04721428571428571	0.056134762834133725	-0.056134762834133725	0.0009276269558340597	0.5661492176490285	0.0016384849204350948	False
0.96	0.32690476190476186	0.027095238095238117	0.056134762834133725	-0.056134762834133725	0.0005323446675437019	0.6066649443412278	0.0008774937014397137	False
0.96	0.34702380952380946	0.006976190476190525	0.056134762834133725	-0.056134762834133725	0.00013706237925334414	0.6471477647032196	0.00021179456490311857	False
1.0	0.025119047619047617	0.3248809523809524	0.049787068367863944	-0.049787068367863944	0.005661204565662529	0.024929068837302792	0.22709250002917658	True
1.0	0.04523809523809523	0.30476190476190473	0.049787068367863944	-0.049787068367863944	0.0053106206259054866	0.05566063449281908	0.09541070945913531	False
1.0	0.06535714285714285	0.28464285714285714	0.049787068367863944	-0.049787068367863944	0.004960036686148445	0.09020609746883278	0.05498560324995983	False
1.0	0.08547619047619047	0.2645238095238095	0.049787068367863944	-0.049787068367863944	0.004609452746391403	0.12689615129660622	0.03632460637531314	False
1.0	0.10559523809523809	0.2444047619047619	0.049787068367863944	-0.049787068367863944	0.004258868806634361	0.16491548047478125	0.02582455445888613	False
1.0	0.1257142857142857	0.22428571428571428	0.049787068367863944	-0.049787068367863944	0.00390828486687732	0.20380262851831912	0.019176812857082545	False
1.0	0.14583333333333331	0.20416666666666666	0.049787068367863944	-0.049787068367863944	0.0035577009271202777	0.24327266495805228	0.014624334911338006	False
1.0	0.16595238095238093	0.18404761904761904	0.049787068367863944	-0.049787068367863944	0.0032071169873632357	0.28313917646107756	0.011326998359777	False
1.0	0.18607142857142855	0.16392857142857142	0.049787068367863944	-0.049787068367863944	0.002856533047606194	0.32327512167157857	0.008836229131507995	False
1.0	0.20619047619047617	0.1438095238095238	0.049787068367863944	-0.049787068367863944	0.0025059491078491514	0.3635913152033327	0.006892213876032047	False
1.0	0.2263095238095238	0.12369047619047618	0.049787068367863944	-0.049787068367863944	0.0021553651680921095	0.4040237759613656	0.00533474833990516	False
1.0	0.24642857142857139	0.10357142857142859	0.049787068367863944	-0.049787068367863944	0.0018047812283350682	0.4445258882626736	0.0040600137719506895	False
1.0	0.26654761904761903	0.08345238095238094	0.049787068367863944	-0.049787068367863944	0.0014541972885780258	0.4850633369835424	0.002997953417014003	False
1.0	0.2866666666666666	0.06333333333333335	0.049787068367863944	-0.049787068367863944	0.0011036133488209843	0.5256107202753384	0.0020996781577112093	False
1.0	0.3067857142857143	0.043214285714285705	0.049787068367863944	-0.049787068367863944	0.000753029409063942	0.5661492176490285	0.0013300899932193596	False
1.0	0.32690476190476186	0.023095238095238113	0.049787068367863944	-0.049787068367863944	0.00040244546930690055	0.6066649443412278	0.0006633735360198085	False
1.0	0.34702380952380946	0.002976190476190521	0.049787068367863944	-0.049787068367863944	5.186152954985905e-05	0.6471477647032196	8.013862115963983e-05	False
