C_tot_uM	K_d_uM	theta	f_codon	C_avail_uM	c_free_uM	folding_arm_saturation	P_star	P_dagger	headroom_P	headroom_A	margin_log10	mechanism	collapsed
30.0	0.06	0.0	0.0006334247974475959	30.0	4.651779919273401	0.9872659587187909	0.0010898288620965518	0.027402369283022754	25.14373608192722	281.8925999954972	1.4004298095158783	aggregation_death	False
30.0	0.06	0.5	0.0006334247974475959	15.0	2.3013419789324496	0.9745907197960689	0.0011035872232216634	0.027402369283022754	24.83027050913835	274.9384314329949	1.3949814509273453	aggregation_death	False
30.0	0.06	0.8	0.0006334247974475959	5.999999999999998	0.8911246306974177	0.9369167845479885	0.001146612986177756	0.022081377745102968	19.257917022823392	254.7830490100424	1.2846093111158743	monomer_runaway	False
30.0	0.06	0.9	0.0006334247974475959	2.999999999999999	0.42113499125437887	0.8752948733918259	0.001224721318484744	0.01646915237157889	13.447265204752815	223.47381654208166	1.1286339700447587	monomer_runaway	False
30.0	0.06	0.95	0.0006334247974475959	1.5000000000000013	0.1863273582388662	0.7564216966033575	0.0014100695186984248	0.012732126599452132	9.029431833406779	168.88855354654797	0.9556604236934222	monomer_runaway	False
30.0	0.06	0.98	0.0006334247974475959	0.6000000000000005	0.046450586777627284	0.4363582032164975	0.0023833904009539354	0.010029543880254841	4.2080994688241535	59.90421586127491	0.624085996889716	monomer_runaway	False
30.0	0.06	0.99	0.0006334247974475959	0.30000000000000027									True
30.0	1.0	0.0	0.0006334247974475959	30.0	22.440569181352476	0.957338919875908	0.0011228816223504729	0.027402369283022754	24.40361364688	265.6133086819826	1.3874541407115852	aggregation_death	False
30.0	1.0	0.5	0.0006334247974475959	15.0	11.102179950664318	0.9173702585751827	0.0011702866964436258	0.027402369283022754	23.415090820305466	244.62886955729624	1.3694958466229468	aggregation_death	False
30.0	1.0	0.8	0.0006334247974475959	5.999999999999998	4.299888593237748	0.8113167885687402	0.0013179499653672756	0.023023402291633334	17.469101936064288	193.14458007851096	1.2422705790392088	monomer_runaway	False
30.0	1.0	0.9	0.0006334247974475959	2.999999999999999	2.0337725217799183	0.6703773955295439	0.0015836374158083603	0.0178553526900659	11.27489948887809	134.15139184162726	1.0521126790094055	monomer_runaway	False
30.0	1.0	0.95	0.0006334247974475959	1.5000000000000013	0.9034358899020614	0.4746342625432719	0.0022010936867643952	0.014753369131884004	6.702744740307459	70.0301786494762	0.8262526805325016	monomer_runaway	False
30.0	1.0	0.98	0.0006334247974475959	0.6000000000000005	0.23291036504155502	0.1889110284458553	0.005253661065319423	0.01338479760808145	2.5477086248363934	13.218886647477465	0.406149757312596	monomer_runaway	False
30.0	1.0	0.99	0.0006334247974475959	0.30000000000000027									True
30.0	2.0	0.0	0.0006334247974475959	30.0	25.560260120780544	0.9274317444307429	0.001157979837513453	0.027402369283022754	23.663943356616866	249.82982489097517	1.3740871171016773	aggregation_death	False
30.0	2.0	0.5	0.0006334247974475959	15.0	12.645986101327187	0.8634438141506384	0.0012409808033479544	0.027402369283022754	22.081219313865162	217.6883918274271	1.3440230512429665	aggregation_death	False
30.0	2.0	0.8	0.0006334247974475959	5.999999999999998	4.898872658801211	0.710097562469354	0.0014984771911016783	0.02395831872610279	15.988444047312235	149.6890567301532	1.2038062014231565	monomer_runaway	False
30.0	2.0	0.9	0.0006334247974475959	2.999999999999999	2.3189746507298636	0.5369271269832483	0.0019578346808169222	0.01917040248010227	9.791634946472225	88.1939685774989	0.9908552136568732	monomer_runaway	False
30.0	2.0	0.95	0.0006334247974475959	1.5000000000000013	1.0335172891969688	0.3406993238105332	0.00300903020316499	0.01656940439084003	5.506559679398308	38.025288470336925	0.7408803504139162	monomer_runaway	False
30.0	2.0	0.98	0.0006334247974475959	0.6000000000000005	0.2611915876711918	0.11551059587135376	0.008647762238430815	0.016226892667454113	1.8764267818721359	5.474950096571711	0.2733316229194813	monomer_runaway	False
30.0	2.0	0.99	0.0006334247974475959	0.30000000000000027									True
50.0	0.06	0.0	0.0006334247974475959	50.0	7.785714090109015	0.992352512555149	0.001084403701993632	0.027402369283022754	25.26952760548919	284.70778595731986	1.402597123192295	aggregation_death	False
50.0	0.06	0.5	0.0006334247974475959	25.0	3.868298175089543	0.9847262103522393	0.0010925580639564478	0.027402369283022754	25.080927217535127	280.4922100060685	1.3993435879009233	aggregation_death	False
50.0	0.06	0.8	0.0006334247974475959	9.999999999999998	1.5178750339885738	0.9619741749456981	0.0011176315277711163	0.027402369283022754	24.51825006911811	268.102954531019	1.3894894702327505	aggregation_death	False
50.0	0.06	0.9	0.0006334247974475959	4.999999999999999	0.7344470645317437	0.9244757735553286	0.0011615685163607575	0.020388166324708246	17.552271809660628	248.29614069884983	1.2443333356477806	monomer_runaway	False
50.0	0.06	0.95	0.0006334247974475959	2.500000000000002	0.3428300885671175	0.851053827152231	0.001258448417085518	0.015326941217953936	12.179236756839112	211.72124455253336	1.085620072970158	monomer_runaway	False
50.0	0.06	0.98	0.0006334247974475959	1.0000000000000009	0.10827592819580845	0.6434427630660098	0.0016471326298705656	0.011237271132905943	6.8223231870459555	124.1006731439529	0.8339322889538324	monomer_runaway	False
50.0	0.06	0.99	0.0006334247974475959	0.5000000000000004	0.031379114069938145	0.3433948160837032	0.002986833120180477	0.009798452490278173	3.280549028358876	38.57506401849742	0.5159465327461468	monomer_runaway	False
50.0	1.0	0.0	0.0006334247974475959	50.0	37.558701150173626	0.9740655164678572	0.0011041648112449756	0.027402369283022754	24.817281807890474	274.6521619913062	1.394754212276315	aggregation_death	False
50.0	1.0	0.5	0.0006334247974475959	25.0	18.661065978140606	0.9491380578697101	0.001132292233338432	0.027402369283022754	24.200792406947855	261.23706721276255	1.3838295863246775	aggregation_death	False
50.0	1.0	0.8	0.0006334247974475959	9.999999999999998	7.3229201271805655	0.8798498622215234	0.00121858485700847	0.027402369283022754	22.487042347049524	225.71770800079224	1.3519323377466692	aggregation_death	False
50.0	1.0	0.9	0.0006334247974475959	4.999999999999999	3.5442918463978526	0.7799437109672709	0.0013690634751025725	0.02143211295592856	15.654579459380312	179.08220652024184	1.194641405333726	monomer_runaway	False
50.0	1.0	0.95	0.0006334247974475959	2.500000000000002	1.6564938770017112	0.6235639733042924	0.0016973724537697552	0.016858683964199837	9.932224319275232	116.93440456090016	0.9970465195336833	monomer_runaway	False
50.0	1.0	0.98	0.0006334247974475959	1.0000000000000009	0.5292350015174742	0.34607826854100865	0.0029650659104348944	0.013756762371157565	4.639614358231863	39.12621255280994	0.666481883776389	monomer_runaway	False
50.0	1.0	0.99	0.0006334247974475959	0.5000000000000004	0.1565371298150675	0.13534985239954908	0.00731376789201597	0.01353522978987635	1.85065071652766	7.298779887176357	0.26732445970450974	monomer_runaway	False
50.0	2.0	0.0	0.0006334247974475959	50.0	42.7798464539462	0.9553370509642793	0.0011251643230068657	0.027402369283022754	24.354104305221153	264.5416842535271	1.3865721617274125	aggregation_death	False
50.0	2.0	0.5	0.0006334247974475959	25.0	21.255422709999486	0.9139985531572371	0.0011744696372591693	0.027402369283022754	23.331696634551562	242.89825097288644	1.3679463209725853	aggregation_death	False
50.0	2.0	0.8	0.0006334247974475959	9.999999999999998	8.34162816820191	0.8066068546005615	0.0013253782102313988	0.027402369283022754	20.675131876687903	190.99943484374444	1.3154482883883176	aggregation_death	False
50.0	2.0	0.9	0.0006334247974475959	4.999999999999999	4.038491833475857	0.6687914705932844	0.0015872396696113326	0.022457341104412862	14.148676809414669	133.54873080367045	1.1507158263451256	monomer_runaway	False
50.0	2.0	0.95	0.0006334247974475959	2.500000000000002	1.889715338400989	0.48582355622399515	0.0021530038561801404	0.018291820739536096	8.495953542781594	73.13896924370468	0.9292121289529351	monomer_runaway	False
50.0	2.0	0.98	0.0006334247974475959	1.0000000000000009	0.6079306305089468	0.2331084360132336	0.004299496793604252	0.015952877327319457	3.7104056807415877	19.205597925463593	0.5694213962122056	monomer_runaway	False
50.0	2.0	0.99	0.0006334247974475959	0.5000000000000004									True
80.0	0.06	0.0	0.0006334247974475959	80.0	12.486622038054694	0.9952178363373013	0.0010813713709951181	0.027402369283022754	25.340387232377047	286.2997939222987	1.4038132471535636	aggregation_death	False
80.0	0.06	0.5	0.0006334247974475959	40.0	6.218746109326801	0.9904439518726721	0.001086432965642655	0.027402369283022754	25.222328619983927	283.64983668017584	1.4017851797836216	aggregation_death	False
80.0	0.06	0.8	0.0006334247974475959	15.999999999999996	2.4580367711969004	0.9761719127034509	0.001101851964745756	0.027402369283022754	24.869374616349344	275.8011855628056	1.3956648643176457	aggregation_death	False
80.0	0.06	0.9	0.0006334247974475959	7.999999999999998	1.2044949257873276	0.9525502247763933	0.001128357609272739	0.025122412906007766	22.26458411726397	263.0534797400693	1.347614587306261	monomer_runaway	False
80.0	0.06	0.95	0.0006334247974475959	4.0000000000000036	0.5777799915318685	0.9059236714907168	0.0011846100794853766	0.018536256057352474	15.647558954930616	238.7786476306466	1.194446596509265	monomer_runaway	False
80.0	0.06	0.98	0.0006334247974475959	1.6000000000000014	0.2019644299882384	0.7709612713348378	0.00138443741810692	0.013014368695859693	9.400474536187806	175.1541589387457	0.9731497773492801	monomer_runaway	False
80.0	0.06	0.99	0.0006334247974475959	0.8000000000000007	0.07720970557621232	0.5627131495689031	0.001872278333480588	0.010614833405922878	5.669474039252366	96.32465985368208	0.7535427709836494	monomer_runaway	False
80.0	1.0	0.0	0.0006334247974475959	80.0	60.23601013807531	0.9836697394597527	0.0010936973756296782	0.027402369283022754	25.05480025244304	279.9107131536643	1.3988909447114006	aggregation_death	False
80.0	1.0	0.5	0.0006334247974475959	40.0	29.999620320372383	0.9677415403909699	0.0011111673606567251	0.027402369283022754	24.66088390755766	271.21693015570224	1.392008638735592	aggregation_death	False
80.0	1.0	0.8	0.0006334247974475959	15.999999999999996	11.858054924752329	0.9222277392768827	0.0011643126694698836	0.027402369283022754	23.53523241785144	247.1329346629345	1.371718491458933	aggregation_death	False
80.0	1.0	0.9	0.0006334247974475959	7.999999999999998	5.8113250073439735	0.8531856872309279	0.001255407897447438	0.025922113008322794	20.648359040140665	212.74204616774102	1.31488554325008	monomer_runaway	False
80.0	1.0	0.95	0.0006334247974475959	4.0000000000000036	2.788861047104368	0.7360684417909048	0.0014475908891829305	0.019718749245443513	13.621769377516216	160.3098825533803	1.1342335232142478	monomer_runaway	False
80.0	1.0	0.98	0.0006334247974475959	1.6000000000000014	0.978567972721508	0.4945839547657763	0.002116807568479278	0.014966214908869279	7.070182066488481	75.61991793597774	0.8494305975950881	monomer_runaway	False
80.0	1.0	0.99	0.0006334247974475959	0.8000000000000007	0.3807750377532402	0.27576906254970185	0.0036699268656579464	0.013464576323055526	3.6688949987131663	25.94189534530311	0.5645352827202433	monomer_runaway	False
80.0	2.0	0.0	0.0006334247974475959	80.0	68.60944697574577	0.9716751782422685	0.0011068012279495478	0.027402369283022754	24.758166679836624	273.3511636014818	1.3937184824196163	aggregation_death	False
80.0	2.0	0.5	0.0006334247974475959	40.0	34.170023764231125	0.9447055934207648	0.0011374445773474774	0.027402369283022754	24.091168773185526	258.8869393551675	1.3818578701283586	aggregation_death	False
80.0	2.0	0.8	0.0006334247974475959	15.999999999999996	13.506902859740213	0.8710251803284007	0.0012305298834474295	0.027402369283022754	22.26875564066172	221.3806768807576	1.3476959497016223	aggregation_death	False
80.0	2.0	0.9	0.0006334247974475959	7.999999999999998	6.620097285506675	0.767984057052038	0.0013896097040893272	0.026727388087753715	19.233737364600053	173.86185477700488	1.2840636814884083	monomer_runaway	False
80.0	2.0	0.95	0.0006334247974475959	4.0000000000000036	3.1784217245741457	0.6137819385182515	0.0017232415888967351	0.020863622566106254	12.107195358175924	113.48639754918976	1.0830435501176963	monomer_runaway	False
80.0	2.0	0.98	0.0006334247974475959	1.6000000000000014	1.118897045140549	0.3587476691107408	0.0028665309702319047	0.01672888335943833	5.835933235385539	41.77999471774323	0.7661103148064887	monomer_runaway	False
80.0	2.0	0.99	0.0006334247974475959	0.8000000000000007	0.4377057435177494	0.17955643115732045	0.0055180793923419605	0.015913329975928186	2.8838530300982703	12.07997804764839	0.45997312364664966	monomer_runaway	False
