codon	mu	nu_tai	aa	log_mu	mu_z	nu_z	degeneracy
AAA	1.838935e-05	1.0	K	-10.90373886526906	-1.1621577758215589	3.448365778106332	2
AAC	3.310272e-05	0.666666666666667	N	-10.31589510373087	-0.6658011995065709	1.8008579054467448	2
AAG	0.0001154852	0.32	K	-9.066368174741006	0.38925959907008767	0.08744971788077101	2
AAT	0.0001003865	0.393333333333333	N	-9.206482821898884	0.2709512472507435	0.44990144986587877	2
ACA	0.0001035518	0.166666666666667	T	-9.175438587366953	0.2971640115510207	-0.6704039035426383	4
ACC	3.02578e-05	0.333333333333333	T	-10.405756555485672	-0.7416773513925683	0.15335003278715278	4
ACG	5.107252e-05	0.386666666666667	T	-9.882263974484504	-0.29965686528223745	0.41695129241269036	4
ACT	6.984216e-05	0.196666666666667	T	-9.569272719076132	-0.03537700366642858	-0.5221281950032753	4
AGA	0.0004195511	0.166666666666667	R	-7.776325227794882	1.478530834627593	-0.6704039035426383	6
AGC	0.0001603721	0.166666666666667	S	-8.738013817810828	0.6665115749990433	-0.6704039035426383	6
AGG	0.003751488	0.22	R	-5.585602717704118	3.328307247869642	-0.4068026439171057	6
AGT	0.0004802533	0.0983333333333333	S	-7.641196884918082	1.592628909697645	-1.0081430174378558	6
ATA	0.0001065076	0.0183333333333333	I	-9.147294213858558	0.3209282254309185	-1.403544906876157	3
ATC	2.979825e-05	0.5	I	-10.4210608910095	-0.75459984556603	0.977103969116949	3
ATT	2.473827e-05	0.295	I	-10.607159120688287	-0.9117352719928393	-0.036113372568698274	3
CAA	6.557735e-05	0.333333333333333	Q	-9.632280196025402	-0.08857851329706783	0.15335003278715278	2
CAC	0.0001493311	0.166666666666667	H	-8.809344569686374	0.6062821567361433	-0.6704039035426383	2
CAG	2.378036e-05	0.44	Q	-10.646650528044152	-0.9450805603696796	0.680552552038223	2
CAT	0.000432863	0.0983333333333333	H	-7.745089277254585	1.504905477827951	-1.0081430174378558	2
CCA	2.595111e-05	0.166666666666667	P	-10.559296174700709	-0.8713213226458577	-0.6704039035426383	4
CCC	0.0004842615	0.166666666666667	P	-7.632885507895133	1.5996467721187397	-0.6704039035426383	4
CCG	1.609342e-05	0.22	P	-11.03710006516486	-1.2747637315611056	-0.4068026439171057	4
CCT	3.04748e-05	0.0983333333333333	P	-10.398610445374832	-0.735643403291622	-1.0081430174378558	4
CGA	0.000660793	6.66666666666593e-05	R	-7.322069929033954	1.8620895616538522	-1.4938283382979025	6
CGC	7.704752e-05	0.48	R	-9.471088183607787	0.047526895397879375	0.8782534967573735	6
CGG	0.0001846502	0.166666666666667	R	-8.597047333536041	0.7855391909878672	-0.6704039035426383	6
CGT	4.205486e-05	0.666666666666667	R	-10.076535601529377	-0.4636936484962258	1.8008579054467448	6
CTA	7.031854e-05	0.166666666666667	L	-9.562475067032697	-0.0296372824751529	-0.6704039035426383	6
CTC	4.011988e-05	0.166666666666667	L	-10.123638585901931	-0.5034659104254873	-0.6704039035426383	6
CTG	2.007085e-05	0.72	L	-10.81624204428403	-1.088278242952256	2.0644591650722774	6
CTT	3.602176e-05	0.0983333333333333	L	-10.231387357666684	-0.5944455464351536	-1.0081430174378558	6
GAA	1.261388e-05	0.666666666666667	E	-11.280712763007324	-1.4804625457010037	1.8008579054467448	2
GAC	1.383081e-05	0.5	D	-11.188611845672947	-1.4026954603041275	0.977103969116949	2
GAG	2.537219e-05	0.213333333333333	E	-10.581856865650586	-0.8903708525581593	-0.4397528013702992	2
GAT	1.054474e-05	0.295	D	-11.45988340057269	-1.631748533674086	-0.036113372568698274	2
GCA	0.0001121891	0.5	A	-9.095324717544935	0.3648096152674735	0.977103969116949	4
GCC	0.0001027089	0.333333333333333	A	-9.183611784609269	0.2902628237419883	0.15335003278715278	4
GCG	8.921182e-05	0.16	A	-9.324497015946383	0.17130381514954654	-0.7033540609958316	4
GCT	0.0001146645	0.196666666666667	A	-9.073500084786343	0.3832376410528305	-0.5221281950032753	4
GGA	0.0002593226	0.166666666666667	G	-8.257437711485313	1.0722947548193893	-0.6704039035426383	4
GGC	9.474779e-05	0.666666666666667	G	-9.264292038812018	0.2221389830678748	1.8008579054467448	4
GGG	0.0002496278	0.22	G	-8.295539549465966	1.040122774628771	-0.4068026439171057	4
GGT	7.26621e-05	0.393333333333333	G	-9.52969062985476	-0.0019551464064231344	0.44990144986587877	4
GTA	3.874367e-05	0.833333333333333	V	-10.158543170347484	-0.5329382314173062	2.6246118417765363	4
GTC	0.0001618121	0.333333333333333	V	-8.729074772452483	0.6740594206000279	0.15335003278715278	4
GTG	5.041021e-05	0.266666666666667	V	-9.8953168240383	-0.3106782763094191	-0.1761515417447616	4
GTT	6.962334e-05	0.196666666666667	V	-9.572410702011823	-0.03802661665614327	-0.5221281950032753	4
TAC	2.751032e-05	0.5	Y	-10.500949350961674	-0.8220551203573782	0.977103969116949	2
TAT	2.021938e-05	0.295	Y	-10.808869007552246	-1.0820526852298153	-0.036113372568698274	2
TCA	5.177859e-05	0.166666666666667	S	-9.868533814602603	-0.2880635549553493	-0.6704039035426383	6
TCC	3.065463e-05	0.333333333333333	S	-10.39272684663163	-0.730675479636287	0.15335003278715278	6
TCG	7.572316e-05	0.22	S	-9.488426499794517	0.032886972641884865	-0.4068026439171057	6
TCT	1.624405e-05	0.196666666666667	S	-11.027783870085369	-1.2668974327305464	-0.5221281950032753	6
TGC	0.000218215	0.166666666666667	C	-8.430029742656773	0.9265635328577014	-0.6704039035426383	2
TGT	0.001201923	0.0983333333333333	C	-6.72383250482121	2.3672222161686234	-1.0081430174378558	2
TTA	4.318377e-05	0.166666666666667	L	-10.050045827749493	-0.44132652600378486	-0.6704039035426383	6
TTC	4.467712e-05	0.333333333333333	F	-10.01604904421144	-0.41262072322633525	0.15335003278715278	2
TTG	4.546901e-05	0.22	L	-9.998479562961698	-0.3977856120431644	-0.4068026439171057	6
TTT	3.152088e-05	0.196666666666667	F	-10.364860374582593	-0.7071459169102241	-0.5221281950032753	2
