aa	degeneracy	delta_mu	delta_nu	delta_2D
A	4	0.11839137820588952	0.9528087196881284	0.9739418854113661
C	2	1.440658683310922	0.3377391138952175	1.4797179294899032
D	2	0.2290530733699585	1.0132173416856471	1.0387852000836135
E	2	0.5900916931428444	2.240610706817044	2.317011986550644
F	2	0.29452519368388885	0.6754782277904281	0.7368961432477644
G	4	0.6734555825397223	1.3784149201251887	1.5839769087876043
H	2	0.8986233210918076	0.3377391138952175	0.9599956157529037
I	3	0.8217756649491719	1.5870992506620707	1.8262230013648237
K	2	1.5514173748916464	3.360916060225561	3.7017094206592978
L	6	0.39635493266554556	1.0769209794284842	1.2120386347193972
N	2	0.9367524467573144	1.350956455580866	1.6439551366693166
P	4	1.459818238398962	0.30067018676037505	1.5617584768396775
Q	2	0.8565020470726118	0.5272025192510702	1.0057525803816014
R	6	1.6731122749491323	1.4255336452832534	2.3285744661800223
S	6	1.2540095602429455	0.44976964923606705	1.3815241717861215
T	4	0.5634673250744293	0.6562573026094024	0.8996339479148715
V	4	0.6489407692842131	1.6282869474785582	1.8676095068904857
Y	2	0.2599975648724372	1.0132173416856471	1.0460440312109842
