dropped_codon	aa	mu	z	p	observed	n_codons
ATA	I	0.0008258727	-3.8560061105832824	0.0004998750312421895	0.6883316652265208	58
CAA	Q	0.0004527521	-3.7241114290303154	0.0004998750312421895	0.6961370940554072	57
CAG	Q	0.0001150464	-3.7241114290303146	0.0004998750312421895	0.7034414635957242	57
TAC	Y	0.001045043	-3.6785807147963703	0.0004998750312421895	0.7059303620060886	57
TAT	Y	0.0002977838	-3.6785807147963703	0.0004998750312421895	0.7023353320772854	57
CCC	P	0.02033071	-3.668063813164799	0.000999750062484379	0.6901032890840494	58
AAA	K	0.0001470805	-3.614189690981587	0.000999750062484379	0.720687320359669	57
AAG	K	0.0003919346	-3.614189690981583	0.000999750062484379	0.7158094974356563	57
GAA	E	0.0003089001	-3.5858181558144167	0.000999750062484379	0.7170204424726062	57
GAG	E	0.0001179011	-3.5858181558144127	0.000999750062484379	0.7239333791931365	57
CTA	L	0.0004694291	-3.563557164566533	0.0007498125468632841	0.7246368185389018	58
TTA	L	0.0003579307	-3.5635571645665323	0.0007498125468632841	0.7272173812503152	58
CTT	L	0.0001760656	-3.563557164566532	0.0007498125468632841	0.7239559286423563	58
CTG	L	0.0007560202	-3.5635571645665314	0.0007498125468632841	0.7172080166576481	58
CTC	L	0.0001903949	-3.5635571645665305	0.0007498125468632841	0.7248625584645516	58
TTG	L	0.0003218169	-3.563557164566529	0.0007498125468632841	0.7274029324905764	58
GGG	G	0.0005665506	-3.5422940441953563	0.001999500124968758	0.7167397102621424	58
GGC	G	0.0002349188	-3.5407599076959277	0.0014996250937265683	0.7237882806565257	58
TCT	S	0.0002158333	-3.5358741293138882	0.000999750062484379	0.7305719833221977	58
AGC	S	0.0006551624	-3.5358741293138873	0.000999750062484379	0.71908223652277	58
TCA	S	0.0001011552	-3.5358741293138873	0.000999750062484379	0.7303543386399877	58
AGT	S	0.0007994849	-3.5358741293138864	0.000999750062484379	0.7163353753687185	58
TCG	S	0.0001693866	-3.5358741293138864	0.000999750062484379	0.7323281453860582	58
TCC	S	0.0001333764	-3.5358741293138864	0.000999750062484379	0.7323273779634254	58
GCC	A	0.0003179319	-3.533386155769751	0.0017495626093476631	0.7195285504403801	58
GGT	G	0.0002665382	-3.5283116923077995	0.0017495626093476631	0.72723119598358	58
GCG	A	0.0002133139	-3.5259806825831896	0.0017495626093476631	0.7234817417143472	58
ACA	T	0.0002705712	-3.522891662722535	0.000999750062484379	0.7228831229204008	58
GCA	A	0.0002403524	-3.514048660065422	0.0017495626093476631	0.7266252194997799	58
ACT	T	0.0002614404	-3.513902973608356	0.0012496875781054736	0.7241155601659067	58
GCT	A	0.0002627794	-3.507533647897917	0.001999500124968758	0.7262163273779865	58
GGA	G	0.00041212	-3.4979998395118956	0.0017495626093476631	0.726373337313284	58
ACC	T	0.0001836808	-3.4946704161151	0.0012496875781054736	0.7258966742687185	58
ACG	T	0.0001853825	-3.4946704161150994	0.0012496875781054736	0.7261219632914745	58
ATT	I	0.0002096603	-3.488805976635932	0.0004998750312421895	0.7398666001254446	58
GTC	V	0.0003380108	-3.486675107353164	0.001999500124968758	0.7175836961698004	58
TTT	F	0.0002627471	-3.4828785397565434	0.000999750062484379	0.7359758571292463	57
TTC	F	0.0004784896	-3.482878539756541	0.000999750062484379	0.7351674924964203	57
CCA	P	0.0002472885	-3.4764277628435525	0.0014996250937265683	0.7596811786264186	58
CCG	P	0.0001745707	-3.4611801647180216	0.0017495626093476631	0.7620156636181672	58
CCT	P	0.0001636193	-3.4611801647180216	0.0017495626093476631	0.7605123144071488	58
ATC	I	0.000242373	-3.443408100910943	0.0004998750312421895	0.7459727710858339	58
AAC	N	0.0004338979	-3.4177823985735327	0.000999750062484379	0.7423963882545181	57
AAT	N	0.0002754379	-3.4177823985735323	0.000999750062484379	0.7431258492799409	57
GTG	V	0.0004575475	-3.416113468757823	0.0022494376405898524	0.7271174514973624	58
AGG	R	0.006276316	-3.402210137486079	0.000999750062484379	0.7376035749573937	58
CGA	R	0.001031396	-3.402210137486077	0.000999750062484379	0.738285107782953	58
CGC	R	0.001051716	-3.4022101374860765	0.000999750062484379	0.7384618546875727	58
CGG	R	0.001164647	-3.402210137486076	0.000999750062484379	0.7384670950783543	58
CGT	R	0.0001750105	-3.402210137486075	0.000999750062484379	0.7098395294938913	58
AGA	R	0.0005365252	-3.4022101374860747	0.000999750062484379	0.7282784873436356	58
GTT	V	0.001059536	-3.3541122725890076	0.0022494376405898524	0.7313758424605283	58
GTA	V	0.001330374	-3.353930059803924	0.001999500124968758	0.7264038672839548	58
CAT	H	0.001779026	-3.156627218319917	0.007998000499875032	0.771652835985441	57
CAC	H	0.001948674	-3.1566272183199167	0.007998000499875032	0.773078235241681	57
GAC	D	6.695742e-05	-2.8591213212405533	0.00424893776555861	0.7457802965770592	57
GAT	D	3.315149e-05	-2.8591213212405515	0.00424893776555861	0.7615873238329534	57
TGT	C	0.00946587	-2.62491095760649	0.009997500624843789	0.7931629768409109	57
TGC	C	0.005808007	-2.6249109576064864	0.009997500624843789	0.7769836257441176	57
