name	ok	n_candidates	n_polished	n_max	n_min	has_both	j_at_max	j_at_min	orient_agree	orient_n	group
draw60	True	3	3	2	1	True	0.003978080868860331	0.0034807396559569156	3	3	d2R>0
draw222	True	2	2	1	1	True	0.06811629880087805	0.051076677901316106	2	2	d2R>0
draw374	True	2	2	1	1	True	0.03716523077601893	0.035742188088301596	2	2	d2R>0
draw455	True	3	3	2	1	True	0.36420381887372394	0.2874486887815737	3	3	d2R>0
draw626	True	2	2	1	1	True	0.10187564709602866	0.09878369208759033	2	2	d2R>0
draw878	True	2	2	1	1	True	0.18582339997805575	0.18564847988284802	2	2	d2R>0
draw984	True	2	2	1	1	True	0.032202467340692674	0.030870768894722667	2	2	d2R>0
draw1093	True	2	2	1	1	True	0.10164053353891282	0.09094149519276072	2	2	d2R>0
draw1151	True	2	2	1	1	True	0.005592362034225801	0.005208654448574127	2	2	d2R>0
draw1357	True	2	2	1	1	True	0.06507286951480301	0.06413045242282527	2	2	d2R>0
draw1396	True	2	2	1	1	True	0.2757521875975924	0.1749465423442823	2	2	d2R>0
draw1466	True	2	2	1	1	True	0.009400988453878949	0.00930661971657258	2	2	d2R>0
draw1968	True	2	2	1	1	True	0.15910605491045227	0.1430214108630997	2	2	d2R>0
draw2168	True	2	2	1	1	True	0.006972466085567296	0.0059318993188962384	2	2	d2R>0
draw2476	True	2	2	1	1	True	0.056270354447179816	0.048340184428963394	2	2	d2R>0
draw2752	True	2	2	1	1	True	0.04134849890820459	0.03838071193641715	2	2	d2R>0
draw2761	True	2	2	1	1	True	0.061456758916730365	0.06040859247948768	2	2	d2R>0
draw2795	True	2	2	1	1	True	0.023041767957973143	0.02273224987767048	2	2	d2R>0
draw3413	True	2	2	1	1	True	0.10559989155150758	0.07733958294906505	2	2	d2R>0
draw4379	True	2	2	1	1	True	0.19735334868415846	0.11826543300881515	2	2	d2R>0
draw4435	True	2	2	1	1	True	0.15571202561657035	0.11951397190064811	2	2	d2R>0
draw4608	True	2	2	1	1	True	0.0350724735266239	0.031960918072065435	2	2	d2R>0
draw4708	True	2	2	1	1	True	0.05018826698259549	0.03999430425415	2	2	d2R>0
draw4788	True	2	2	1	1	True	0.40897728922097837	0.3953323005647055	2	2	d2R>0
draw4849	True	2	2	1	1	True	0.0041552686750634185	0.004094779580720912	2	2	d2R>0
draw4976	True	2	2	1	1	True	0.05301239141901778	0.052763860275408636	2	2	d2R>0
draw2	True	1	1	1	0	False	0.23898191170949082		1	1	d2R<0
draw42	True	1	1	1	0	False	0.17068388540087115		1	1	d2R<0
draw73	True	1	1	1	0	False	0.6576187964148991		1	1	d2R<0
draw111	True	1	1	1	0	False	0.1654164332817344		1	1	d2R<0
draw142	True	3	3	2	1	True	0.3153873721997499	0.0723149185742141	3	3	d2R<0
draw174	True	1	1	1	0	False	0.23181787693872483		1	1	d2R<0
draw206	True	1	1	1	0	False	0.2669416607990381		1	1	d2R<0
draw244	True	1	1	1	0	False	0.1453705769671653		1	1	d2R<0
draw280	True	1	1	1	0	False	0.4203819505677516		1	1	d2R<0
draw308	True	1	1	1	0	False	1.2339410405093694		1	1	d2R<0
draw344	True	1	1	1	0	False	1.3777857048991113		1	1	d2R<0
draw376	True	1	1	1	0	False	0.3903276719790195		1	1	d2R<0
draw413	True	1	1	1	0	False	0.5513219476490537		1	1	d2R<0
draw443	True	1	1	1	0	False	0.094913912184973		1	1	d2R<0
draw470	True	1	1	1	0	False	0.2818248899860595		1	1	d2R<0
draw507	True	1	1	1	0	False	0.06668358985278898		1	1	d2R<0
draw537	True	1	1	1	0	False	0.7250955836815198		1	1	d2R<0
draw580	True	1	1	1	0	False	2.318228293517521		1	1	d2R<0
draw607	True	1	1	1	0	False	0.3745959283735535		1	1	d2R<0
draw645	True	1	1	1	0	False	0.2891482967926565		1	1	d2R<0
draw682	True	1	1	1	0	False	0.6417119275363872		1	1	d2R<0
draw721	True	1	1	1	0	False	0.014472352320490926		1	1	d2R<0
draw755	True	1	1	1	0	False	0.042531559046922074		1	1	d2R<0
draw788	True	1	1	1	0	False	0.4172445957209829		1	1	d2R<0
draw820	True	3	3	2	1	True	0.1865994741554727	0.13831439846487575	3	3	d2R<0
draw848	True	1	1	1	0	False	0.2375591815946266		1	1	d2R<0
draw882	True	1	1	1	0	False	0.17865885658785866		1	1	d2R<0
draw927	True	1	1	1	0	False	0.004290520661529041		1	1	d2R<0
draw954	True	1	1	1	0	False	0.3019280724958861		0	1	d2R<0
draw992	True	1	1	1	0	False	0.19617270949112123		1	1	d2R<0
draw1030	True	1	1	1	0	False	0.06794033252782439		1	1	d2R<0
draw1060	True	1	1	1	0	False	0.40965665499209136		1	1	d2R<0
draw1083	True	1	1	1	0	False	0.29188856807022623		1	1	d2R<0
draw1115	True	1	1	1	0	False	0.0501982261667371		1	1	d2R<0
draw1138	True	1	1	1	0	False	0.08988022823790517		1	1	d2R<0
draw1185	True	1	1	1	0	False	0.35911127843327395		1	1	d2R<0
draw1218	True	1	1	1	0	False	0.21611874201015688		1	1	d2R<0
draw1242	True	1	1	1	0	False	0.05880127273561632		1	1	d2R<0
draw1271	True	1	1	1	0	False	0.22534526106362268		1	1	d2R<0
draw1299	True	1	1	1	0	False	0.060329996436701824		1	1	d2R<0
draw1327	True	3	3	2	1	True	0.2046195046960715	0.17527482473155476	3	3	d2R<0
draw1374	True	1	1	1	0	False	0.12693381614590507		1	1	d2R<0
draw1405	True	1	1	1	0	False	0.09081932823256465		1	1	d2R<0
draw1435	True	1	1	1	0	False	0.1571664567032979		1	1	d2R<0
draw1469	True	1	1	1	0	False	0.05271576140008347		1	1	d2R<0
draw1504	True	1	1	1	0	False	0.2706893449933883		1	1	d2R<0
draw1531	True	1	1	1	0	False	0.9120552035311968		1	1	d2R<0
draw1560	True	1	1	1	0	False	0.12907479520153095		1	1	d2R<0
draw1590	True	1	1	1	0	False	0.1321414661398931		1	1	d2R<0
draw1622	True	1	1	1	0	False	0.01097825984488023		1	1	d2R<0
draw1650	True	1	1	1	0	False	0.11442968437239756		1	1	d2R<0
draw1675	True	1	1	1	0	False	0.029270395249893798		1	1	d2R<0
draw1704	True	1	1	1	0	False	0.007445631712706773		1	1	d2R<0
draw1731	True	1	1	1	0	False	0.05056668065895229		1	1	d2R<0
draw1760	True	1	1	1	0	False	0.2057456410284236		1	1	d2R<0
draw1801	True	1	1	1	0	False	0.2103201085946969		1	1	d2R<0
draw1834	True	1	1	1	0	False	0.028559777687003584		1	1	d2R<0
draw1866	True	1	1	1	0	False	1.298378072391012		1	1	d2R<0
draw1900	True	1	1	1	0	False	0.06408749721844556		1	1	d2R<0
draw1929	True	3	3	2	1	True	0.4446649178612881	0.22015057831887114	3	3	d2R<0
draw1962	True	1	1	1	0	False	2.09790008108417		1	1	d2R<0
draw1987	True	1	1	1	0	False	0.03674298736210861		1	1	d2R<0
draw2023	True	1	1	1	0	False	0.3424556066323802		1	1	d2R<0
draw2058	True	1	1	1	0	False	0.0807948251579347		1	1	d2R<0
draw2090	True	1	1	1	0	False	0.18140924266677957		1	1	d2R<0
draw2127	True	1	1	1	0	False	0.17053729359149838		1	1	d2R<0
draw2155	True	1	1	1	0	False	0.6034661791792703		1	1	d2R<0
draw2187	True	1	1	1	0	False	0.6369185547708645		1	1	d2R<0
draw2215	True	1	1	1	0	False	0.05902260059239485		1	1	d2R<0
draw2236	True	1	1	1	0	False	0.08489462841928969		1	1	d2R<0
draw2268	True	1	1	1	0	False	0.02992949984717235		1	1	d2R<0
draw2301	True	1	1	1	0	False	0.059146975739745165		0	1	d2R<0
draw2336	True	1	1	1	0	False	0.29053419543387204		1	1	d2R<0
draw2379	True	1	1	1	0	False	0.1251319167779224		1	1	d2R<0
draw2413	True	1	1	1	0	False	0.07142041637015263		1	1	d2R<0
draw2449	True	1	1	1	0	False	0.14937980050414465		1	1	d2R<0
draw2482	True	1	1	1	0	False	1.0692482941817394		1	1	d2R<0
draw2513	True	1	1	1	0	False	0.48814515318996454		1	1	d2R<0
draw2551	True	1	1	1	0	False	0.03145300856781239		1	1	d2R<0
draw2592	True	1	1	1	0	False	0.005792851851865147		1	1	d2R<0
draw2628	True	1	1	1	0	False	0.3113391052378671		1	1	d2R<0
draw2654	True	1	1	1	0	False	0.0887217852704145		1	1	d2R<0
draw2691	True	1	1	1	0	False	0.08373204235649633		1	1	d2R<0
draw2724	True	1	1	1	0	False	0.04066889393509636		0	1	d2R<0
draw2751	True	1	1	1	0	False	0.056658622535866544		1	1	d2R<0
draw2778	True	1	1	1	0	False	0.0376843792715214		1	1	d2R<0
draw2813	True	1	1	1	0	False	0.3558845101704143		1	1	d2R<0
draw2847	True	1	1	1	0	False	0.0647662928206291		1	1	d2R<0
draw2881	True	1	1	1	0	False	0.7193970866949158		1	1	d2R<0
draw2918	True	1	1	1	0	False	0.1351893044102633		1	1	d2R<0
draw2946	True	1	1	1	0	False	0.5602054256085863		1	1	d2R<0
draw2975	True	1	1	1	0	False	0.05941362798199178		1	1	d2R<0
draw3018	True	1	1	1	0	False	0.1562541631798243		1	1	d2R<0
draw3060	True	1	1	1	0	False	0.010771890879424758		1	1	d2R<0
draw3095	True	1	1	1	0	False	0.7263860799928561		1	1	d2R<0
draw3125	True	1	1	1	0	False	0.03610738094410703		1	1	d2R<0
draw3151	True	1	1	1	0	False	0.03700736347230507		1	1	d2R<0
draw3187	True	1	1	1	0	False	0.041414426961112444		1	1	d2R<0
draw3220	True	1	1	1	0	False	0.61082766519372		1	1	d2R<0
draw3251	True	1	1	1	0	False	0.23105302566988464		1	1	d2R<0
draw3277	True	1	1	1	0	False	0.17117296454682482		1	1	d2R<0
draw3308	True	1	1	1	0	False	1.9080013907011262		1	1	d2R<0
draw3350	True	1	1	1	0	False	0.23034176506717136		1	1	d2R<0
draw3386	True	1	1	1	0	False	0.37061076455535874		1	1	d2R<0
draw3419	True	1	1	1	0	False	0.19536413859268428		1	1	d2R<0
draw3447	True	1	1	1	0	False	0.201531981085627		1	1	d2R<0
draw3472	True	1	1	1	0	False	0.2782600073168714		1	1	d2R<0
draw3505	True	1	1	1	0	False	2.6168612326476612		1	1	d2R<0
draw3542	True	1	1	1	0	False	0.11943170489291599		1	1	d2R<0
draw3572	True	3	3	2	1	True	0.7579690676869938	0.2390723263352283	3	3	d2R<0
draw3612	True	1	1	1	0	False	0.23534491040480676		1	1	d2R<0
draw3640	True	1	1	1	0	False	0.45097309087136583		1	1	d2R<0
draw3675	True	1	1	1	0	False	0.7629614542014675		1	1	d2R<0
draw3702	True	1	1	1	0	False	0.09684046588240891		1	1	d2R<0
draw3731	True	1	1	1	0	False	0.39901471838804		1	1	d2R<0
draw3762	True	1	1	1	0	False	0.10922869653347496		1	1	d2R<0
draw3792	True	3	3	2	1	True	0.3247750651822388	0.05867672848702869	2	3	d2R<0
draw3820	True	1	1	1	0	False	0.0589169946791016		1	1	d2R<0
draw3857	True	1	1	1	0	False	0.11585473459009335		1	1	d2R<0
draw3888	True	1	1	1	0	False	1.1291699003519682		1	1	d2R<0
draw3918	True	1	1	1	0	False	0.03519010706708863		0	1	d2R<0
draw3950	True	1	1	1	0	False	0.029534195977718374		1	1	d2R<0
draw3985	True	1	1	1	0	False	0.6815105670190855		1	1	d2R<0
draw4019	True	1	1	1	0	False	0.0682480903512111		1	1	d2R<0
draw4049	True	1	1	1	0	False	0.024498713994597344		1	1	d2R<0
draw4077	True	1	1	1	0	False	0.018946113751961736		1	1	d2R<0
draw4108	True	1	1	1	0	False	0.46103315190234606		1	1	d2R<0
draw4144	True	1	1	1	0	False	0.13127723953772863		1	1	d2R<0
draw4173	True	1	1	1	0	False	0.04321622924577819		1	1	d2R<0
draw4196	True	1	1	1	0	False	0.3110169586502098		1	1	d2R<0
draw4226	True	1	1	1	0	False	0.04334514887981108		1	1	d2R<0
draw4262	True	1	1	1	0	False	0.1865067092886394		1	1	d2R<0
draw4300	True	1	1	1	0	False	0.3103454067313389		1	1	d2R<0
draw4332	True	1	1	1	0	False	0.00419770072522477		1	1	d2R<0
draw4369	True	1	1	1	0	False	0.13882763527377148		1	1	d2R<0
draw4401	True	1	1	1	0	False	0.03901228458980481		1	1	d2R<0
draw4445	True	1	1	1	0	False	0.08017759293752115		1	1	d2R<0
draw4483	True	1	1	1	0	False	0.024111092180394048		1	1	d2R<0
draw4512	True	1	1	1	0	False	0.154669921565416		1	1	d2R<0
draw4554	True	1	1	1	0	False	0.035447881144365596		1	1	d2R<0
draw4588	True	1	1	1	0	False	0.1985345790581116		1	1	d2R<0
draw4627	True	3	3	2	1	True	0.13163386882382783	0.019569601017871054	3	3	d2R<0
draw4659	True	1	1	1	0	False	0.21131867023698858		1	1	d2R<0
draw4690	True	1	1	1	0	False	0.18651584709597516		1	1	d2R<0
draw4721	True	1	1	1	0	False	0.020840180419062816		1	1	d2R<0
draw4748	True	1	1	1	0	False	0.5949725102782031		1	1	d2R<0
draw4785	True	1	1	1	0	False	0.009114456940515138		1	1	d2R<0
draw4822	True	1	1	1	0	False	0.03684278527656804		1	1	d2R<0
draw4859	True	1	1	1	0	False	1.0619514291608967		1	1	d2R<0
draw4887	True	1	1	1	0	False	2.101186531626999		1	1	d2R<0
draw4925	True	1	1	1	0	False	0.007076035012390881		1	1	d2R<0
draw4961	True	1	1	1	0	False	0.10176731217809884		1	1	d2R<0
draw4995	True	1	1	1	0	False	0.16728291251046298		1	1	d2R<0
