u	a	grad_G	grad_R	tr_J	det_J	sv_ratio	transversality	d2R_ds2	d2R_signed	name	ok
0.495822847801	0.370221602013	0.2738139826023532	0.13628994218834242	-0.34979017298413023	8.015393420714337e-05	0.00032963572030082923	0.5552777617863093	0.37149501704240945	-0.37149501704240945	nu=0.01,chi=0.1	True
0.494651533791	0.35429173295	0.2583621587744619	0.13943077430568293	-0.345677823096175	5.817300191433608e-05	0.00025855803595930665	0.5446871788028671	0.3825831346746333	-0.3825831346746333	nu=0.01,chi=0.167	True
0.493194664603	0.337299333687	0.2425536566592762	0.14264671407309698	-0.3417119858586084	6.059539445535756e-05	0.0002924326152601894	0.5328449757237452	0.39817616228896435	-0.39817616228896435	nu=0.01,chi=0.233	True
0.491301136415	0.319540633291	0.22658325986791994	0.1459476570265716	-0.33791562009839793	7.057890470926782e-05	0.0003712352510932903	0.5196547326076685	0.4191916293528003	-0.4191916293528003	nu=0.01,chi=0.3	True
0.488807669455	0.301466090152	0.21072570889392234	0.14933822644161987	-0.3342831368292296	6.40776442759365e-05	0.0003681539763709608	0.5051018007539966	0.44623010406784974	-0.44623010406784974	nu=0.01,chi=0.367	True
0.485589538551	0.283424473386	0.19520826164489083	0.15284691004172238	-0.3307958306996669	3.2734958145117014e-05	0.0002055588113834779	0.4891705678800619	0.47993489904300546	-0.47993489904300546	nu=0.01,chi=0.433	True
0.481601821451	0.264741889973	0.17979728397110406	0.15665925793622365	-0.3275708757105604	6.749550895276524e-05	0.0004637914312217618	0.47131025064372467	0.5254127613549171	-0.5254127613549171	nu=0.01,chi=0.5	True
0.476662689767	0.247103197754	0.16532142349872853	0.16064606820457872	-0.3243870247714005	3.849967631850706e-05	0.00028820162095017173	0.45232306760215685	0.5785635655737937	-0.5785635655737937	nu=0.01,chi=0.567	True
0.470774219069	0.22997998965	0.15159108999164478	0.16498463110741116	-0.32131798403172335	2.218140698289142e-05	0.0001800438556543577	0.431885130869238	0.6432569863992346	-0.6432569863992346	nu=0.01,chi=0.633	True
0.463889061466	0.213303304877	0.1386270408202877	0.1697983125894825	-0.3183962994602895	4.948709358320213e-05	0.0004327931256408629	0.4099604435213251	0.7224764032286504	-0.7224764032286504	nu=0.01,chi=0.7	True
0.456081130782	0.198060976006	0.12682700078424342	0.174991436831897	-0.31540319789754956	3.90632290319592e-05	0.0003644659174576759	0.3873967295754965	0.8104195032419228	-0.8104195032419228	nu=0.01,chi=0.767	True
0.447377113271	0.183830940978	0.11599962242913038	0.18069172843669362	-0.3124182013261465	4.146380816849543e-05	0.00040858461005662103	0.36413527065421486	0.909840239184	-0.909840239184	nu=0.01,chi=0.833	True
0.437947457207	0.171133231207	0.10626049011928243	0.18679630522220242	-0.30927948461651783	2.26320348947429e-06	2.329031785514649e-05	0.34087701615701405	1.0140569260729597	-1.0140569260729597	nu=0.01,chi=0.9	True
0.495739133445	0.370249141561	0.2738305175071537	0.13630355568221114	-0.349815958789593	8.24940624625852e-05	0.0003392124624287207	0.5552727299986663	0.3715409841944358	-0.3715409841944358	nu=0.01373,chi=0.1	True
0.494530467267	0.354225309176	0.2583351659491761	0.13946641758145725	-0.3457247128598431	7.359884038258249e-05	0.0003271306979592171	0.5446388760711895	0.3828075663445235	-0.3828075663445235	nu=0.01373,chi=0.167	True
0.493008487417	0.3372765605	0.24254975575886328	0.14269003599368602	-0.34177298900834086	7.515091133665212e-05	0.0003626276344536359	0.5327998479868733	0.39839999116791996	-0.39839999116791996	nu=0.01373,chi=0.233	True
0.490926798503	0.320443348429	0.227020813210719	0.14589394773191938	-0.3379121369900502	1.8779213216661936e-08	9.852482720871614e-08	0.5199957804763207	0.7683282010696718	-0.7683282010696718	nu=0.01373,chi=0.3	True
0.488475452431	0.301663087375	0.21082843630561807	0.14937927698653372	-0.33435023238559586	6.450449281349158e-05	0.0003702939574258299	0.5051349648296942	0.4458300503598542	-0.4458300503598542	nu=0.01373,chi=0.367	True
0.485208629002	0.283513984381	0.19526128264664647	0.15291249981146016	-0.33088511174132407	4.62420830353435e-05	0.0002901885250089668	0.48914486939145885	0.47986737755510156	-0.47986737755510156	nu=0.01373,chi=0.433	True
0.481137076687	0.265276424543	0.18004831856525755	0.15667034353892625	-0.3276012939087418	4.136375211109463e-05	0.0002837082652287981	0.4715362002971872	0.5233705077247074	-0.5233705077247074	nu=0.01373,chi=0.5	True
0.47615240392	0.247448766094	0.16548312625000147	0.16068858403615346	-0.3244470723569992	3.1532811989057503e-05	0.00023571950340013436	0.45244946400811775	0.576958549097909	-0.576958549097909	nu=0.01373,chi=0.567	True
0.470213596555	0.230485046589	0.15181053688415488	0.1650008561783253	-0.32134439774346557	2.811516603172024e-09	2.2780830113368884e-08	0.4321319353115432	1.933474886917548	-1.933474886917548	nu=0.01373,chi=0.633	True
0.463274454885	0.213734593512	0.13880437320750036	0.16982223454842266	-0.31843009054642246	3.338327568999734e-05	0.0002915137623565468	0.4101739876497604	0.7195032440244118	-0.7195032440244118	nu=0.01373,chi=0.7	True
0.455419410869	0.198539605939	0.12700652255133169	0.17499705071712754	-0.3154149979368677	1.5942601149044227e-05	0.00014852875213053473	0.3876606090649253	0.806428631235733	-0.806428631235733	nu=0.01373,chi=0.767	True
0.446655424324	0.184261755537	0.11614451807399633	0.18069487620825697	-0.31242844618980903	2.0078972461034357e-05	0.00019762155098667099	0.3643720621952111	0.9053007472533925	-0.9053007472533925	nu=0.01373,chi=0.833	True
0.437093844288	0.171228119851	0.10628577329582665	0.1868679234535152	-0.3093758171987046	1.3945125367364388e-05	0.0001434156291725513	0.34084908500419175	1.0121931993452054	-1.0121931993452054	nu=0.01373,chi=0.9	True
0.495617854882	0.37032156987	0.27387013439377095	0.13631841026657704	-0.34984997441967375	8.207166130008202e-05	0.0003373834689361208	0.5552772836150306	0.3714376486426126	-0.3714376486426126	nu=0.01884,chi=0.1	True
0.49434372288	0.354252381882	0.25835545787869174	0.13950212605044227	-0.3457827853978839	8.282373223769417e-05	0.000368043352728102	0.5446150788913761	0.3828173753655291	-0.3828173753655291	nu=0.01884,chi=0.167	True
0.492711775363	0.3375075657	0.24267049955467387	0.14271927087003503	-0.34183850697417373	6.938142421416757e-05	0.0003345068125511682	0.5328412042420086	0.3980172118838694	-0.3980172118838694	nu=0.01884,chi=0.233	True
0.490650589703	0.319984684297	0.2268154387181481	0.14602081979797185	-0.3380530652833837	6.538954356976297e-05	0.0003433387666593752	0.5197324241962077	0.41845598156031405	-0.41845598156031405	nu=0.01884,chi=0.3	True
0.487996886257	0.302148652782	0.21107032725460675	0.14940803115006807	-0.3344189092759815	4.4599688932173026e-05	0.000255592559282338	0.5052837489766387	0.4445884282238946	-0.4445884282238946	nu=0.01884,chi=0.367	True
0.484645640549	0.284145769152	0.19556742133741145	0.1529339847391091	-0.3309419018608153	1.6808795701597255e-05	0.00010525242993644387	0.4893778041644774	0.47786388503177424	-0.47786388503177424	nu=0.01884,chi=0.433	True
0.480528115128	0.265459928448	0.18014838295690605	0.15676379788296518	-0.3277259276177476	5.715018601345947e-05	0.0003915385355038669	0.4715292993414612	0.5229047347345684	-0.5229047347345684	nu=0.01884,chi=0.5	True
0.475457386031	0.247686489766	0.16560408217645098	0.16078284518515323	-0.3245702030803306	4.42967391939393e-05	0.00033068854485023317	0.4524750560176539	0.5761085952115762	-0.5761085952115762	nu=0.01884,chi=0.567	True
0.469434582864	0.230770409122	0.15194561190724387	0.16509160577635112	-0.32146167597342334	9.032986294127988e-06	7.308237645279362e-05	0.43219407852792785	0.6389225227248336	-0.6389225227248336	nu=0.01884,chi=0.633	True
0.462415170745	0.214077097271	0.13895244475521526	0.1699010340674632	-0.31853236956011505	3.604241476993033e-05	0.00031423700525144997	0.4102870503143837	0.7171098024986661	-0.7171098024986661	nu=0.01884,chi=0.7	True
0.454456468057	0.198725407936	0.12708516147365442	0.17510103100494115	-0.3155494528067859	3.261752496116369e-05	0.0003035117948079082	0.38766537830616554	0.8046964263258922	-0.8046964263258922	nu=0.01884,chi=0.767	True
0.445612083711	0.184525039972	0.1162365513673571	0.18077286432494985	-0.312533337531387	2.5552866500224412e-05	0.00025119432846839934	0.3644414187875566	0.9023044096564844	-0.9023044096564844	nu=0.01884,chi=0.833	True
0.43589852026	0.171226858976	0.10628189075858331	0.1869976766660701	-0.30954625915496503	4.41168086012074e-05	0.00045336996258027765	0.3407087283124371	1.0112139910464444	-1.0112139910464444	nu=0.01884,chi=0.9	True
0.495410428715	0.370633837784	0.2740280748938441	0.13631598517227658	-0.3498891064632201	5.937019289218644e-05	0.00024384660710927592	0.5553530474596653	0.37091293162183425	-0.37091293162183425	nu=0.02586,chi=0.1	True
0.494033270364	0.354597666303	0.2585325281665221	0.13951692297658558	-0.34584651712342146	6.441244587280472e-05	0.00028591880405767984	0.5446927755418403	0.38230389912947843	-0.38230389912947843	nu=0.02586,chi=0.167	True
0.492288480818	0.337935687283	0.24288983054771174	0.14274609692333456	-0.34192037861545765	5.03977764346232e-05	0.00024263476272774268	0.5329422159629262	0.3971931048047472	-0.3971931048047472	nu=0.02586,chi=0.233	True
0.490140742672	0.32031302954	0.22698885075518743	0.1460804886250539	-0.33816316076845054	6.321233220716215e-05	0.0003314673887389961	0.5197852581796625	0.41779852505637705	-0.41779852505637705	nu=0.02586,chi=0.3	True
0.487373376369	0.302547817099	0.21127780174155897	0.14947976751651393	-0.3345407074526131	4.217081638110449e-05	0.00024127352619768568	0.5053620948250527	0.443675543462618	-0.443675543462618	nu=0.02586,chi=0.367	True
0.483944497565	0.284203219497	0.1956174841218922	0.1530695954681452	-0.3311216930306139	5.194755086469944e-05	0.00032497935417658854	0.48927490734084267	0.47807443488572565	-0.47807443488572565	nu=0.02586,chi=0.433	True
0.4796816485	0.266026757376	0.18042650556357606	0.15684529836452038	-0.3278480962866538	4.87209986231639e-05	0.0003330077651308792	0.4717037657851198	0.5210053472148042	-0.5210053472148042	nu=0.02586,chi=0.5	True
0.474505988732	0.248282756389	0.16588650094538934	0.16086857299802754	-0.32469054870116515	3.563656802074043e-05	0.00026537585580984144	0.45268255127712004	0.5734636997967052	-0.5734636997967052	nu=0.02586,chi=0.567	True
0.468362630361	0.230846322592	0.15200285048519255	0.1652675590381111	-0.32168310740919753	5.152467010530883e-05	0.00041630966023630255	0.4320680995978008	0.6387732475095946	-0.6387732475095946	nu=0.02586,chi=0.633	True
0.461255038786	0.214708987599	0.1392188349196291	0.16997746613060677	-0.3186347742544141	2.3128429215482024e-05	0.00020114439494099272	0.41056209428453455	0.7127435593491054	-0.7127435593491054	nu=0.02586,chi=0.7	True
0.453169654355	0.199194200883	0.12727047632077068	0.1751980913761487	-0.3156779590563114	3.299174129032359e-05	0.0003063728162288238	0.3878377241217648	0.8005523934259039	-0.8005523934259039	nu=0.02586,chi=0.767	True
0.444215093768	0.185036260663	0.11641316254617899	0.1808446463350797	-0.3126336343133406	1.670144015669684e-05	0.00016387743777167686	0.3646570979156434	0.8966904008636969	-0.8966904008636969	nu=0.02586,chi=0.833	True
0.434392449806	0.171778070513	0.10644194186852787	0.18703760293085925	-0.30960940282267463	2.4234036294567644e-05	0.0002486559896867049	0.3409567341126399	1.0039739549990536	-1.0039739549990536	nu=0.02586,chi=0.9	True
0.495207383766	0.37065305721	0.2740463115610705	0.1363554277206806	-0.3499560919690403	7.040687799347452e-05	0.00028910870214646814	0.5553246594175972	0.37103441366718243	-0.37103441366718243	nu=0.0355,chi=0.1	True
0.493539344346	0.355459382046	0.25896322937693794	0.13949435745952452	-0.3459144832801374	1.9408511886924906e-09	8.594286552995688e-09	0.5449377544183064	0.7477560595977881	-0.7477560595977881	nu=0.0355,chi=0.167	True
0.491704373931	0.338563401006	0.24321062817883846	0.1427771794880634	-0.3420291975780671	2.0038332494740193e-05	9.627427022970857e-05	0.5330977784369255	0.39600923698923346	-0.39600923698923346	nu=0.0355,chi=0.233	True
0.489424125667	0.320918219056	0.22730094420694744	0.14614230359065955	-0.33829963162483523	4.4925449496325856e-05	0.000235057319844245	0.5199264142889275	0.4166243231521564	-0.4166243231521564	nu=0.0355,chi=0.3	True
0.48654774058	0.302884590587	0.21146490014946917	0.14960216405712448	-0.3347279209494701	5.807696537413124e-05	0.00033170403230757604	0.5053725391228457	0.4431157051823022	-0.4431157051823022	nu=0.0355,chi=0.367	True
0.482941594841	0.284855674383	0.19594984000881566	0.15317683208265306	-0.33129332487013874	4.5659727567557096e-05	0.0002848646527369908	0.48943777013801837	0.4763220264858678	-0.4763220264858678	nu=0.0355,chi=0.433	True
0.478513805154	0.267084334433	0.18093369830655112	0.15691482397403553	-0.3279726865681056	1.0211152110326153e-05	6.952102295652489e-05	0.4721066966812345	0.5171033799462794	-0.5171033799462794	nu=0.0355,chi=0.5	True
0.473214491034	0.248772502626	0.16613466283616432	0.16103376879083725	-0.32490966906734614	5.413707446817851e-05	0.00040208826446955914	0.4527656028997073	0.5715606466298138	-0.5715606466298138	nu=0.0355,chi=0.567	True
0.466925167952	0.231683881066	0.15238239864310496	0.16538173106952783	-0.3218383628048197	3.7815263462323304e-05	0.00030448452438908396	0.43239808789263273	0.6341550215144114	-0.6341550215144114	nu=0.0355,chi=0.633	True
0.459652316578	0.215255854498	0.13946283413455987	0.17013858790433595	-0.31884354116289837	3.643328879555009e-05	0.0003159790686194332	0.4107129048796626	0.708941367797947	-0.708941367797947	nu=0.0355,chi=0.7	True
0.451407493206	0.199744514843	0.12749328548679578	0.1753471328355359	-0.31587364100890375	4.217784599679059e-05	0.0003906558436498157	0.38800925987709367	0.7956010394621803	-0.7956010394621803	nu=0.0355,chi=0.767	True
0.442250150637	0.185357418688	0.11653225549741578	0.18102518430398218	-0.3128713004405093	4.39197520239982e-05	0.0004300794648304962	0.36466182752486026	0.8925565316836856	-0.8925565316836856	nu=0.0355,chi=0.833	True
0.432307543248	0.172372577052	0.10661571877169831	0.18712997746707224	-0.30974143887015004	1.4059432238549681e-05	0.00014397273830593928	0.341175192984255	0.9958267618731823	-0.9958267618731823	nu=0.0355,chi=0.9	True
0.494883994579	0.37092079151	0.2741891306319322	0.13638305378562107	-0.3500387557112474	6.026115177059376e-05	0.0002472261650495764	0.555365256402321	0.37066352716926576	-0.37066352716926576	nu=0.04872,chi=0.1	True
0.493133374088	0.35516286305	0.25884094618171116	0.13962222391721255	-0.346077873628694	5.931740094720967e-05	0.0002627321067877115	0.5447515323226613	0.3815955197669915	-0.3815955197669915	nu=0.04872,chi=0.167	True
0.491040001923	0.338618937707	0.24326587075986478	0.14290805844196336	-0.3422288614783111	5.623465057508906e-05	0.00026995852593332065	0.5330005622487245	0.39632248635891176	-0.39632248635891176	nu=0.04872,chi=0.233	True
0.488521761722	0.321232100591	0.22748577573916143	0.1462846452363636	-0.338527295264944	6.820345204202146e-05	0.00035623947693530294	0.5199026316539643	0.4163147864626208	-0.4163147864626208	nu=0.04872,chi=0.3	True
0.485383013855	0.303721506488	0.21189842962802272	0.14971931802157246	-0.33494227381620656	4.342968988790142e-05	0.0002472255801539928	0.5055696999786634	0.44123541645503594	-0.44123541645503594	nu=0.04872,chi=0.367	True
0.481591925754	0.285596233744	0.1963370754631485	0.153339507751197	-0.331544184616168	5.018051035003665e-05	0.00031202543056180123	0.4895868103696599	0.4744048355362491	-0.4744048355362491	nu=0.04872,chi=0.433	True
0.476969389472	0.267713739072	0.18126640842313455	0.1571212051681725	-0.3282603780072978	3.298403790799954e-05	0.00022382751533224238	0.47219579827585195	0.5151803230262916	-0.5151803230262916	nu=0.04872,chi=0.5	True
0.471456136968	0.24980301112	0.16663121200011055	0.161199473949571	-0.325143905284238	4.399580609184369e-05	0.00032531932640583966	0.45311199258723184	0.5671480242837698	-0.5671480242837698	nu=0.04872,chi=0.567	True
0.464965072594	0.232514748783	0.15277590667023305	0.16558599281058337	-0.3221083921204939	4.824937556905962e-05	0.00038694017251696166	0.4326441048094067	0.6296986858616409	-0.6296986858616409	nu=0.04872,chi=0.633	True
0.457486448595	0.216124900922	0.13984635988499078	0.1703317609644231	-0.3190972959307139	4.1312740599060594e-05	0.00035685992847429463	0.41101523439960824	0.7029738094658292	-0.7029738094658292	nu=0.04872,chi=0.7	True
0.449032114733	0.200623899657	0.12784692324316568	0.17552080113615676	-0.3161047326978641	4.0552015790537817e-05	0.0003741764326152279	0.38834891940725974	0.7879551104342075	-0.7879551104342075	nu=0.04872,chi=0.767	True
0.43968859114	0.186414335035	0.11690252524256671	0.18113076785333698	-0.3130228344125718	1.4915083771570896e-05	0.00014552716545732626	0.365159874655199	0.8813349566163293	-0.8813349566163293	nu=0.04872,chi=0.833	True
0.429470870495	0.173143523705	0.10684483123578824	0.18726299001239927	-0.309928680982551	3.6590461563759227e-06	3.736953119372121e-05	0.3414510055666489	0.9850124598303841	-0.9850124598303841	nu=0.04872,chi=0.9	True
0.494458350642	0.371220147515	0.2743531118989531	0.13642634153775765	-0.3501524067018038	5.2801300257851695e-05	0.00021639052087334316	0.555401022816502	0.3703013172139222	-0.3703013172139222	nu=0.06687,chi=0.1	True
0.492476748664	0.355352803757	0.2589631734069519	0.1397296667424876	-0.3462694409462052	7.990475806219681e-05	0.0003535331861805288	0.5447117170730658	0.38157283046073626	-0.38157283046073626	nu=0.06687,chi=0.167	True
0.490058578011	0.339200922771	0.24358636619367213	0.1430259065579122	-0.3424650411187873	5.514712101082948e-05	0.0002641104338869786	0.5330700656121447	0.3954821259507395	-0.3954821259507395	nu=0.06687,chi=0.233	True
0.487214591973	0.322269416194	0.2280295359790089	0.14640240262916396	-0.33878379374495143	4.04341778950738e-05	0.00021037916013867344	0.520137453762794	0.41430827267193054	-0.41430827267193054	nu=0.06687,chi=0.3	True
0.483845582182	0.304519763208	0.21233305850037976	0.1499156475602463	-0.3352656976718249	5.410757833998664e-05	0.0003068900208583473	0.5056847897288812	0.4396513245131015	-0.4396513245131015	nu=0.06687,chi=0.367	True
0.479763980345	0.28662449219	0.19687753556860563	0.1535520055895773	-0.3318792720463093	5.2787630891003964e-05	0.0003267339375147467	0.4898094148065106	0.47175603574939	-0.47175603574939	nu=0.06687,chi=0.433	True
0.474874311956	0.268695684146	0.18177963853733375	0.1573771955538931	-0.32862847678719537	5.0376158875653214e-05	0.00034021603485431356	0.47240013429778027	0.5121710599231585	-0.5121710599231585	nu=0.06687,chi=0.5	True
0.469080966585	0.251002192677	0.16722499114475964	0.16144904672655624	-0.3254927076518445	4.763548955639677e-05	0.0003502848540704467	0.4534677874496952	0.5621198963207201	-0.5621198963207201	nu=0.06687,chi=0.567	True
0.462319761065	0.23383625903	0.15339502803639293	0.16582520930218497	-0.3224340371064101	4.2298739110687625e-05	0.0003372257825837751	0.4331196136193568	0.6226655104719713	-0.6226655104719713	nu=0.06687,chi=0.633	True
0.454563286822	0.217368075804	0.14039777737560188	0.17057682530646415	-0.31942351830830773	4.020208662340505e-05	0.0003453293310087837	0.41148361028833697	0.6945000275737816	-0.6945000275737816	nu=0.06687,chi=0.7	True
0.445826514563	0.201857616907	0.12834820135372016	0.17574367694761261	-0.3164038784901021	3.292838925370637e-05	0.00030224762148539045	0.3888533797693914	0.7771896491248032	-0.7771896491248032	nu=0.06687,chi=0.767	True
0.436124936134	0.187217823023	0.11720326436600706	0.18140777922759485	-0.31339022175533765	3.998349529464522e-05	0.0003885473802380612	0.3653600931462951	0.8717947602242574	-0.8717947602242574	nu=0.06687,chi=0.833	True
0.425597373531	0.173987806321	0.10710188528336188	0.18748711290145442	-0.31023302694830057	9.695880140416369e-06	9.868230156713254e-05	0.3416827986165849	0.9724706869153286	-0.9724706869153286	nu=0.06687,chi=0.9	True
0.493878124912	0.371656224666	0.27459224662283643	0.13647979288990625	-0.3503037803393799	3.8894837316165456e-05	0.00015915650175161642	0.555462150072878	0.3697376780249116	-0.3697376780249116	nu=0.09179,chi=0.1	True
0.491518005532	0.356018382335	0.25932934352191456	0.13982721816664678	-0.3465066275178435	6.575011788241047e-05	0.00029018816487814356	0.5448076503440185	0.3807059548709729	-0.3807059548709729	nu=0.09179,chi=0.167	True
0.488714411405	0.34012141203	0.244088426302472	0.14316545013107956	-0.34277326138337766	3.92269064915103e-05	0.0001872006855310049	0.5332229774214027	0.39409628850649087	-0.39409628850649087	nu=0.09179,chi=0.233	True
0.485559760411	0.322922039627	0.22841584854805677	0.14664271672101073	-0.33918787481559276	7.254405495863564e-05	0.0003761828374561169	0.520145357260483	0.41350078034321364	-0.41350078034321364	nu=0.09179,chi=0.3	True
0.481774465564	0.305612271463	0.21293394630182316	0.15017108624645215	-0.33569704271339496	6.50535879545615e-05	0.00036714863195699235	0.5058597764793754	0.43751076293486807	-0.43751076293486807	nu=0.09179,chi=0.367	True
0.477283649442	0.288236849432	0.1977173016481954	0.1538011957629647	-0.33230200774316393	3.323843127150628e-05	0.00020434633202724942	0.4902389462986563	0.46739396258606325	-0.46739396258606325	nu=0.09179,chi=0.433	True
0.472054030864	0.270062359015	0.18249972319247348	0.15770682885419818	-0.3291142676622815	6.745431566574487e-05	0.0004525724153006314	0.47271700464875605	0.5078378469181124	-0.5078378469181124	nu=0.09179,chi=0.5	True
0.465882429515	0.252781413966	0.16810499970195714	0.16175216522614203	-0.3259335411527502	3.511786527028244e-05	0.00025621324851241245	0.45406425293570923	0.5547348598871942	-0.5547348598871942	nu=0.09179,chi=0.567	True
0.45875793409	0.235410378604	0.15415572956531864	0.16617267432868893	-0.3229076802009871	5.184944837386148e-05	0.0004102852424084547	0.4336410537067316	0.6143666579418564	-0.6143666579418564	nu=0.09179,chi=0.633	True
0.450625229542	0.218910447793	0.14110128681854556	0.17092246215844656	-0.3198856269631984	4.950257599987436e-05	0.0004221310312713281	0.41204108777813714	0.6840531180094434	-0.6840531180094434	nu=0.09179,chi=0.7	True
0.441529912355	0.203640373392	0.12908007822990034	0.1760141325806792	-0.31677409388376687	8.923134756792108e-06	8.130853066022562e-05	0.3896444929395643	0.762048750808429	-0.762048750808429	nu=0.09179,chi=0.767	True
0.43140278965	0.188701030863	0.1177541096177233	0.1816864750515365	-0.3137697778979524	2.9931983235109544e-05	0.00028911230740438814	0.36596664007986635	0.8555142799368154	-0.8555142799368154	nu=0.09179,chi=0.833	True
0.420347307494	0.17487367022	0.10738357783361717	0.1878390324561306	-0.31069779486808474	4.147979425306678e-05	0.0004203144873778676	0.34182707821444347	0.9582379692848431	-0.9582379692848431	nu=0.09179,chi=0.9	True
0.493204206465	0.371715373996	0.2746623480623084	0.1366036972356234	-0.3505213505346163	7.36811858872357e-05	0.0003012572065871623	0.5553790625580841	0.37005816626648297	-0.37005816626648297	nu=0.126,chi=0.1	True
0.490258639623	0.356776418557	0.2597621856133571	0.13996743600127723	-0.3468282878112787	5.865244654634459e-05	0.00025808515654144053	0.544896907310561	0.3797052455821619	-0.3797052455821619	nu=0.126,chi=0.167	True
0.487011460844	0.340770448889	0.24449114891038928	0.14340992709982464	-0.343218511110753	7.258966423581081e-05	0.00034526556048795215	0.5332149442335162	0.3935088633372523	-0.3935088633372523	nu=0.126,chi=0.233	True
0.483258446399	0.3244190115	0.22923890765824537	0.14688204334193605	-0.33967576027294744	5.34320012318581e-05	0.0002753980613010645	0.5204368086139902	0.41081462510477795	-0.41081462510477795	nu=0.126,chi=0.3	True
0.478959867398	0.30746281066	0.21393177259709997	0.1504538173224107	-0.3362336838467072	4.01944646595905e-05	0.00022512408264166296	0.5062943855712624	0.43337926337493915	-0.43337926337493915	nu=0.126,chi=0.367	True
0.474001093535	0.290034004087	0.1986913410545273	0.15416743678120312	-0.33290678771761617	3.70568853319494e-05	0.0002259738237069387	0.4906519355891714	0.4626807340654106	-0.4626807340654106	nu=0.126,chi=0.433	True
0.468268161946	0.272210434945	0.18362131018148387	0.15808857754826974	-0.32971607348748466	5.696703741282186e-05	0.0003785630441341256	0.4733476926612487	0.5007355092486261	-0.5007355092486261	nu=0.126,chi=0.5	True
0.461616528441	0.254885248707	0.16918205013314608	0.16218329437926088	-0.3265632803969352	4.050669584117235e-05	0.00029262455216135544	0.4547222274100516	0.5460994382995783	-0.5460994382995783	nu=0.126,chi=0.567	True
0.454007683208	0.23787859475	0.15534162588585973	0.16656459067096574	-0.32347115820428635	2.6928803638767014e-05	0.0002107853947300805	0.43460981791333986	0.601369298385385	-0.601369298385385	nu=0.126,chi=0.633	True
0.445385213845	0.221240021495	0.14216701952265046	0.17132386894801072	-0.32044196914566225	3.28106597780004e-05	0.0002769113742622991	0.4130110711548213	0.6685008080455392	-0.6685008080455392	nu=0.126,chi=0.7	True
0.435732990728	0.205383261825	0.12984912632632492	0.1764854249627677	-0.3174036811453781	3.66871784422806e-05	0.0003314060898204306	0.39026713965843673	0.7468345050460405	-0.7468345050460405	nu=0.126,chi=0.767	True
0.425060662364	0.190365464196	0.11840691186370556	0.18211288270202566	-0.31434071766160465	4.51103263388577e-05	0.0004323719181878389	0.3665789714317979	0.8365117558687106	-0.8365117558687106	nu=0.126,chi=0.833	True
0.413450846242	0.17653040511	0.10792593528238108	0.18818460209656576	-0.3111629141698201	2.9741255174079338e-05	0.00029942044918650115	0.34244178845318307	0.9344919755337758	-0.9344919755337758	nu=0.126,chi=0.9	True
0.492083924015	0.37293819379	0.2753171815596516	0.1366437576361854	-0.3507725249014508	1.8617946834388086e-09	7.583333983961722e-09	0.5556451318874789	0.519019288241503	-0.519019288241503	nu=0.1729,chi=0.1	True
0.488644247537	0.357471221428	0.26019912154140373	0.14017834131372153	-0.3472645995922624	7.776859126847897e-05	0.0003410820797717728	0.5449204435536917	0.37912388341945497	-0.37912388341945497	nu=0.1729,chi=0.167	True
0.484688214193	0.342032447313	0.24523349595681007	0.14367676232154175	-0.3437790739285241	7.409072810526886e-05	0.00035049227350527094	0.5333803538668324	0.3917527797738867	-0.3917527797738867	nu=0.1729,chi=0.233	True
0.480175564137	0.326626792394	0.2304545441532967	0.1471582406521946	-0.34030373618574583	2.494342208721129e-06	1.2745698181867974e-05	0.5209416402808816	0.4064776729556587	-0.4064776729556587	nu=0.1729,chi=0.3	True
0.475322235663	0.309168107794	0.2149308003269328	0.15089787297899343	-0.3370087452058286	7.157642783378344e-05	0.0003975900968058606	0.5065605042839022	0.43015769251269126	-0.43015769251269126	nu=0.1729,chi=0.367	True
0.469680699554	0.292159405369	0.19989243353990727	0.15466077657954022	-0.33372956749880084	5.9622675071560026e-05	0.00035989941872533756	0.4911126385513805	0.4573962951882412	-0.4573962951882412	nu=0.1729,chi=0.433	True
0.4632761014	0.27476897714	0.18500946419457412	0.15860737263737593	-0.3305459977569563	6.333145438384305e-05	0.0004158312073604316	0.474070165244307	0.4924521920382998	-0.4924521920382998	nu=0.1729,chi=0.5	True
0.4559708047	0.257778942932	0.17068701705259046	0.16271214758776142	-0.3273752967089432	3.161141777769268e-05	0.000225330665986874	0.45571005323070024	0.5343472134166115	-0.5343472134166115	nu=0.1729,chi=0.567	True
0.447720487887	0.240561726014	0.1567078848683628	0.16714944106019528	-0.32431171454731295	4.275488238113688e-05	0.0003303044138159771	0.43556710981212643	0.5875468316271335	-0.5875468316271335	nu=0.1729,chi=0.633	True
0.4384504457	0.224169260861	0.14355662949989018	0.1718583155823717	-0.32120076891015725	2.0240419019153596e-05	0.00016853663050760595	0.41424819753936215	0.6493483095301007	-0.6493483095301007	nu=0.1729,chi=0.7	True
0.428123770193	0.208142910468	0.13107181806968213	0.17699914594045657	-0.31811859299116746	2.3305816749077544e-05	0.00020792518550631422	0.39149899974699504	0.7235162489698241	-0.7235162489698241	nu=0.1729,chi=0.767	True
0.416755070657	0.193009675872	0.11946091879920677	0.18256307397333787	-0.31496490440518726	1.5268787271021225e-05	0.00014474239738944197	0.36780821939772496	0.808014841421389	-0.808014841421389	nu=0.1729,chi=0.833	True
0.40430550657	0.17843446118	0.10859435745094831	0.18868008988615784	-0.31181519047395334	3.667689845469427e-05	0.000366165717688576	0.3431228028439432	0.9058666763460439	-0.9058666763460439	nu=0.1729,chi=0.9	True
0.490817592065	0.373505863279	0.27568742399868135	0.13679634252813025	-0.3511286381040165	7.869342641752323e-06	3.1970170085869096e-05	0.5556741585990588	0.3676519702709248	-0.3676519702709248	nu=0.2374,chi=0.1	True
0.48646383481	0.358730050172	0.26096054405260355	0.1404030010297704	-0.3478145867917314	6.354539257808083e-05	0.000277257159030685	0.5450974626837489	0.3774366118383282	-0.3774366118383282	nu=0.2374,chi=0.167	True
0.481579928689	0.344073204097	0.2464186970276847	0.14396303982071595	-0.3444851261772683	3.2283090526821366e-05	0.00015147843662670094	0.5337790193182421	0.38845502396824183	-0.38845502396824183	nu=0.2374,chi=0.233	True
0.476288086023	0.328497377983	0.23160138809116793	0.14760799169419037	-0.34119165591694117	2.475886103257117e-05	0.00012540009369820752	0.521224412162651	0.40355791889852427	-0.40355791889852427	nu=0.2374,chi=0.3	True
0.470513953381	0.311815439528	0.21647246891570648	0.15139456100822266	-0.3379765789048309	6.48374699080203e-05	0.00035588548186635466	0.5071596542652889	0.42450206079012504	-0.42450206079012504	nu=0.2374,chi=0.367	True
0.463996611492	0.29531810959	0.20168229619076983	0.15521876970886356	-0.33475776901187315	4.4475919621411875e-05	0.000264652479775161	0.49197523867994536	0.4491106160268354	-0.4491106160268354	nu=0.2374,chi=0.433	True
0.456748580091	0.278187512789	0.18690902701833187	0.15923230001837455	-0.33161492520019975	5.475144179868859e-05	0.00035380877492441375	0.47513465011649686	0.4815312081844464	-0.4815312081844464	nu=0.2374,chi=0.5	True
0.448590574442	0.261675700062	0.17276041789942423	0.16334381291642125	-0.328417402526921	2.0079202461569543e-08	1.4059863390201096e-07	0.4571529924930853	1.1524564708736538	-1.1524564708736538	nu=0.2374,chi=0.567	True
0.439514728909	0.24453340296	0.15874695974775604	0.16779800787812885	-0.3253252886990796	1.1127267001328328e-05	8.440476882768141e-05	0.43721459181290273	0.5674190789699181	-0.5674190789699181	nu=0.2374,chi=0.633	True
0.429388492267	0.227551881029	0.14526627100307993	0.17258442838962185	-0.322255658439883	3.571087810486425e-05	0.0002923974401762925	0.4156724276864499	0.6273169562042246	-0.6273169562042246	nu=0.2374,chi=0.7	True
0.41819682646	0.211638953242	0.1327004995261346	0.17764774826460716	-0.31905168815262996	7.534296174280777e-06	6.613356255179101e-05	0.3931535191704518	0.6945076179872602	-0.6945076179872602	nu=0.2374,chi=0.767	True
0.405838856368	0.195638324871	0.12062802219275072	0.1832674118630575	-0.31592237654055166	4.6340786707739237e-05	0.0004334826629305015	0.3689369162956418	0.7779466481937108	-0.7779466481937108	nu=0.2374,chi=0.833	True
0.392422078001	0.180935406338	0.10953999614904121	0.18927179326278792	-0.3125951420697371	3.219261829820309e-05	0.00031783427005884857	0.3441872427913309	0.8687088212801494	-0.8687088212801494	nu=0.2374,chi=0.9	True
0.489163453012	0.374322015039	0.2762281703604826	0.1369711365102388	-0.351578183041679	5.0644967365897395e-06	2.0501074875980178e-05	0.5557610861954001	0.3667834582528954	-0.3667834582528954	nu=0.3258,chi=0.1	True
0.48364168206	0.36038565807	0.26199380720078197	0.1406660931389151	-0.3485132732223207	3.474263781200592e-05	0.00015054720209805577	0.5453759270026758	0.3751978413593396	-0.3751978413593396	nu=0.3258,chi=0.167	True
0.477727268473	0.345762425335	0.24754837898416107	0.144399714518007	-0.3454326388487086	5.957108680567651e-05	0.00027719937877865644	0.5339964989223613	0.3862332868424926	-0.3862332868424926	nu=0.3258,chi=0.233	True
0.47132531471	0.330607355586	0.23300017527459818	0.14817341460658717	-0.34233757381240676	6.876583643215967e-05	0.0003445488989005291	0.5215491560365277	0.40024325363960267	-0.40024325363960267	nu=0.3258,chi=0.3	True
0.464275108137	0.315593601271	0.21869769381023302	0.15193646999657606	-0.3391863048919106	7.60246528499662e-06	4.1050391475873265e-05	0.5081894337310343	0.41613009512537935	-0.41613009512537935	nu=0.3258,chi=0.367	True
0.456734019769	0.298903706864	0.20384935174131413	0.15592904900207552	-0.33611667510673754	5.243278746327191e-05	0.0003066335377410953	0.49296674666119444	0.43998057168172794	-0.43998057168172794	nu=0.3258,chi=0.433	True
0.448369676599	0.282421400823	0.1893699340320548	0.15998468339881933	-0.33300053435450927	4.190706424504127e-05	0.0002653865065856989	0.4765481366588167	0.4680413176414057	-0.4680413176414057	nu=0.3258,chi=0.5	True
0.439156958261	0.265651917559	0.17508349744196938	0.16421795047986573	-0.3298799271748925	3.541279871697566e-05	0.00024292003977254616	0.4585605732620473	0.503072176963126	-0.503072176963126	nu=0.3258,chi=0.567	True
0.428989433088	0.24883946214	0.16114751900851118	0.16866923607323153	-0.3267337554370348	2.6757846686969374e-05	0.0001985775629843107	0.43899855978932256	0.5460766456492002	-0.5460766456492002	nu=0.3258,chi=0.633	True
0.417780669531	0.232169657344	0.14768441077775565	0.17339422525477213	-0.3235394442715342	1.5584173885958877e-05	0.00012477104761373926	0.4178781436667668	0.5980083857706775	-0.5980083857706775	nu=0.3258,chi=0.7	True
0.405437456012	0.215376436729	0.13463432648016518	0.17852593493934132	-0.3203437439019312	4.0943050024182656e-05	0.0003523629673810993	0.3949668893173296	0.6629515278553527	-0.6629515278553527	nu=0.3258,chi=0.767	True
0.391956872399	0.199636074289	0.12246212359572758	0.18396822415960926	-0.31695100722518055	1.1347345891393749e-05	0.00010420301394569415	0.37110325623488694	0.7350393172575886	-0.7350393172575886	nu=0.3258,chi=0.833	True
0.377213783172	0.183882029709	0.11078637989290566	0.18998721541025465	-0.31354565012647645	3.27514571478534e-05	0.0003187852239600784	0.3456368088893751	0.8231310086164865	-0.8231310086164865	nu=0.3258,chi=0.9	True
0.487114011176	0.375108480029	0.27683054631130827	0.13719570580145032	-0.35214045227580265	1.9910289642722723e-05	8.026631217209864e-05	0.5558298582195197	0.3660898269421348	-0.3660898269421348	nu=0.4472,chi=0.1	True
0.480207513026	0.361719776196	0.2629967578290696	0.14104011122325122	-0.3494064438611255	6.237423583610092e-05	0.00026837674894007567	0.545531939539382	0.3737722290396909	-0.3737722290396909	nu=0.4472,chi=0.167	True
0.472858819542	0.347884331928	0.249051559972227	0.14489608925034736	-0.34660673341110587	7.877511447738595e-05	0.00036264924353601095	0.5343650694543753	0.3832034332311486	-0.3832034332311486	nu=0.4472,chi=0.233	True
0.465005192226	0.333640718446	0.23503997455278028	0.14877181022482217	-0.3437372375363975	6.892774048229064e-05	0.0003402912831615616	0.5222399071304922	0.39484991705934824	-0.39484991705934824	nu=0.4472,chi=0.3	True
0.456575710814	0.31905707273	0.2210232888397166	0.15267771293656465	-0.34079058850739014	3.163358827517221e-05	0.00016781415225744533	0.509070677345919	0.40888112512794395	-0.40888112512794395	nu=0.4472,chi=0.367	True
0.447597216403	0.303324926812	0.20667114398417777	0.15672946950516517	-0.3378207543514654	4.556461662131316e-05	0.00026070757409862763	0.49435936058713453	0.4286269316297351	-0.4286269316297351	nu=0.4472,chi=0.433	True
0.437876536779	0.287143513793	0.19235131374370593	0.1608885467575377	-0.334792681895403	5.3394139095118965e-05	0.0003300471291126333	0.4782293900083921	0.45314232334523497	-0.45314232334523497	nu=0.4472,chi=0.5	True
0.427306795324	0.270662238916	0.17817578747062707	0.16518489206711834	-0.3316940037499165	5.199931204944815e-05	0.0003474889708139673	0.46059614942478555	0.4835239247672557	-0.4835239247672557	nu=0.4472,chi=0.567	True
0.415783932684	0.254068383496	0.16426966880160032	0.16965392041745395	-0.3285024776237333	3.6997373017642767e-05	0.00026714943816040054	0.44141695032335626	0.5203664552206211	-0.5203664552206211	nu=0.4472,chi=0.633	True
0.403214838933	0.237051647909	0.15055344549616448	0.17440910349858788	-0.32525180222145555	4.754305990029575e-05	0.00037065729293896317	0.4203715054312568	0.5671675517716538	-0.5671675517716538	nu=0.4472,chi=0.7	True
0.389496064917	0.220517957573	0.13742932021743387	0.17941006085747063	-0.3218238019992889	1.92575820129038e-05	0.0001614566720040121	0.39792982265488286	0.621289538454032	-0.621289538454032	nu=0.4472,chi=0.767	True
0.374512884896	0.203621945114	0.12460606410488542	0.18487334256050833	-0.31832733299546156	3.662640055239004e-05	0.00032906603803528915	0.3734938406854932	0.6896049081612217	-0.6896049081612217	nu=0.4472,chi=0.833	True
0.358214290866	0.187264862154	0.11243988542546113	0.19076262711752037	-0.31462400523267886	3.312769413982024e-05	0.0003167857973804568	0.34770223581423626	0.7686575657052174	-0.7686575657052174	nu=0.4472,chi=0.9	True
0.48465296961	0.375695505579	0.27744750933304574	0.13747788753528797	-0.35282200849771295	6.693885554147049e-05	0.0002686796047925987	0.555851784633616	0.3657669766234314	-0.3657669766234314	nu=0.6138,chi=0.1	True
0.475897562273	0.363725943341	0.26449972530933064	0.14140500763997607	-0.35046793963243555	4.217224427508507e-05	0.00017967142778520416	0.5459481033626233	0.37095813064351296	-0.37095813064351296	nu=0.6138,chi=0.167	True
0.466717166822	0.351300514295	0.2514080394097411	0.14533964192796892	-0.34799270940869714	2.8183169928979717e-10	1.2774836178291305e-09	0.5352564548199786	0.9120803018571186	-0.9120803018571186	nu=0.6138,chi=0.233	True
0.45725919794	0.337153744048	0.23760683181807293	0.14942015465396621	-0.34543996949747763	5.867631866316458e-05	0.000284495682119785	0.5231970509286747	0.38830553946700047	-0.38830553946700047	nu=0.6138,chi=0.3	True
0.447114602938	0.323323314268	0.22407516183425968	0.15344903461904846	-0.3427310506692051	2.438668393302966e-05	0.0001265301481689187	0.5104043210659017	0.39962253333086123	-0.39962253333086123	nu=0.6138,chi=0.367	True
0.436446888651	0.308225938624	0.21011517630213614	0.15760974298606728	-0.33992945389120344	4.532391299907129e-05	0.00025268400884137016	0.4961152307384149	0.41579669402070657	-0.41579669402070657	nu=0.6138,chi=0.433	True
0.42504215931	0.292719240225	0.19615582797283043	0.16183806375058543	-0.3369893422453528	4.62135090805389e-05	0.0002773309930341514	0.4805248926743597	0.43559076682690073	-0.43559076682690073	nu=0.6138,chi=0.5	True
0.412806134484	0.276874768866	0.18226323773502132	0.16615937102096653	-0.33389325257034896	2.6785417415185087e-05	0.00017323589308865893	0.4635203302988811	0.4595879890728491	-0.4595879890728491	nu=0.6138,chi=0.567	True
0.399658965624	0.260371471048	0.16834168839901853	0.17065592084926795	-0.3306546347235671	2.0642008350215715e-05	0.00014408945566360745	0.44476621063244753	0.4900587601203564	-0.4900587601203564	nu=0.6138,chi=0.633	True
0.385466074061	0.243060259164	0.15438599169538467	0.17540994627513357	-0.32728360393035133	4.6939299889195195e-05	0.00035399091036691753	0.4239703825945678	0.5300393376769854	-0.5300393376769854	nu=0.6138,chi=0.7	True
0.370072486027	0.226022804032	0.1408750906900752	0.18036061932158176	-0.32365850885946396	2.6150222877066556e-05	0.0002125375339974559	0.40161902634108787	0.5761244383393229	-0.5761244383393229	nu=0.6138,chi=0.767	True
0.353361823362	0.208611989374	0.1275889633869654	0.1856791268905908	-0.3198220830235644	2.0862820188110843e-05	0.00018234209743882445	0.3771985642783644	0.6338228511236869	-0.6338228511236869	nu=0.6138,chi=0.833	True
0.335177391263	0.190953435791	0.11461761670568676	0.19146003693655284	-0.3157419472814222	2.999724519447198e-05	0.00028081871010510656	0.35069016404259	0.7057861306816997	-0.7057861306816997	nu=0.6138,chi=0.9	True
0.48154706953	0.377143895813	0.27863056875988373	0.13769037329475856	-0.3535928680032082	3.0117606731557468e-05	0.00012001050187004609	0.5561963715643254	0.36377469843660454	-0.36377469843660454	nu=0.8426,chi=0.1	True
0.470852120812	0.365477110059	0.26612867499486637	0.14182233520106563	-0.3517138577328655	5.604484287045451e-05	0.00023622853691234691	0.5463739631701414	0.368577563643453	-0.368577563643453	nu=0.8426,chi=0.167	True
0.45969260472	0.353525252191	0.2535419760977542	0.14593805752082753	-0.3496663398767622	4.838277142861776e-05	0.00021612210722671843	0.5358633706342536	0.3739766713953651	-0.3739766713953651	nu=0.8426,chi=0.233	True
0.448128900419	0.340632631945	0.24057925624071053	0.15010665233686565	-0.34745410357222833	6.793307774373185e-05	0.0003227014448848695	0.524345961937619	0.3816671315128002	-0.3816671315128002	nu=0.8426,chi=0.3	True
0.435954506768	0.327665149121	0.22766005304759968	0.15424684484465026	-0.3450380548925678	3.1098617668778333e-05	0.00015731642827530423	0.5120393219262002	0.3899356736687279	-0.3899356736687279	nu=0.8426,chi=0.367	True
0.423286350374	0.313342622248	0.2142238716897792	0.15849748541363595	-0.34244580162957444	5.182493001962363e-05	0.00028041823150684375	0.49831226114749594	0.40231629785164785	-0.40231629785164785	nu=0.8426,chi=0.433	True
0.40990812687	0.298501918454	0.20068018403648594	0.16278893205804398	-0.33963239051141203	5.239871120231103e-05	0.0003039681630795213	0.4833460476021133	0.4171814810174935	-0.4171814810174935	nu=0.8426,chi=0.5	True
0.39574703449	0.282920886525	0.18696091779824928	0.16716545455414578	-0.33658596677922414	5.173915465061081e-05	0.0003226442308452592	0.46687760012945684	0.4360330166573056	-0.4360330166573056	nu=0.8426,chi=0.567	True
0.380677758719	0.266666860752	0.1731307922413109	0.17165070169764438	-0.33327860018380584	4.46858676381273e-05	0.00030021046159647765	0.4487475107001235	0.45958882636227616	-0.45958882636227616	nu=0.8426,chi=0.633	True
0.364572264285	0.249550296957	0.15915267378308368	0.17630902080009767	-0.3296931957840079	4.7808497384547876e-05	0.0003467800805885816	0.4286357081617384	0.489895323899168	-0.489895323899168	nu=0.8426,chi=0.7	True
0.347254705537	0.232024049839	0.14525178450754833	0.18114710109419485	-0.325761669215814	2.8574527900981376e-05	0.00022387816818076974	0.4065722771298706	0.5270358089083407	-0.5270358089083407	nu=0.8426,chi=0.767	True
0.328549753984	0.213508492128	0.13124826098980627	0.18631370982380657	-0.32148304832120483	3.56127872522662e-05	0.0003016201403678111	0.3819624131057566	0.5755702358849657	-0.5755702358849657	nu=0.8426,chi=0.833	True
0.308244050257	0.19455140703	0.11739799873967077	0.1918467568359698	-0.31675663062371595	3.180547953921051e-05	0.00029068783024910366	0.35491390725761623	0.6363317552374949	-0.6363317552374949	nu=0.8426,chi=0.9	True
0.478028706089	0.378401405228	0.27991611908916586	0.13791033476894643	-0.35445121344912284	8.324235503302188e-06	3.291096520705938e-05	0.5565780030596454	0.36204382203504937	-0.36204382203504937	nu=1.156,chi=0.1	True
0.465064497017	0.36725383276	0.2680876445293876	0.14221170944927647	-0.35309668909490544	5.984962452339756e-05	0.0002491487488662505	0.5469849883951957	0.36586769506443356	-0.36586769506443356	nu=1.156,chi=0.167	True
0.451577699903	0.356182528425	0.2563137830263015	0.14645057632038655	-0.35152109121932085	4.5320359297236054e-05	0.00019884692135749507	0.5368892434064676	0.3693082170109405	-0.3693082170109405	nu=1.156,chi=0.233	True
0.437647563076	0.344518007171	0.2442835191963502	0.15069160488157166	-0.34971255661341716	2.8480900108772194e-05	0.00013205179767637894	0.5260045024535299	0.3736576937189874	-0.3736576937189874	nu=1.156,chi=0.3	True
0.423297133961	0.331699894418	0.23175408368630548	0.15498796839693646	-0.3476576297891868	5.39978946057167e-05	0.0002656340381447813	0.5140209282994079	0.38039630641775907	-0.38039630641775907	nu=1.156,chi=0.367	True
0.408329512203	0.318471176458	0.21908024175205404	0.15926864915888572	-0.3453156022846605	4.766606042858884e-05	0.00024937257119338413	0.5010982467316272	0.387977994187525	-0.387977994187525	nu=1.156,chi=0.433	True
0.392735151177	0.304302659793	0.2060399661955276	0.16358815547837466	-0.34266427649702386	5.051933034016307e-05	0.00028210902775465763	0.48689029031270414	0.3981544401792426	-0.3981544401792426	nu=1.156,chi=0.5	True
0.376371029866	0.289503483009	0.19278836126169555	0.16792344392983372	-0.33965718045211557	3.0753890056522796e-05	0.00018384642826570162	0.4713661113165916	0.4101266618790151	-0.4101266618790151	nu=1.156,chi=0.567	True
0.359181307427	0.273380837916	0.17905367426120833	0.17235513342843825	-0.33626616282776167	3.758126444031144e-05	0.00024160509100428838	0.4539944410373167	0.42688078692322795	-0.42688078692322795	nu=1.156,chi=0.633	True
0.340969899638	0.256273103753	0.16501311413532951	0.1768719956237792	-0.33242523293675674	3.708572307103384e-05	0.0002573347702215005	0.4346745953236714	0.4482335624315643	-0.4482335624315643	nu=1.156,chi=0.7	True
0.321549598796	0.238303803994	0.15074728296291043	0.18149432355532627	-0.32805558113327044	1.5335118602207568e-05	0.00011520703695103541	0.4131858242590749	0.47504033679924984	-0.47504033679924984	nu=1.156,chi=0.767	True
0.300709782366	0.218817129478	0.13603792236982643	0.18634499898114618	-0.3230893133257963	1.4541518314196049e-05	0.0001187672996447062	0.38877966147452414	0.5114878865896536	-0.5114878865896536	nu=1.156,chi=0.833	True
0.278135632258	0.197956948876	0.12099609323679499	0.1914949446516963	-0.3174001618168581	1.8691446250111405e-05	0.00016645589278040316	0.36107668106949253	0.5611151711275417	-0.5611151711275417	nu=1.156,chi=0.9	True
0.474329022805	0.378728150388	0.2809827179686201	0.1381735022900728	-0.3553610667789105	6.625463072625588e-05	0.0002601862455667139	0.5568184599590256	0.3617400572535185	-0.3617400572535185	nu=1.587,chi=0.1	True
0.458644820299	0.36921718231	0.2705062705006794	0.14249742537227822	-0.3545535880515978	1.81112770916719e-05	7.430399048772303e-05	0.5479095441322315	0.36235115211673086	-0.36235115211673086	nu=1.587,chi=0.167	True
0.442685057744	0.358664037825	0.2595140659026065	0.14685367823565249	-0.3534933054334245	2.2972798898415835e-05	9.881526937405677e-05	0.5382276079321967	0.36430907225000275	-0.36430907225000275	nu=1.587,chi=0.233	True
0.426395079528	0.346989753175	0.24798141354156186	0.15124003995612326	-0.3521475177133886	7.602918313858927e-05	0.00034422224511128016	0.5276529479412317	0.3679775265044706	-0.3679775265044706	nu=1.587,chi=0.3	True
0.409438134198	0.335824541487	0.23665876641177802	0.15549659171831084	-0.3504736877794159	1.9727137810480725e-05	9.403135703187194e-05	0.5166862494163368	0.3696616113973337	-0.3696616113973337	nu=1.587,chi=0.367	True
0.392098840104	0.32300924998	0.22456295211080762	0.15981553483261732	-0.348436586551724	4.236990141941417e-05	0.0002138001322989263	0.5044444379910048	0.3742043814388513	-0.3742043814388513	nu=1.587,chi=0.433	True
0.374143573104	0.309394975058	0.21208977859601336	0.1641087359042432	-0.34598117716031884	5.570743612937568e-05	0.000298687713101083	0.4911020772771641	0.379935596653373	-0.379935596653373	nu=1.587,chi=0.5	True
0.355450309373	0.295150715374	0.19931548292091011	0.16835216082488255	-0.34304444802569095	3.689415950969873e-05	0.0002109369397053171	0.47658296323735216	0.3864020470638825	-0.3864020470638825	nu=1.587,chi=0.567	True
0.33596077302	0.279716068688	0.18600233809501296	0.17258782347321833	-0.33954763634017554	1.9295716932726792e-05	0.00011824532634310177	0.46044729343071783	0.39497308444211515	-0.39497308444211515	nu=1.587,chi=0.633	True
0.315559597125	0.26241458969	0.1718831089203853	0.17687033208792077	-0.3353890640144049	3.62413027585085e-05	0.00023973441922625592	0.4420754972713684	0.4082815793497697	-0.4082815793497697	nu=1.587,chi=0.7	True
0.293966877961	0.24392947231	0.15725948813940574	0.18113602537524287	-0.33043901941949344	2.100707706829637e-05	0.00015086733386195631	0.4214359970593291	0.42514718814957136	-0.42514718814957136	nu=1.587,chi=0.767	True
0.270955956322	0.223243343118	0.14174149015033208	0.1854878014114154	-0.3245208981037675	2.455563381421988e-05	0.0001930935358422446	0.39747081429808206	0.45015639100257643	-0.45015639100257643	nu=1.587,chi=0.833	True
0.246119911861	0.200364152572	0.12536782609386252	0.1899566090673699	-0.317390771774527	2.343806076370023e-05	0.00020354980707415257	0.36945414882340355	0.4865777246317914	-0.4865777246317914	nu=1.587,chi=0.9	True
0.470328675765	0.379413900252	0.2824551892139935	0.13831789365837266	-0.3562546474298586	5.9495621398206313e-05	0.0002316529696415234	0.5573473821594251	0.3604581476627202	-0.3604581476627202	nu=2.179,chi=0.1	True
0.452147259807	0.369715902685	0.2726173386724659	0.14278227488891168	-0.3560124538313328	7.771958661422985e-05	0.0003148111274654983	0.5486725338579769	0.3611724275966513	-0.3611724275966513	nu=2.179,chi=0.167	True
0.43354235653	0.359928527382	0.26267897979452765	0.14716695258411555	-0.35547524582056794	5.688721820282401e-05	0.00024005695662802597	0.5396039123314763	0.36106320735903874	-0.36106320735903874	nu=2.179,chi=0.233	True
0.414621577514	0.349223815279	0.25224501316166503	0.1515363951450142	-0.35460072928376385	7.129324390647989e-05	0.0003145288086720225	0.5298202594958311	0.3617921355665495	-0.3617921355665495	nu=2.179,chi=0.3	True
0.395181943952	0.338427619203	0.24168998047877047	0.15579948445591066	-0.35334617152358383	3.5569750355878734e-05	0.000164361355942661	0.5195389112575267	0.36132657447580646	-0.36132657447580646	nu=2.179,chi=0.367	True
0.375338073149	0.326454814834	0.23050898497693004	0.1600340939686278	-0.35163926402888757	3.844168068686928e-05	0.00018692020517914248	0.508293759408939	0.36200606449809924	-0.36200606449809924	nu=2.179,chi=0.433	True
0.354916631977	0.313843483055	0.21893754434722432	0.16416935534980617	-0.34941288446706664	2.0091763495897433e-05	0.0001031910420013297	0.4961719466529647	0.36237714616338296	-0.36237714616338296	nu=2.179,chi=0.5	True
0.333913780993	0.299873533431	0.20664640398919226	0.16823786235246102	-0.34655621886630794	2.4408313430586993e-05	0.0001332033927184125	0.48274368026553915	0.36395305541179845	-0.36395305541179845	nu=2.179,chi=0.567	True
0.312196045943	0.284441121947	0.19358338966736174	0.17221244714552697	-0.3429416464458188	3.794152134228249e-05	0.00022151613733914936	0.4677495373416509	0.3671158146784434	-0.3671158146784434	nu=2.179,chi=0.633	True
0.289573522397	0.267651679638	0.17977954484500314	0.17604166664541207	-0.338413851290227	3.023344212589375e-05	0.0001902319208312876	0.45096012774659067	0.37110111918675964	-0.37110111918675964	nu=2.179,chi=0.7	True
0.265884583079	0.248720662514	0.16488622000630224	0.17973683489450787	-0.3327276962691338	2.698801329075588e-05	0.0001849095828149597	0.4315971629360867	0.3782025167170235	-0.3782025167170235	nu=2.179,chi=0.767	True
0.240819061108	0.227251815497	0.14872136510265752	0.1832660806110259	-0.3255608472339935	1.5895826984433552e-05	0.00012011926894074642	0.4088256389261339	0.3900058073596921	-0.3900058073596921	nu=2.179,chi=0.833	True
0.213930147092	0.202018897561	0.13076875756686954	0.18665776852862226	-0.31639953462938775	2.080421075905846e-05	0.00017651622804489074	0.38090849158793255	0.4124733425031798	-0.4124733425031798	nu=2.179,chi=0.9	True
0.466352693927	0.379743058254	0.2839603896015134	0.1383926626067371	-0.35708808816778914	5.522883041050062e-05	0.00021322595515388244	0.5579494485824336	0.35957762028805496	-0.35957762028805496	nu=2.991,chi=0.1	True
0.445573835593	0.370314794682	0.27511291903578367	0.14288033871376607	-0.35737698297150094	7.12941281781506e-05	0.000284714896301215	0.5497802798438598	0.3593197323056815	-0.3593197323056815	nu=2.991,chi=0.167	True
0.424421607818	0.36081641477	0.26613857081209435	0.14726302402759872	-0.35734492271940754	5.104724737886864e-05	0.0002111741749758684	0.541304996364672	0.3578720240794235	-0.3578720240794235	nu=2.991,chi=0.233	True
0.402945517067	0.350779450497	0.25680054278340897	0.15156454514669046	-0.35693964545446183	3.567138992406741e-05	0.00015328785150338226	0.5323408296186679	0.3561394023211508	-0.3561394023211508	nu=2.991,chi=0.3	True
0.381127309893	0.339998817153	0.2469891392067873	0.15577642062309413	-0.3560917271222747	3.509318314553983e-05	0.00015721083454454674	0.5227664374899195	0.35421379941800996	-0.35421379941800996	nu=2.991,chi=0.367	True
0.358925796318	0.32830571431	0.236610657710247	0.1598793731564913	-0.3547129050688397	5.1862826291117484e-05	0.00024327174158019765	0.5124506032900398	0.35234837598655033	-0.35234837598655033	nu=2.991,chi=0.433	True
0.336124763917	0.316590763437	0.2260422803810707	0.1637608520347978	-0.35274321039560413	6.558803692891296e-10	3.2302758804563936e-09	0.5016457904243451	0.40861759620792226	-0.40861759620792226	nu=2.991,chi=0.5	True
0.312909386464	0.302964804992	0.2144059648353071	0.16752080184617166	-0.3499683095603811	1.717834347520745e-05	8.954611067272141e-05	0.4895190311982696	0.34518894288483076	-0.34518894288483076	nu=2.991,chi=0.567	True
0.289054943895	0.287952506248	0.20190579179062293	0.17104701019994675	-0.3462323105634919	3.413508451370531e-05	0.0001897872859147148	0.47608206047954854	0.34214102965716864	-0.34214102965716864	nu=2.991,chi=0.633	True
0.264399070616	0.271436041081	0.18844167009936819	0.17425876768102425	-0.341297037103656	3.090992906273119e-05	0.00018502088712764404	0.4610396664269645	0.33871284356676107	-0.33871284356676107	nu=2.991,chi=0.7	True
0.238794246299	0.252490394827	0.17354878349095978	0.17710217563784983	-0.3347651280706928	2.9405486427412646e-05	0.00019209825262658312	0.44357704584072855	0.3362028289777827	-0.3362028289777827	nu=2.991,chi=0.767	True
0.211934154604	0.230361047981	0.15681763687199685	0.17946033117505378	-0.32608161539303865	1.773068939300435e-05	0.00012878690466835218	0.4226374040377359	0.3359505429213131	-0.3359505429213131	nu=2.991,chi=0.833	True
0.183339387011	0.20328290211	0.13737580769923965	0.18121259069479775	-0.3142937497546541	8.733455880717422e-06	7.255467974731818e-05	0.3959587113784519	0.34222174574510017	-0.34222174574510017	nu=2.991,chi=0.9	True
0.46253830029	0.379976324013	0.28555534919574665	0.1383701991660335	-0.3578203898748043	2.58446456597706e-05	9.892509039647708e-05	0.5586737064631419	0.358558428003392	-0.358558428003392	nu=4.105,chi=0.1	True
0.439405521659	0.370150481165	0.2774736846032805	0.14287155263254375	-0.35857966579314415	8.46395408347048e-05	0.00033364483574315303	0.5509057433015205	0.35845661611201407	-0.35845661611201407	nu=4.105,chi=0.167	True
0.415881635904	0.36065832525	0.2694297676598597	0.14720184213972562	-0.35899894035798263	6.904225245950224e-05	0.00028046100738477576	0.543030602305315	0.35625650113016194	-0.35625650113016194	nu=4.105,chi=0.233	True
0.392138739269	0.350435694597	0.26089596694080436	0.15143081392441335	-0.359005097054162	8.090155024512772e-05	0.0003398084205867348	0.534694786371917	0.3538499565064913	-0.3538499565064913	nu=4.105,chi=0.3	True
0.367994102767	0.340230083517	0.25219844351929654	0.1554562954106693	-0.3585462518896704	4.276621119336516e-05	0.00018611290177554426	0.5261144552223892	0.34936516663926087	-0.34936516663926087	nu=4.105,chi=0.367	True
0.343537810063	0.329235791938	0.2429297662271961	0.1593006968909622	-0.35750055455508695	2.1324941557138037e-05	9.657851288341974e-05	0.5169839479451612	0.34395427863631634	-0.34395427863631634	nu=4.105,chi=0.433	True
0.318750626522	0.317092078533	0.2328895760729732	0.16292854817508373	-0.35571315811761106	3.182263690232195e-05	0.00015088289192757728	0.5071097422768273	0.33830986230515514	-0.33830986230515514	nu=4.105,chi=0.5	True
0.29350814495	0.303949212942	0.22210150267726758	0.16624490183622248	-0.35301953322617663	4.2099804831878814e-05	0.00021034972791285816	0.4964578743615219	0.3311767042472855	-0.3311767042472855	nu=4.105,chi=0.567	True
0.267674351367	0.289919038771	0.21055233119618502	0.16913393682351585	-0.3492114855113207	2.338769028547385e-05	0.00012407662424864714	0.48496607683009724	0.3218361471010571	-0.3218361471010571	nu=4.105,chi=0.633	True
0.241239000272	0.273811642427	0.19762068559460078	0.17153045174009782	-0.34386042968907643	2.78265094800826e-05	0.0001587125402896963	0.47196374406074365	0.31174345438648715	-0.31174345438648715	nu=4.105,chi=0.7	True
0.213982791526	0.255306738721	0.18304527160730888	0.17324132562567626	-0.3364597699590888	2.4586900016257903e-05	0.0001532412638435878	0.45697713491291775	0.30011555803491935	-0.30011555803491935	nu=4.105,chi=0.767	True
0.185664990571	0.232941302714	0.16599539551029646	0.17404485440003928	-0.3260942304505384	2.193190333061262e-05	0.00015317519281447486	0.4386842844779787	0.2884148880431058	-0.2884148880431058	nu=4.105,chi=0.833	True
0.155782599849	0.20464959618	0.14526334899213592	0.173570500280792	-0.3112277344644466	2.2473702716631503e-07	1.8307551374831877e-06	0.4146043623986605	0.7839286157044872	-0.7839286157044872	nu=4.105,chi=0.9	True
0.45917316169	0.37951309908	0.2868579374590783	0.1383249436287821	-0.3584281530983434	4.001314791902431e-05	0.00015210197093273233	0.5592846775797147	0.3587179943764677	-0.3587179943764677	nu=5.635,chi=0.1	True
0.433745420254	0.370055115435	0.27994415374904036	0.1427072218602225	-0.35958936242667705	4.304618187211309e-05	0.00016749300655838969	0.5522076380681386	0.35732575985924053	-0.35732575985924053	nu=5.635,chi=0.167	True
0.408115529819	0.360362222778	0.2727712543744655	0.14694427508406446	-0.3603944547097067	3.515005141808451e-05	0.0001402830273554604	0.5449268072404369	0.3545714883857512	-0.3545714883857512	nu=5.635,chi=0.233	True
0.382316351171	0.350095857556	0.2651526828936635	0.15102662992385912	-0.3607627900062064	4.487232862148828e-05	0.00018427220492093905	0.5373244712754063	0.3512142196729685	-0.3512142196729685	nu=5.635,chi=0.3	True
0.35625400615	0.33953883683	0.2571923672425762	0.15487870611183882	-0.3606144722843042	3.857454019791092e-05	0.00016348577383288741	0.5294776900314806	0.34603787339680514	-0.34603787339680514	nu=5.635,chi=0.367	True
0.32997856095	0.328130389375	0.24858693334843077	0.15848090610453278	-0.3598020181445172	5.8988536008599496e-05	0.00025929074039806335	0.521180253202135	0.33993012923381927	-0.33993012923381927	nu=5.635,chi=0.433	True
0.30329735654	0.316633140003	0.23964540263190295	0.16168736493139277	-0.3582325358865152	3.0317490198023806e-05	0.00013875416094083498	0.5126789368323464	0.33062672558653167	-0.33062672558653167	nu=5.635,chi=0.5	True
0.276341418033	0.30375066192	0.2296957483452574	0.16448167782355205	-0.35559614294953656	4.549500355961651e-05	0.00021858314775723289	0.5034767409112315	0.3203845589269703	-0.3203845589269703	nu=5.635,chi=0.567	True
0.248892218338	0.290152993293	0.2189653280632488	0.16665638909969047	-0.35168018158370634	3.05752131813526e-05	0.0001554804463777548	0.49377429595317446	0.3065883158527317	-0.3065883158527317	nu=5.635,chi=0.633	True
0.220923407913	0.274969680269	0.20692818021577766	0.168050982514429	-0.34599125051477525	1.9409432123484544e-05	0.0001058146265592046	0.48315454330458546	0.28993589881240456	-0.28993589881240456	nu=5.635,chi=0.7	True
0.192328954777	0.257159943328	0.19292324293820656	0.1684063029355338	-0.33776461966552035	2.4615706163003798e-05	0.0001467155887605599	0.4709952399025302	0.2707933371690242	-0.2707933371690242	nu=5.635,chi=0.767	True
0.162848296652	0.235580200411	0.17613722678472657	0.16729139705395218	-0.32581929439457935	2.0576320165132908e-05	0.00013812621339305385	0.4563576521897262	0.2482375911294578	-0.2482375911294578	nu=5.635,chi=0.833	True
0.132088814274	0.206866230428	0.15449247516899364	0.16406780410303176	-0.30771267673065994	4.29570434837926e-06	3.427006913150746e-05	0.43636270837763613	0.22505300038574858	-0.22505300038574858	nu=5.635,chi=0.9	True
0.456332352146	0.37853989936	0.28786006253504914	0.13826777521994713	-0.3589065402144829	8.860993241136251e-05	0.00033507491556196314	0.5597719312352578	0.3598017828122948	-0.3598017828122948	nu=7.734,chi=0.1	True
0.428988169613	0.368948605611	0.2818479890701319	0.14253668209253223	-0.3603807261462131	7.240048140465663e-05	0.00027895640530473695	0.553238435245563	0.3579551845205371	-0.3579551845205371	nu=7.734,chi=0.167	True
0.40151967976	0.359113517127	0.27555521686809464	0.1466335028471531	-0.36149110232140386	5.079238098023756e-05	0.0001998331743313096	0.5465666453020253	0.35475616044521147	-0.35475616044521147	nu=7.734,chi=0.233	True
0.373987618988	0.348580375144	0.2687338759270301	0.15054766377164894	-0.3621386277424535	6.467375501339071e-05	0.00026076572379824247	0.5396144788489656	0.3509601867879586	-0.3509601867879586	nu=7.734,chi=0.3	True
0.346164967007	0.338378822626	0.261843899143928	0.15412626535663956	-0.36227610846514857	1.116684406413368e-05	4.62216434269502e-05	0.5327211310098633	0.3438497068704454	-0.3438497068704454	nu=7.734,chi=0.367	True
0.318348980923	0.326662263518	0.2539515242697387	0.1574367509188703	-0.36165084469756853	5.504448193670799e-05	0.00023550295170752242	0.5252814635657355	0.33693351035874536	-0.33693351035874536	nu=7.734,chi=0.433	True
0.290108766393	0.315556300175	0.24601986709314258	0.16019743807193026	-0.36026307612514985	1.4993576844345393e-09	6.647907961626713e-09	0.5180361334867507	0.9035114428154907	-0.9035114428154907	nu=7.734,chi=0.5	True
0.261757087967	0.302825310189	0.2368971312658052	0.16242576351984134	-0.357661285708357	2.409180499484791e-05	0.00011175394713333256	0.5102189209911719	0.31223286756727586	-0.31223286756727586	nu=7.734,chi=0.567	True
0.233039715786	0.289377770426	0.22691416925704375	0.16383958128024	-0.35360533440360375	3.2870568342145036e-05	0.00016098937173864174	0.5021767421578806	0.295309992231823	-0.295309992231823	nu=7.734,chi=0.633	True
0.203857582947	0.275001595861	0.2158213584359328	0.16415245932877234	-0.34761306523054997	2.0681539268929148e-05	0.0001083035890078148	0.4938833765878228	0.2735868675998661	-0.2735868675998661	nu=7.734,chi=0.7	True
0.174174311276	0.258460399711	0.20279664824772856	0.16299188026024844	-0.3387485126874724	2.3009259496785885e-05	0.00013153581907950881	0.4848768574600387	0.24696543852291233	-0.24696543852291233	nu=7.734,chi=0.767	True
0.143746037559	0.238884542452	0.18705314384063482	0.15970170992466096	-0.32564292690378477	5.988228682870711e-06	3.857703618647828e-05	0.47476670149178934	0.2142981671140118	-0.2142981671140118	nu=7.734,chi=0.833	True
0.112415235372	0.211067592082	0.16529528110931604	0.15334527788474173	-0.304672625521525	1.2408506250318834e-05	9.629871491653342e-05	0.4604801798297227	0.17927876097896192	-0.17927876097896192	nu=7.734,chi=0.9	True
0.453837505411	0.378166741859	0.289023349230647	0.13812280496122992	-0.3592743140831836	6.494879039735343e-05	0.00024417920604223066	0.5604046189141858	0.3597788693697893	-0.3597788693697893	nu=10.62,chi=0.1	True
0.424842772058	0.3686730303	0.28394549987748313	0.14224142765042594	-0.3610036797652098	9.269884171797653e-07	3.5346114574234038e-06	0.554458028971118	0.6157942605502261	-0.6157942605502261	nu=10.62,chi=0.167	True
0.395921913534	0.358315391538	0.27827396496514745	0.1462196039291892	-0.3623502477544435	1.871201288906819e-09	7.263100757996829e-09	0.5482433299354753	0.7009289480263057	-0.7009289480263057	nu=10.62,chi=0.233	True
0.36700243561	0.347312862069	0.27208325402925343	0.14997162024005298	-0.363210215151645	3.329932579378643e-05	0.0001320565551124645	0.5418312702862614	0.35052085746624195	-0.35052085746624195	nu=10.62,chi=0.3	True
0.337936938923	0.33628364762	0.2656351664399454	0.15336404345657187	-0.3635001161926203	3.632431661956473e-05	0.00014758642534483217	0.535439045846717	0.34410719069134715	-0.34410719069134715	nu=10.62,chi=0.367	True
0.308747613011	0.324950030236	0.2587434710203203	0.15631794470517907	-0.36306572353593036	3.3740434173339126e-05	0.00014104109905651866	0.52901367311454	0.3350922808459911	-0.3350922808459911	nu=10.62,chi=0.433	True
0.279434746474	0.313066561102	0.2512217660024162	0.15871277713259585	-0.3616900376103446	4.228466780022662e-05	0.00018292487560165894	0.5225190968364608	0.3234776826096531	-0.3234776826096531	nu=10.62,chi=0.5	True
0.249901378863	0.300857739273	0.24309401511170214	0.1603400824599736	-0.3591398313078582	3.647521042363869e-05	0.00016441107498785392	0.5161083459568623	0.3077444624939503	-0.3077444624939503	nu=10.62,chi=0.567	True
0.220113064516	0.28806605585	0.2341156996774955	0.16095089438943655	-0.3550258143043503	2.8945164256005202e-05	0.00013725389205924252	0.5098058933374798	0.28707128574817525	-0.28707128574817525	nu=10.62,chi=0.633	True
0.189971748298	0.274604945665	0.2240793178357449	0.16016336253201405	-0.3488214557601038	1.2843781923803448e-05	6.491546138992138e-05	0.5037666155423665	0.2608479106633788	-0.2608479106633788	nu=10.62,chi=0.7	True
0.159428726385	0.259603008049	0.21229667772298746	0.15744639002744873	-0.3395442455708532	1.3655081799508712e-05	7.511880377100846e-05	0.49793238451096733	0.22837945475903115	-0.22837945475903115	nu=10.62,chi=0.767	True
0.128290894955	0.242233965642	0.19793665875865826	0.1519163309424788	-0.3256489540213822	1.062090534855221e-05	6.573317400070538e-05	0.4924223590600969	0.18808247641428835	-0.18808247641428835	nu=10.62,chi=0.833	True
0.0964074878313	0.218389598027	0.178031284919013	0.142175590963761	-0.303296242997986	9.174357761908927e-06	6.834927595665552e-05	0.48593194056056105	0.1420782797520249	-0.1420782797520249	nu=10.62,chi=0.9	True
0.451776166727	0.37795634261	0.2900904988837283	0.13795826694045357	-0.3595495784514701	2.333285998291182e-05	8.726537004314418e-05	0.5610098430677162	0.3595259592804493	-0.3595259592804493	nu=14.57,chi=0.1	True
0.421756572165	0.366982489932	0.2850623863459902	0.1420744761896634	-0.3614362376156403	7.493192349568078e-05	0.0002841491557291674	0.5551107293046037	0.35928973190596253	-0.35928973190596253	nu=14.57,chi=0.167	True
0.391663925423	0.356146858938	0.2799226418892691	0.14592851518766567	-0.36293504548967226	8.524852342988458e-05	0.0003282505062931138	0.5492843732258121	0.3567368591128251	-0.3567368591128251	nu=14.57,chi=0.233	True
0.361496251789	0.345406832168	0.27461822022769156	0.14945739789590007	-0.36396888166679453	6.012460634171895e-05	0.00023554704321583855	0.5435531601487916	0.3518132504801386	-0.3518132504801386	nu=14.57,chi=0.3	True
0.331325238738	0.334304755452	0.26888084887673347	0.15261127447048906	-0.36440097537485433	4.535372867194477e-05	0.00018144941724490877	0.5378128109035889	0.34481197909226496	-0.34481197909226496	nu=14.57,chi=0.367	True
0.301178239632	0.322538588109	0.26250398549759896	0.15529102424309255	-0.3640361929823924	6.569009715873309e-05	0.00026981786447015984	0.5320117935349604	0.33567598814762545	-0.33567598814762545	nu=14.57,chi=0.433	True
0.270815113798	0.311238884152	0.25598596188200345	0.15724134652518693	-0.36279253378010556	1.8873542324426758e-05	7.987596986105444e-05	0.5266201936710548	0.3215751256365012	-0.3215751256365012	nu=14.57,chi=0.5	True
0.240458942672	0.298898888391	0.24847454902475968	0.1583509486178828	-0.36020391542164454	3.391349351793363e-05	0.00014923655877737354	0.5212346111448108	0.30475493384312735	-0.30475493384312735	nu=14.57,chi=0.567	True
0.209872318213	0.286502733996	0.24034371353013018	0.1582212301634522	-0.35601389580733867	2.57646558862928e-05	0.00011893991133222291	0.5163978086902403	0.28167091645162856	-0.28167091645162856	nu=14.57,chi=0.633	True
0.17901921422	0.273736927159	0.23126255432469717	0.1564025716678152	-0.34962281062056416	1.7563706754190166e-05	8.61952154552661e-05	0.5123170443375782	0.2520627825328287	-0.2520627825328287	nu=14.57,chi=0.7	True
0.147783450545	0.260477468507	0.22091833721302853	0.15218356019131662	-0.3401712242517093	1.0437903188304173e-05	5.5517828107646926e-05	0.5094966885004115	0.21440350064767463	-0.21440350064767463	nu=14.57,chi=0.767	True
0.116044674637	0.245964649582	0.20851270845768	0.14445424109148944	-0.3260775254714773	1.58229763575641e-05	9.414896106232352e-05	0.5086232404045051	0.16811387208488	-0.16811387208488	nu=14.57,chi=0.833	True
0.0835908866165	0.228229738762	0.1922293333349857	0.13132210578324846	-0.30410724945718076	1.018119246520777e-05	7.188196630177698e-05	0.5107757935437901	0.11381515741209657	-0.11381515741209657	nu=14.57,chi=0.9	True
0.450279933547	0.377094161385	0.2906443153316403	0.13787068182635834	-0.3597444896015312	5.6458079248852476e-05	0.00021058658182243303	0.5613246449035186	0.3605750475891609	-0.3605750475891609	nu=20,chi=0.1	True
0.41918109972	0.36624085876	0.2863229947146487	0.14184479672463404	-0.3617666976142719	5.8679354315306585e-05	0.00022117411478411386	0.5558795403504692	0.3596710409462713	-0.3596710409462713	nu=20,chi=0.167	True
0.388159069552	0.355069622672	0.2816619170394093	0.1455805718593053	-0.36338901730324263	7.095966910390646e-05	0.0002709734655828002	0.5504092022654405	0.3573992041389416	-0.3573992041389416	nu=20,chi=0.233	True
0.357036013544	0.344419337176	0.27704570508832527	0.14892447530389002	-0.36456114964434955	8.608668369141675e-06	3.3340451179973166e-05	0.5452167237280231	0.35166879420699537	-0.35166879420699537	nu=20,chi=0.3	True
0.326048127246	0.333032271074	0.2718020413045422	0.1518869360643729	-0.36509277924324723	2.143796499915221e-08	8.460505565177557e-08	0.5399568971812422	0.5397608667624815	-0.5397608667624815	nu=20,chi=0.367	True
0.295198509835	0.320737967726	0.26578048230221657	0.1543378847089504	-0.36476064736285313	5.521357581954042e-05	0.00022341136222215146	0.5346292911621667	0.3357996513933946	-0.3357996513933946	nu=20,chi=0.433	True
0.264178056793	0.309039336663	0.2596745211949454	0.15596547922741838	-0.36350364606364594	3.6202166124010534e-05	0.0001507246498170948	0.5298515267997883	0.3216762305764542	-0.3216762305764542	nu=20,chi=0.5	True
0.233159560598	0.296804141099	0.25280935588528486	0.1565994079150027	-0.3608912116797313	4.820459245936926e-05	0.00020820196541364611	0.5254015167325268	0.30334187150163583	-0.30334187150163583	nu=20,chi=0.567	True
0.201939217512	0.284916932876	0.2455219840375315	0.15579986006400132	-0.35666667714621747	2.5911681608361034e-05	0.00011706719409412259	0.5218674168853381	0.27792185438803185	-0.27792185438803185	nu=20,chi=0.633	True
0.170526831908	0.272928702937	0.23740939180474877	0.1530491161702988	-0.3501830637252788	1.625311823547827e-05	7.783275522289833e-05	0.5195301387910863	0.2453236823949348	-0.2453236823949348	nu=20,chi=0.7	True
0.138784267975	0.261084937664	0.22837044021904002	0.14748277383166902	-0.34064861720798806	1.6269933908212255e-05	8.411769379545356e-05	0.5192669350268834	0.20424671204316902	-0.20424671204316902	nu=20,chi=0.767	True
0.106479503977	0.250085781985	0.2184873750560204	0.137693431121556	-0.32701731518275656	1.2544836372577595e-05	7.184839094815283e-05	0.5228804048341908	0.15251757268925303	-0.15251757268925303	nu=20,chi=0.833	True
0.0734246018618	0.240026798768	0.20741682725874996	0.121331600264633	-0.30726182706293864	9.046756104597846e-06	5.9873725055366956e-05	0.5335998307557313	0.09291035320609081	-0.09291035320609081	nu=20,chi=0.9	True
