lambda_max	omega	complex_pair	slope	n_periods	estimator	period_measured	period_predicted	grew	ratio_max	ratio_end	escaped	horizon_short	t_end	t_last	eq_residual	j_eq	n_fit	name	tested	is_cross	group	tr_J_at_fold	j_crit	j_at_first_cross	tr_max
0.0948345279847453	0.0	False	0.0953467665432263	inf	late_half			True	9818.94211970421	9818.94211970421	True	False	263.6170657592283	90.59673881386657	5.307216226489582e-17	0.0444366378445992	2750	draw34	True	True	terminal	0.0970650448933348	0.0444443976124912	0.0400072918654414	0.0966146822455006
0.4906030052065069	0.3031213797895038	True		0.7580947618452306	none		10.36414078007762	True	9899.794653714189	9899.794653714189	True	False	165.82625248124194	15.714001672806774	3.8038638301801857e-17	0.3042580492727957	759	draw122	True	True	terminal	0.4933839986419491	0.3168357593157284	0.2653528191905006	0.9812060104130136
0.2018669097458066	0.6952002587116881	True	0.2019253921934705	4.731435326007925	peak	4.520870101537543	4.518975092747581	True	9868.452682196954	9868.452682196954	True	False	123.84397240479043	42.76247678235169	8.9875387848946e-17	0.2700452889019423	2763	draw273	True	True	window	-0.5102428654877755	0.4687575071778409	0.1988480438927258	0.4037338194916132
0.3786559202649363	0.0	False	0.3961385829976275	inf	late_half			True	9903.988304193792	9903.988304193792	True	False	66.02300046572125	19.82588412534848	1.9982135527282046e-16	1.7691783282731386	2403	draw294	True	True	terminal	0.4109993401387998	1.7691860070176193	1.7645855467004312	0.4021941106800941
0.8178750085281681	0.0	False	0.823668791072453	inf	late_half			True	9040.31955767898	9040.31955767898	True	False	30.567017868646595	9.327927318085552	2.3349748569064043e-16	0.1352065147648386	2442	draw426	True	True	terminal	0.5888375009219753	0.1402076834447081	0.1143449648317169	0.8813113552419496
0.4321282981269881	0.4036637122925319	True		1.1681460182522816	none		7.78269772070348	True	9804.158566042806	9804.158566042806	True	False	124.52316353125568	18.18265470740176	2.0920974374844008e-16	0.603837945565308	1169	draw517	True	True	terminal	0.4117840265927095	0.6289835083193567	0.5586208732056795	0.8642565962539761
1.306370781104337	0.0	False	1.3478860338953311	inf	late_half			True	9939.041490124448	9939.041490124448	True	False	19.13698649847811	7.040899020505197	4.3176650534391016e-17	0.7787771255968836	2944	draw549	True	True	terminal	1.5030877769011712	0.7790429844701616	0.7641781153990804	1.3560319384550952
1.835194795980358	0.0	False	1.8510277601361769	inf	late_half			True	9988.097813905855	9988.097813905855	True	False	13.622532090194294	5.856718072031276	2.169201313241021e-17	0.4982720493640512	3440	draw585	True	True	terminal	1.3365160455686214	0.5836601708123301	0.2713936283814878	1.91216791531098
0.1470468610019924	0.0	False	0.148742131229057	inf	late_half			True	9901.528220445916	9901.528220445916	True	False	170.01382980668498	56.132832168952994	0.0	0.0246053774998769	2642	draw592	True	True	terminal	0.1488445875963527	0.0246059238475078	0.0227415886698673	0.1479912105838229
0.1932581862176979	0.2764316123962419	True	0.1932746472174207	1.7642205275659455	peak	11.377596650047746	11.364809640825664	True	9892.536034198292	9892.536034198292	True	False	181.83695425321065	40.100060920448	6.995282907435486e-17	0.3711577256754126	1765	draw634	True	True	terminal	0.0861114995130721	0.3821007232098466	0.3471315632762287	0.3865163724353959
0.2954199077647986	0.0	False	0.3210435949554781	inf	late_half			True	9990.672317598006	9990.672317598006	True	False	84.62530568489646	32.04526202269676	1.92833082636599e-17	0.7367091252450803	3030	draw640	True	True	terminal	0.3887881192275795	0.7372603030383432	0.7285180940189955	0.310534847267386
0.0630210168868686	0.0	False	0.064282462887143	inf	late_half			True	9980.03548705334	9980.03548705334	True	False	396.693059473769	142.92654049298693	8.068838229090935e-18	0.1054156435087805	2883	draw686	True	True	terminal	0.0660542995199936	0.1054182985128677	0.1045673325066291	0.0643854618139265
0.0083115253171803	0.1024631943229181	True	0.0083097765102868	17.225163054361754	peak	30.834537040350256	30.660694060434032	True	9848.869951385388	9848.869951385388	True	False	3007.8714851922155	1056.2709091017543	1.7703783210722966e-18	0.0369036299965675	2810	draw713	True	True	window	-1.2579721609628391	0.287394367867151	0.0335057436473321	0.0166230506343607
0.6893886009806236	1.5259376049844628	True	0.6896348078359879	3.0795665070563065	peak	2.058240249262	2.0587949620795807	True	8231.024786614176	8231.024786614176	True	False	36.26401707895757	12.680392020233072	4.503342580737513e-16	0.6862088539429421	2798	draw732	True	True	window	-7.159429889349788	1.731472449470694	0.5230088822081191	1.3787772019612472
0.0175110077783179	0.0	False	0.0178329104497289	inf	late_half			True	9821.74957683851	9821.74957683851	True	False	1427.6733992977186	466.3721205606874	7.559247825930526e-19	0.0531405526866279	2614	draw814	True	True	terminal	0.0187574586248543	0.0531421563494881	0.0522969891564488	0.0182027837939867
0.013609981076082	0.0174214907193098	True	0.0136116359984506	1.5991998999874986	peak	180.17077108586213	180.32857831779415	True	9469.747486375983	9469.747486375983	True	False	2885.257253084707	576.7628888214085	3.907399347432378e-18	0.1454716238388595	1600	draw820	True	True	window	-0.0760554779784926	0.1865994741554727	0.1392577169534951	0.0272199621521641
0.0044918597791773	0.0255576294904544	True	0.0044916250778474	8.111384879867412	peak	123.15481258632953	122.92191084322396	True	9229.941412002525	9229.941412002525	True	False	5565.62342303983	1994.133858036274	2.249875106285403e-18	0.0530778816739549	2867	draw824	True	True	window	-0.1006513894469268	0.0958885244376751	0.047834486935605	0.0089837195583547
0.0630541100729237	0.0	False	0.0650376770736833	inf	late_half			True	9947.778873685087	9947.778873685087	True	False	396.4848599256551	114.84628334138552	2.9504493614207625e-17	0.0523343274869094	2318	draw834	True	True	terminal	0.0754179171483117	0.0523360275344183	0.052122288025321	0.0716868461307118
5.8174174504788985e-05	0.009082526947378	True	5.816276394947527e-05	28.91058118881103	peak	345.0431303912992	345.8941186512777	True	31.795555500260274	19.04122576377337	False	True	20000.0	20000.0	7.577444037894699e-18	0.1484054309292146	8000	draw861	True	True	terminal	0.0010565087093901	0.1484107639572541	0.1484054309292146	0.0001163483490095
0.2544244199239759	0.0	False	0.2572201589231674	inf	late_half			True	9235.14822218742	9235.14822218742	True	False	98.26100815114448	31.15263366312069	9.17664656752202e-17	0.2736145568499654	2537	draw1095	True	True	terminal	0.2930165211147574	0.2738404744691383	0.2496639732968884	0.2820488055577269
0.1438541618621151	0.5611619884714997	True	0.1430836338607709	5.083836200466828	peak	5.605335177039382	5.598370378127186	True	9835.887151601512	9737.93461662374	True	False	173.7871165935582	56.9223959838883	2.0288727409029606e-16	1.0616194388101003	2621	draw1157	True	True	terminal	0.4597207802874261	1.0623134705620938	1.0591433950731388	0.2877083237242301
0.4356048288596877	0.0	False	0.4382899112709231	inf	late_half			True	9541.494167342447	9541.494167342447	True	False	57.39146663145171	19.816880964629284	2.299585146560032e-16	0.205612007419888	2763	draw1161	True	True	terminal	0.4473647510536887	0.2056397261770275	0.1837204721404347	0.440947298159455
0.0917133630105868	0.2318462478547742	True	0.0916924522964149	3.258061737221101	peak	13.562968877746137	13.550327782564116	True	9709.889423484963	9709.889423484963	True	False	272.5884121936969	88.29560895035239	2.0129400658925462e-16	1.0521258347134592	2592	draw1228	True	True	terminal	0.004566274374753	1.0762197725244853	1.0205394409920043	0.1834267260211736
0.1266377374460829	0.2496968496039755	True	0.1266989576954443	2.595324415551944	peak	12.583200015331668	12.58162711532975	True	9300.625069338725	9300.625069338725	True	False	201.306033845276	65.30680807957135	5.2447487622285264e-17	1.0174440789888712	2596	draw1239	True	True	terminal	0.1128491567184749	1.0611551837158308	0.8702985385825678	0.2532754748921659
0.0264079684418774	0.1488976404811181	True	0.0263917499480023	7.177076127022903	peak	21.066351285859877	21.09900897985138	True	9841.49960933917	9841.49960933917	True	False	946.6839546943434	302.8583873062664	1.902747042993047e-17	0.1342854592243783	2560	draw1240	True	True	window	-0.6090460244905457	0.1398955798495004	0.1319410218904945	0.0528159368837549
1.1918386033380406	0.0	False	1.2059689902804962	inf	late_half			True	9951.889615653752	9951.889615653752	True	False	20.97599450964357	7.848625024048406	8.964241554743584e-17	1.8035754913397264	2994	draw1265	True	True	terminal	1.2309150689364396	1.8036258866823485	1.7613813373222162	1.2110888731609557
0.0072098991585862	0.1027953028809088	True	0.0072015910198758	19.1909430122043	peak	30.777509221882383	30.561636237692834	True	9783.086204471194	9783.086204471194	True	False	3467.454876983629	1173.013238794562	1.0459443783347641e-16	0.3338342601278962	2707	draw1341	True	True	terminal	0.0014576252809782	0.3342783902641443	0.3326295545392822	0.0144197983171724
0.0835353238382816	0.0	False	0.0889246234824715	inf	late_half			True	9989.195516680087	9989.195516680087	True	False	299.27459248734345	112.391658436302	1.6515780643585917e-18	0.1160847025214055	3005	draw1372	True	True	terminal	0.094984295003438	0.1161080979377148	0.1150714126360082	0.0862062606107933
0.0082195212536293	0.1028667054061393	True	0.0082192050534999	17.2624574415877	peak	30.41919914694984	30.540422590439995	True	9705.08594116752	9705.08594116752	True	False	3041.5396747056448	1054.405490431148	4.7628368129346224e-17	0.1072355372528883	2774	draw1379	True	True	window	-0.237676433920713	0.1486665900694063	0.0985874791528371	0.0164390425072587
0.080202955606554	0.1193535888368995	True	0.0802066404919046	2.121265158144768	peak	26.32501822847268	26.321727601194123	True	9848.149389978493	9848.149389978493	True	False	421.147641619106	111.6707273251811	3.849684801062645e-17	0.2817917193948863	2122	draw1394	True	True	window	-0.0141430673027945	0.3391186302837249	0.2233126813128741	0.160405911213108
0.0009170455561721	0.0059342808675233	True	0.0009147638812838	7.561428599339692	peak	530.0662582822852	529.3973648572766	True	9986.382037551974	9986.382037551974	True	True	20000.0	8006.000750093761	4.3909561628613245e-18	0.0514636886907991	3203	draw1418	True	True	terminal	0.0033043167015803	0.0514695330420682	0.0514636886907991	0.0018340911123442
0.0060211007434561	0.0113526395671772	True	0.0058398593649946	2.017252156519565	peak	273.99491804008665	276.7279481569006	True	9521.484644950917	9521.484644950917	True	False	4427.6471705104095	1116.4601003774842	5.606772901641314e-18	0.1361711467364539	2018	draw1432	True	True	terminal	0.0123934704589638	0.1361731115580693	0.1356470038683767	0.0120422014869123
2.935321948538233	0.0	False	2.95505516703678	inf	late_half			True	9823.726473284813	9823.726473284813	True	False	8.51695331493358	3.1868035093881995	1.354353495283309e-16	0.9671353910187112	2994	draw1438	True	True	terminal	2.960097761636998	0.967159424853468	0.832796139709876	2.9435016413936337
0.0086247034329898	0.1457234751124006	True	0.0086236258810308	23.843451810023577	peak	21.56140747771434	21.55859000182773	True	9918.977021991088	9918.977021991088	True	False	2898.6503935165915	1028.0624036012714	2.4665667556627966e-17	0.0567751531827606	2838	draw1453	True	True	window	-0.7975914881501436	0.1272105796911057	0.0501770229132231	0.0172494068659797
0.0065419681507483	0.0473968088987621	True	0.0065438764408934	8.778946548717077	peak	66.40651462255497	66.28278836873007	True	9619.19455364523	9619.19455364523	True	False	3821.479931408759	1163.7861123780144	2.188622903238735e-17	0.0130411810643542	2437	draw1505	True	True	window	-0.0073630476574827	0.0137230450668234	0.0119120902337046	0.0130839363014966
0.0172106049610751	0.0526351718455436	True	0.0172048187774703	4.169782362241744	peak	59.74534503679786	59.68618593682389	True	9800.201720133407	9800.201720133407	True	False	1452.5927506059152	497.75681077769895	1.1442729329963768e-17	0.0559463853686959	2742	draw1532	True	True	window	-0.0299375775295375	0.0649258797150334	0.0476333439657638	0.0344212099221503
2.40746361547002	0.0	False	2.443119309640047	inf	late_half			True	9982.906336634607	9982.906336634607	True	False	10.38437293064516	4.108831144579564	5.765087503997062e-17	0.1058848958292736	3166	draw1552	True	True	window	-1.8261084825161225	0.3342567557030118	0.0920011261106137	2.608949014468866
0.5197829446785428	0.0	False	0.5267041165897651	inf	late_half			True	9956.412619579509	9956.412619579509	True	False	48.09699944168258	18.429466594418937	1.1219889832896616e-17	0.236734969773645	3066	draw1570	True	True	terminal	0.5516773298312903	0.2367706843127586	0.2302755354428023	0.531259602733024
0.0024687998862241	0.0057768350945327	True	0.0024687562915855	3.241557462629835	peak	544.3608440067301	543.8259188951129	True	9844.285800437405	9844.285800437405	True	False	10126.377653976358	3525.685931531961	1.5937897764349785e-18	0.0150403026258412	2786	draw1571	True	True	window	-0.0144153829674308	0.0173723068844719	0.0144236798320734	0.0049375997724483
0.4154282314173644	0.6339451715196511	True	0.4153059236945601	2.116264533066633	peak	4.956241553560942	4.955622023366748	True	9837.586556471511	9837.586556471511	True	False	79.28995237386796	20.97481425466991	2.0812906495846584e-17	0.1585264799182476	2117	draw1691	True	True	window	-0.8482567455832155	0.2282754013222024	0.1144503806814261	0.8308564628347289
1.1653495148959268	1.7533789622658822	True	1.1646170627303234	2.102262782847856	peak	1.7919602489724429	1.7917362539413213	True	9731.47556366546	9731.47556366546	True	False	28.66778006306114	7.53340088668015	1.5923698912245459e-16	1.1156465344884194	2103	draw1743	True	True	terminal	0.5636508676907228	1.3127041755719202	0.8188970091265493	2.3306990297918526
0.0179090460180085	0.048528000098627	True	0.017923827835622	3.627087918410137	peak	64.74493051313482	64.73773176732823	True	9974.925990672014	9974.925990672014	True	False	1395.9425853761877	469.6188895171047	3.3574244553618727e-18	0.0230107734753641	2692	draw1762	True	True	window	-0.2663914046137466	0.0324574097143975	0.0225413452413393	0.0358180920360171
0.0005557004241344	0.0029081162646267	True	0.0005560929814606	7.588070889832823	peak	1080.1350168771096	1080.2844067147366	True	9938.169920730008	9938.169920730008	True	True	20000.0	16394.54931866483	6.735782730535327e-19	0.0275711572600186	6558	draw1790	True	True	window	-0.0677200062318622	0.0339941961247734	0.0275078382941955	0.0011114008482689
0.5646129427391602	1.704041599300502	True	0.5644692696379014	4.13144748087811	peak	1.8433071855166565	1.8436126529301848	True	9563.811293411987	9563.811293411987	True	False	44.278120651494696	15.233577701326842	2.4803283882828053e-16	1.5794075429776906	2753	draw1812	True	True	window	-0.7079156325693705	1.7576100873284286	1.358511976289591	1.12922588547832
0.0088501990768253	0.0297042339246006	True	0.0088437410982507	4.163764989665245	peak	105.58991988366074	105.76245331100668	True	9740.005327175497	9740.005327175497	True	False	2824.795214546496	880.7400006349494	9.454682060403482e-18	0.0170796164673319	2495	draw1822	True	True	terminal	0.0101516428430965	0.0172863307506654	0.0159984470678101	0.0177003981536506
0.2074407017277654	0.0	False	0.2085709926103107	inf	late_half			True	9881.22804989714	9881.22804989714	True	False	120.51636825259452	45.07875657104174	3.146520109660088e-17	0.1702787902344286	2993	draw1874	True	True	terminal	0.2151419678703863	0.1709592257142465	0.1484107476201948	0.2171301385857993
1.42071829977573	0.0	False	1.4327538116398042	inf	late_half			True	9849.246082042346	9849.246082042346	True	False	17.59673258516232	6.065032096173586	1.8611147914476304e-16	0.4412731905872247	2758	draw1929	True	True	terminal	1.5503593646391014	0.444664917861288	0.3510806135543776	1.58489039357271
0.1178931430196581	0.0	False	0.1198319190760434	inf	late_half			True	9218.72584918578	9218.72584918578	True	False	212.0564382258548	66.96519101869099	2.624901892761916e-17	0.1037655404258654	2527	draw1959	True	True	terminal	0.1278705393184874	0.1037731836986162	0.100702637418337	0.1223038065150785
0.6516095056797708	1.8074950465290835	True	0.65169357560359	4.21526966091895	peak	1.7363028225742398	1.738091985160659	True	9893.8439435504	9893.8439435504	True	False	38.36653667892636	14.653052825868237	4.1718631034900603e-17	1.2187194627758915	3056	draw1993	True	True	window	-2.6460939632788563	2.1658419616183475	0.971155675063325	1.3032190113595417
0.0799829587858832	0.2057802374927512	True	0.0799326461711542	3.173820219941028	peak	15.278601492357748	15.266736455683496	True	9745.881611493924	9745.881611493924	True	False	312.5665814254978	96.9077537111182	6.205878228243919e-17	0.1387656000077115	2481	draw2052	True	True	window	-0.0255186515397619	0.1422686651224775	0.1299310012297788	0.1599659175717664
0.025288140503394	0.1686363324481009	True	0.025293228248048	8.697438840803635	peak	18.662265487081896	18.62939384403798	True	9519.669349610997	9519.669349610997	True	False	988.6057061666764	324.05602719952816	3.9365082289805156e-17	0.2409102543755193	2623	draw2164	True	True	window	-0.0364399121296709	0.2649377295834764	0.2155319304525391	0.050576281006788
0.1190870292700571	0.5098751776445086	True	0.119167567446202	5.694888881386724	peak	6.167479471550775	6.161493619091516	True	9893.672088199792	9893.672088199792	True	False	209.93050337419004	70.17804300819904	4.2199784991406336e-17	0.3954890891962984	2675	draw2211	True	True	terminal	0.0385695979744633	0.4045249627301957	0.3738772146851792	0.2381740585401141
0.4384779846698665	0.0	False	0.4419483703949345	inf	late_half			True	9937.932587371011	9937.932587371011	True	False	57.01540527473163	19.85809714906892	1.2022262111461593e-17	0.1779811830786227	2787	draw2231	True	True	terminal	0.4668037675496311	0.1782649237715957	0.1657202390208209	0.4796265608503577
0.0941654740658726	0.0	False	0.095017124585853	inf	late_half			True	9714.437588868928	9714.437588868928	True	False	265.49008803918366	88.31968049409522	4.6418322460503625e-17	0.0687811983909162	2662	draw2253	True	True	terminal	0.1005386363523266	0.0687964814674785	0.0614730541466891	0.0987747963727546
0.0040594576196646	0.0499176763756891	True	0.0040591666233212	17.18767419711612	peak	63.13208789591454	62.9354745991304	True	9653.000981639336	9623.89283878419	True	False	6158.45818389537	2163.4288657014613	4.2743835486494824e-18	0.0838448543346863	2811	draw2360	True	True	window	-0.1386050696502941	0.1202757138867908	0.0744690797907265	0.0081189152393292
0.0085181356236475	0.0242547417859953	True	0.0085167851796923	4.338339602747563	peak	129.51929349430353	129.5248855382061	True	9899.516509242076	9899.516509242076	True	False	2934.914528784515	1123.8458809434892	3.138584738456936e-18	0.0299064854677706	3064	draw2396	True	True	window	-0.1636990248128182	0.1023603668755976	0.0276029286567072	0.017036271247295
0.3137950398848558	0.0	False	0.3309446003864774	inf	late_half			True	9955.889131574091	9955.889131574091	True	False	79.6698380228493	28.62496743063744	7.83955603329582e-18	0.333187452511882	2875	draw2431	True	True	terminal	0.3282147691276932	0.3331917821608429	0.3316300865872156	0.3182626671795662
0.8953578347869118	2.00148826467854	True	0.8948981853667319	3.1189881082705564	peak	1.5707974494467027	1.5696283156046211	True	9816.82108569123	9816.82108569123	True	False	27.921797329164832	9.791304101551114	6.892316064160342e-16	0.8277571866733202	2806	draw2563	True	True	window	-2.767366966661551	1.0072823478307178	0.6932271702778493	1.7907156695738244
0.129755426150264	0.0	False	0.1323029266515615	inf	late_half			True	9749.626183564453	9749.626183564453	True	False	192.6701698859869	55.905421215823935	1.4710522892854938e-17	0.6176841206530543	2322	draw2688	True	True	terminal	0.1390966718264983	0.6176911673003956	0.6046262785328985	0.139026391332571
0.1669295493961365	0.0	False	0.1786279118939884	inf	late_half			True	9919.73400675087	9919.73400675087	True	False	149.76377813536828	47.08787373552335	1.741438290087543e-17	0.553218827763037	2516	draw2734	True	True	terminal	0.2808704501908607	0.5534287421072003	0.5503985902431932	0.2154152846742758
0.0002280903236639	0.0223217298695973	True	0.0002280568375033	71.05227294216854	peak	140.01750218777352	140.74145113048365	True	328.06467016485226	98.17151796284156	False	True	20000.0	20000.0	1.0837208502311653e-17	0.0076351100136833	8000	draw2863	True	True	window	-0.0239288698554005	0.0099653298293036	0.0070285993871539	0.0004561806473279
0.0828513809419413	0.0	False	0.0837685093601987	inf	late_half			True	9241.59559206674	9241.59559206674	True	False	301.7451213941615	93.779018850592	1.3696596658563394e-17	0.0820847048703725	2487	draw2878	True	True	terminal	0.0946853956143938	0.082158992660776	0.073089095490385	0.0930720876935743
0.0983159179602444	0.2270141532239948	True	0.0982879681827216	3.1780644356423045	peak	13.828329850590857	13.83875238161906	True	9939.575409132114	9939.575409132114	True	False	254.28232293074996	87.96089355536756	6.816477282807114e-17	0.2320389691877638	2768	draw2913	True	True	window	-0.4829488357617751	0.4240275820649887	0.2002360365705674	0.196631835920489
0.2453088807932624	0.3979451185826705	True	0.2452939847449815	2.169271158894862	peak	7.895524420441625	7.894537479889069	True	9825.107573953936	9825.107573953936	True	False	126.31259967822513	34.25078493587577	1.079158170303818e-16	0.397936148705503	2170	draw2924	True	True	window	-0.6911590142621955	0.4736178941429767	0.353027040586297	0.4906177615865248
3.318662827410925	0.0	False	3.400305367054887	inf	late_half			True	9970.521931964096	9970.521931964096	True	False	7.533154556560934	2.6228072809128893	6.213185499594517e-16	0.7250845883400349	2786	draw2949	True	True	terminal	1.0330121748122858	1.080354224602749	0.4309594791094157	4.642712950345232
0.1620196633752045	0.1150484986131562	True		0.8651081385173146	none		27.306681021133627	True	9766.085564153544	9766.085564153544	True	False	436.9068963381381	47.24646397455799	6.808672714834922e-18	0.2185636934652645	866	draw2985	True	True	terminal	0.2571812125516808	0.2280345077900786	0.1770770883814939	0.324039326750409
0.0216778828658271	0.0283032457564391	True	0.0215405570263579	1.758219777472184	peak	126.44208383047972	110.99761068481205	True	9916.722085118072	9916.722085118072	True	False	1775.9617709569927	390.3163887163887	6.449672842393839e-18	0.110650916432635	1759	draw3088	True	True	terminal	0.0609652257598577	0.1107757118763238	0.1102752172704979	0.0433557657316542
0.4172473563218181	0.0	False	0.4199539516770381	inf	late_half			True	9972.26562153872	9972.26562153872	True	False	59.91649706395692	22.41906184678373	4.6866230441207e-17	0.0653416369173162	2994	draw3098	True	True	terminal	0.4239290905262108	0.0653924295568246	0.0599915154043026	0.4277600981577125
0.1802678634174637	0.0	False	0.1813646583489999	inf	late_half			True	9924.390019570565	9924.390019570565	True	False	138.6825112699377	48.94370912802026	3.2039070399366355e-17	0.0902779722192757	2824	draw3133	True	True	window	-0.5197922025918382	0.1315165125087069	0.0902779722192757	0.1803834260563593
0.0290713150714416	0.4556547116238977	True	0.0290546570559039	20.169357303691093	peak	6.88049380063601	6.894678302334548	True	9907.727875812525	9834.196525783704	True	False	859.9542173638663	278.1224603475837	1.6706065277051994e-17	0.3484177696012431	2588	draw3163	True	True	window	-3.865830682608253	0.5376730157388014	0.3430412761318133	0.0581426301428833
0.0418421937875345	0.1263246954045987	True	0.0424800402347918	3.815952163504633	peak	24.873339568941443	24.86918843166612	True	9953.453075632637	9953.453075632637	True	False	597.4830126485364	189.79926680084145	3.654902281311984e-17	0.4146415595241701	2542	draw3205	True	True	terminal	0.1434353360358249	0.4147601064350854	0.4146415595241701	0.083684387575069
0.9634386288539524	0.0	False	0.9762705313091786	inf	late_half			True	9959.094985194706	9959.094985194706	True	False	25.94872081238684	8.826912030316864	4.1687308865026104e-17	0.17685331289629	2722	draw3349	True	True	terminal	0.9667762079541332	0.176853433083148	0.1630971008074399	0.9661001362304924
0.0045966102198727	0.0840456063027572	True	0.0045963375683365	24.210838507987475	peak	37.3963592383173	37.37961794543836	True	9587.060825810897	9587.060825810897	True	False	5438.790500860003	1809.9837871345576	2.90628919014852e-17	0.1599830925046658	2663	draw3409	True	True	window	-0.0261495127036185	0.1651775596208234	0.1561547828159278	0.0091932204397455
0.1799799125541775	0.0	False	0.1813257689349718	inf	late_half			True	9883.309999106848	9883.309999106848	True	False	138.90439019118034	51.123205991103255	1.450783426323043e-17	0.1282398918822367	2945	draw3456	True	True	terminal	0.1850291013238072	0.1317050868970965	0.1005440745633045	0.1990979514438748
0.2422713342388696	0.0	False	0.2461308790779885	inf	late_half			True	9735.179713579166	9735.179713579166	True	False	103.19008676177523	31.038298380901512	5.6574438321665e-18	0.1930121529455055	2407	draw3481	True	True	terminal	0.2638054867999095	0.1930283487913541	0.1773438873233288	0.263033210799329
0.0216220923977367	0.0262967326176195	True	0.0216068212978116	1.6212026503312915	peak	119.7209333321934	119.4670341472324	True	9852.17590070529	9852.17590070529	True	False	1911.4725463557184	387.3605447734242	1.2975965602054549e-17	0.1184213837867312	1622	draw3533	True	True	terminal	0.020850650429484	0.1251558614230869	0.1110415769112902	0.0432441847954734
0.0158462597748304	0.1440246356165291	True	0.015841639199564	11.139742727488397	peak	21.89276016707936	21.81288388713164	True	9094.289500230678	8959.418535995694	True	False	1577.659356544757	485.9798292944469	6.34268088756224e-17	0.1199051076118488	2465	draw3539	True	True	terminal	0.0209770345403335	0.1214720636960552	0.1148451741522012	0.0316925195496607
0.007016438982952	0.298478069664799	True	0.0070163295832838	60.75098313955327	peak	10.690519272564416	10.525371787340717	True	9439.053645440335	9379.234070210026	True	False	3563.0609858851512	1278.8533679805312	4.7729561801866745e-17	0.3659222201468023	2872	draw3572	True	True	window	-0.6262282725858073	0.7579690676869937	0.2954944259765081	0.014032877965904
0.0997712882306305	0.0	False	0.0996696651554196	inf	late_half			True	9875.543934513402	9875.543934513402	True	False	250.5730901480414	91.31398397068892	1.073034325983328e-17	0.1539857420051934	2916	draw3587	True	True	window	-0.1955682626073333	0.2128126204758557	0.1539857420051934	0.1028299856781499
1.2179921990811335	0.0	False	1.2273212473369015	inf	late_half			True	9980.898831354998	9980.898831354998	True	False	20.525583020039267	8.301070267511818	1.6338758992091353e-17	0.5495951796619954	3236	draw3705	True	True	terminal	0.3133996613329058	0.7037980447113488	0.3795318457228098	1.337062544949248
0.0612042950659037	0.0	False	0.089590118991618	inf	late_half			True	9366.106057043718	9366.106057043718	True	False	408.4680654042402	107.23627170257586	8.494783504658831e-19	0.013945112430821	2101	draw3914	True	True	terminal	0.0793649048333076	0.0139452636597555	0.013945112430821	0.0637238998592698
1.4869017624604306	0.0	False	1.499036778931916	inf	late_half			True	9978.635207696325	9978.635207696325	True	False	16.813484677448756	6.158708601690819	7.905190577032187e-17	0.4212478059801462	2931	draw3923	True	True	terminal	1.2586479056138848	0.4333052767372041	0.3589787939857315	1.6932553348009325
0.2769111626607454	0.0	False	0.2837501382916945	inf	late_half			True	9975.805061751018	9975.805061751018	True	False	90.2816620311853	35.66571471665778	2.045255378649539e-17	0.2903023495269982	3161	draw3925	True	True	terminal	0.299324386486145	0.2903618296986737	0.2864569023825177	0.2810100421730605
0.0058789977960781	0.0	False	0.0059671786660619	inf	late_half			True	9854.229235781446	9854.229235781446	True	False	4252.425475763491	1284.3930428109256	1.1875697984912713e-19	0.0107435923214058	2417	draw4060	True	True	terminal	0.0066785984072632	0.0107457686640936	0.010380907244195	0.0066079986084851
0.0048118080226365	0.2725622314141485	True	0.0048110439844526	77.23085862880765	peak	11.691453994914582	11.526148128778178	True	9582.323125457711	9582.323125457711	True	False	5195.552250295687	1780.3486333367268	1.2531032887088189e-17	0.1406080070470456	2742	draw4187	True	True	window	-1.4137685586243258	0.4798127721820071	0.1270666827554691	0.009623616045273
1.0901873889246845	2.0709105279742643	True	1.0903782782795306	2.642330291286411	peak	1.5171999752391332	1.5170103252422282	True	9675.947501236902	9675.947501236902	True	False	24.27216520387565	8.016884669163579	3.5051078608333943e-17	0.3156057994977184	2643	draw4217	True	True	window	-2.252829039643347	0.3834379178994795	0.2268149009152754	2.1803747778493694
0.0456414777591918	0.4696329906393484	True	0.045636783706718	14.228795564167712	peak	6.710744285094279	6.689463296249472	True	9575.926760572353	9575.926760572353	True	False	547.7473830251952	190.3660113526744	1.0325667628079116e-16	0.6455738596941116	2781	draw4265	True	True	window	-0.8837752218914228	1.076108417483829	0.5101401185009975	0.0912829555183836
0.1008139305883437	0.0	False	0.1018362718887779	inf	late_half			True	9968.725511262675	9968.725511262675	True	False	247.98160188876253	88.5094978612848	9.039146794951126e-18	0.4700943321278896	2856	draw4269	True	True	terminal	0.0668217824369682	0.5163461532369211	0.4290550295371594	0.1248775330684706
0.0227369670908615	0.0254594191278773	True	0.0227602316177004	1.5981997749718715	peak	123.41151170745408	123.39608526849064	True	9929.330070731785	9929.330070731785	True	False	1974.3373642958504	394.4231914170232	1.652942713748747e-17	0.0355263030554207	1599	draw4320	True	True	window	-0.0246194381348353	0.0457299050887758	0.0307619644579903	0.045473934181723
0.936516704555776	0.0	False	0.948867695718948	inf	late_half			True	9771.363005593796	9771.363005593796	True	False	26.69466532565312	9.567896673165082	2.626193756907333e-17	0.2702107529649865	2868	draw4390	True	True	terminal	0.9604612004146188	0.2702188170827769	0.2540254751926677	0.9423466233077842
3.4877279126663803	0.9212058650386524	True		0.300037504688086	none		3.410304659163212	True	9959.53183039536	9959.53183039536	True	False	54.564874546611385	2.046438600322967	1.0214221005367445e-15	0.9834795467269754	301	draw4459	True	True	terminal	2.405245469395962	1.5367923951913685	0.5445635640180168	6.9754558253327605
0.0425590946223055	0.0	False	0.0434290813517367	inf	late_half			True	8744.611699940255	8744.611699940255	True	False	587.4185111752194	170.96015677158528	2.8099122451925517e-17	0.0701697234435798	2329	draw4485	True	True	terminal	0.053426759138993	0.0703515529514497	0.056378871478499	0.0542086721664129
0.1419904931734809	0.08872037280734	True		0.7940992624078009	none		35.4100479312896	True	9927.382373274038	9927.382373274038	True	False	566.5607669006336	56.23818588812389	1.3761324099875065e-17	0.1488133850633914	795	draw4544	True	True	window	-0.2064675666341398	0.2497731768681425	0.1007645343402177	0.2839809863469618
0.4509455340872366	0.0	False	0.4808434323038761	inf	late_half			True	9946.88250387051	9946.88250387051	True	False	55.43906771491318	17.680342760437995	1.8160192739041468e-18	1.248713311561015	2552	draw4592	True	True	window	-0.4661817482382528	2.2360430094040167	1.1491960737355265	0.7406181472578194
0.2226355322814781	0.0	False	0.2244530303195388	inf	late_half			True	9970.908086495325	9970.908086495325	True	False	112.29115022121672	46.789149104552486	1.960607862624275e-18	0.0593316238093004	3334	draw4627	True	True	window	-0.0258373711734409	0.1316338688238278	0.044804412475795	0.2442085226351461
3.5828051605222058	0.0	False	3.618137762619938	inf	late_half			True	9976.969572841424	9976.969572841424	True	False	6.97777268925117	3.0112853260776395	2.4722462690927267e-17	0.8932316999859294	3453	draw4640	True	True	terminal	3.4141844688676786	0.9781000897927702	0.5529296839295705	3.670269214074499
0.256094260636442	0.0	False	0.2576465193222154	inf	late_half			True	9674.747582014166	9674.747582014166	True	False	97.62030565570012	33.87848087263702	1.4346556903388484e-17	0.3151758738342045	2777	draw4644	True	True	terminal	0.2601792796444863	0.3151847800466755	0.297943973383197	0.2590466241011706
0.0379432080593614	0.0	False	0.0388588748011722	inf	late_half			True	9934.596246117097	9934.596246117097	True	False	658.8794484875394	228.90686177608103	6.956555132527314e-18	0.0884021850753542	2780	draw4665	True	True	terminal	0.0461037814831409	0.088432315454532	0.0871020606344791	0.040930890196301
0.0026927667782261	1.699314874220772	True	0.002687163715438	794.1820792092863	peak	3.4819844396918143	1.8487407491389043	True	9626.406489326071	8491.607144886275	True	False	9284.131177698402	2936.473544140137	1.6882507723238887e-16	0.6218369423107192	2531	draw4676	True	True	window	-3.60084413117773	0.8305841785660296	0.6218369423107192	0.0053855335564532
0.2523540103453608	0.2288190862365248	True		1.1811476434554318	none		13.729591815354093	True	9927.665541676086	9927.665541676086	True	False	219.67346904566548	32.43335003662094	2.661728610151889e-17	0.3193808985688577	1182	draw4714	True	True	window	-0.0219538705894655	0.4185807260072084	0.2441663169458585	0.5047080206907218
0.1404176387964033	0.0	False	0.1499099581405806	inf	late_half			True	9977.721792223276	9977.721792223276	True	False	178.04031042174418	52.4394263474971	1.083878927851317e-17	0.0912496637305147	2357	draw4854	True	True	window	-1.9951712289517016	0.1549182249706605	0.0876672747639203	0.2276185955741406
0.0961583548503455	0.0	False	0.0995236243383782	inf	late_half			True	9952.551746240812	9952.551746240812	True	False	259.9878090563043	87.52933739075227	5.910354437431517e-18	0.246056347119647	2694	draw4882	True	True	window	-0.0521160685406973	0.4245159796036367	0.1876641668128603	0.1436580977617812
0.4165612322962495	0.2252429678008645	True		0.6940867608451057	none		13.947572633509468	True	9882.211283776342	9882.211283776342	True	False	223.1611621361515	19.361651021688854	3.811224785276171e-17	0.3479230685438046	695	draw4884	True	True	window	-0.7464769549115035	0.6794700654657021	0.2077515190884886	0.833122464592499
0.0020964236763523	0.0126116568460319	True	0.0020992682109485	7.705392510579601	peak	248.9669661804537	249.1022941667049	True	9822.775341144155	9822.775341144155	True	False	11925.070433996703	3838.861903680649	1.9481487278406242e-18	0.0544872426277536	2576	draw4922	True	True	terminal	0.0031094260012398	0.0545239865330905	0.0542766666279864	0.0041928473527046
