name	group	crossing_index	u	a	tr_at_cross	direction	dtr_dj	j_crit	l1	sign_stable	omega	det_J	j_eq	magnitude_spread
draw34	terminal	0	1.767475522048898	0.10066946955183084	7.482903185973555e-14	1.0	25.1394679940367	0.044444397612491235	-0.44294222396386174	True	0.08201978756209918	0.006727245551731884	0.03976783651992953	1.0105640221082037
draw122	terminal	0	0.5853284081528262	0.014436167482729346	2.6256774532384952e-14	1.0	42.48129253853574	0.3168357593157284	-24.75862557039344	True	0.8366151141719645	0.6999248492609693	0.2645723821880509	1.0019391845976324
draw273	window	0	1.4665486462460353	0.06984139417052596	-2.8976820942716586e-14	1.0	14.329252695579536	0.4687575071778409	-10.430615009665424	True	0.7974811371980354	0.6359761641866716	0.19720981809040777	1.0161563646934304
draw273	window	1	1.0388483209449306	0.6089113159491074	6.195044477408373e-14	-1.0	-4.880156209649994	0.4687575071778409	-0.005076623479705014	True	0.5412080980924892	0.29290620544088947	0.4160431420928935	1.0028562738977205
draw294	terminal	0	2.07933345588393	0.171922587695415	-5.5067062021407764e-14	1.0	28.85076398927259	1.7691860070176193	3.613337015276885	True	0.6170437292259552	0.3807429637770738	1.7599160948269503	1.0108931295032395
draw426	terminal	0	1.8053233704624356	0.2929766275065514	3.774758283725532e-15	1.0	67.67826371507185	0.1402076834447081	-0.899391547951624	True	0.44740765652379777	0.20017361111611623	0.11380069447842961	1.0041034694079858
draw455	window	0	0.8285947495766142	0.4141683918174918	4.551914400963142e-14	1.0	3.192452589171783	0.2874486887815737	-0.040280351272892444	True	0.2372539971272722	0.05628945915286768	0.30122509035561723	1.0001894847735253
draw455	window	1	0.4505779770832761	0.7693827849934747	-9.992007221626409e-15	-1.0	-9.89531662752264	0.2874486887815737	-0.7151391149335118	True	0.36085449876477976	0.13021596927878046	0.3585714810621419	1.000024352475028
draw517	terminal	0	0.8767233282627603	0.049606905242617697	-2.581268532253489e-14	1.0	40.95896849097556	0.6289835083193567	-25.16335666765298	True	0.689155156871698	0.47493483024285477	0.5573701961822496	1.0041202639477824
draw549	terminal	0	2.3642074866329987	0.12446845855716687	2.1678103756528344e-11	1.0	32.23443513788673	0.7790429844701616	17.651847848859745	True	0.81026716476311	0.6565328782932487	0.7573517060466314	1.0021695913952882
draw585	terminal	0	7.060115438002265	0.04523955483472315	-5.595099522581748e-10	1.0	19.890965826936775	0.5836601708123301	-1.9417101786368365	True	0.5187882946329059	0.2691412946481188	0.26838330721669384	1.022270004064432
draw592	terminal	0	0.9974298858200689	0.03959892707934289	9.239831122442865e-14	1.0	67.74224612034685	0.024605923847507837	-0.8400182911180407	True	0.07872804034196329	0.006198104336085794	0.02250664512215905	1.0060223265704344
draw626	window	0	1.0234154709049639	0.004862949026215842	-1.98633089143474e-11	1.0	56.992546771481976	0.09878369208759033	-73.9262431659178	True	0.3361616353218932	0.11300464506228951	0.10311935824562889	1.0019149244003471
draw634	terminal	0	0.9722671507113614	0.05540049740110932	5.773159728050814e-15	1.0	27.385607476181875	0.38210072320984667	-8.593019227759699	True	0.6503059317271889	0.4228978048395673	0.3467600700690296	1.0096323820669089
draw640	terminal	0	17.365886157325757	0.26771721863481823	3.512485441392599e-11	1.0	22.613781456448244	0.7372603030383432	0.8616100496334141	True	0.14694581365559048	0.02159307215090351	0.7275755054525388	1.0612236274723157
draw686	terminal	0	2.348170559804752	0.07319286065326827	-6.408762409648716e-14	1.0	50.17964201526368	0.1054182985128677	-0.0633629923547443	True	0.04894345806943719	0.002395462087794757	0.10430795861732994	1.5443498685922448
draw713	window	0	1.1522042153881862	0.025193060006389476	-1.0318135235110049e-14	1.0	20.696917325006538	0.287394367867151	-1.6279163324584658	True	0.0455455848806246	0.002074400302118181	0.03334418766678547	1.009894492536743
draw713	window	1	1.0478096610313148	0.14543503187718518	-1.1268763699945339e-14	-1.0	-3.4611276695415243	0.287394367867151	-0.12782877024724842	True	0.17334763733588848	0.03004940336993472	0.04463730160184689	1.0004654537857802
draw732	window	0	0.49797970376472855	0.8115335828615824	1.9984014443252818e-14	-1.0	-4.971790316224461	1.7314724494706941	-0.05071269017884736	True	2.3174127319058035	5.3704017699991216	1.1227222764591218	1.0063385514662115
draw814	terminal	0	2.997076309331332	0.35560139780530664	7.392350620527566e-14	1.0	14.001522517538499	0.0531421563494881	0.01713873341970147	True	0.017588665719940805	0.00030936116180782053	0.05225201142410593	1.0000576797160716
draw820	window	0	9.258590403977367	1.2193657257029882	2.6943725028871768e-14	1.0	33.62291188726816	0.18659947415547273	-0.009723237328168353	True	0.012338030506516816	0.00015222699677974	0.13896158396343525	1.0009383552581308
draw820	window	1	5.4365216908308485	4.888191252990446	-9.434120151752268e-14	-1.0	-1.9312939769753512	0.18659947415547273	-5.647233000622602e-05	True	0.02724731345296651	0.0007424160904042097	0.1657402078261122	1.0002163556176698
draw824	window	0	1.857535108173553	0.3773406193769695	-3.9126688000656884e-15	1.0	6.914227362134823	0.09588852443767515	-0.053563945882581426	True	0.01529989470636278	0.00023408677802578802	0.04769132039109049	1.0000618053809085
draw824	window	1	1.451705248303301	1.406561815327264	8.480716129355415e-14	-1.0	-1.1627614753145123	0.09588852443767515	-0.0008102588635153338	True	0.030635445965542664	0.0009385305495076837	0.06673089942135248	1.0002831850889824
draw834	terminal	0	0.25344260377808797	0.015183444224625545	-8.820721930646869e-14	1.0	222.86418094081424	0.05233602753441837	15.336868483901785	True	0.08698917253688684	0.007567116138652263	0.05210476308237151	1.0020844509308482
draw861	terminal	0	2.4666514713910352	0.25045313962706295	8.811007479181399e-14	1.0	20.319273738111686	0.1484107639572541	0.4681316466569564	True	0.009609737117154302	9.234704746081283e-05	0.14840409665255794	1.0045681476197614
draw878	window	0	1.023737422389206	0.00579760618414351	-1.8573528132170836e-11	1.0	34.58809743304381	0.185648479882848	-20.319107567040746	True	0.25909259930007345	0.0671289750120684	0.1915139560653803	1.0004652627461035
draw1095	terminal	0	1.3142394903582246	0.2241931032184169	9.52293799372228e-14	1.0	7.570101841712593	0.2738404744691383	0.08139654888533221	True	0.27518717916166724	0.07572798357495557	0.2436987967774344	1.000182409552347
draw1157	terminal	0	0.6577863201650326	0.08058625016597126	5.417888360170764e-14	1.0	75.36693725089175	1.0623134705620938	48.16296596059174	True	0.9234299110539186	0.8527228006290483	1.0584449915770104	1.003696222535347
draw1161	terminal	0	1.5280277632373007	0.1387840571074571	4.718447854656915e-16	1.0	17.966233922001308	0.2056397261770275	-0.4481298642389926	True	0.26158772822199045	0.06842813955634193	0.18223414608744437	1.0001477608825886
draw1228	terminal	0	1.5753384447466492	0.13975531485837048	2.117750419472486e-14	1.0	16.764418224197556	1.0762197725244853	-2.8345892810222244	True	0.29905508878675546	0.08943394612925415	1.019656248150278	1.0175235528882678
draw1239	terminal	0	3.9007003434106475	0.5758714640239182	1.3156142841808105e-14	1.0	3.251317975290175	1.0611551837158308	-0.08742841599433611	True	0.4742031767817712	0.22486865286992375	0.8697281339572276	1.0011610784797433
draw1240	window	0	0.5206301580075704	0.03780903585730606	7.033262861000367e-14	1.0	27.59722165759155	0.1398955798495004	-2.9773546054157918	True	0.2119649787013203	0.04492915219585118	0.1314385748604225	1.0006755070119522
draw1240	window	1	0.4255379277438044	0.10963629095187316	9.71445146547012e-15	-1.0	-77.46909351501574	0.1398955798495004	-0.9885811585055017	True	0.09635328160124433	0.009283954875328654	0.13626738499655372	1.000763629019162
draw1265	terminal	0	1.4246226218281322	0.04405697903391682	3.663180869750704e-12	1.0	22.031363479784574	1.8036258866823485	0.7695782770921991	True	0.7745112823737541	0.5998677265242371	1.7577161247421536	1.0024664074884173
draw1341	terminal	0	0.6360278253982337	0.02249148046741259	2.270406085358445e-14	1.0	22.0134153129755	0.33427839026414435	-4.471640922322272	True	0.13659815753688706	0.018659056642472235	0.3326081376539496	1.0001091871079313
draw1357	window	0	0.75012418578612	0.09212842637345207	-2.7478019859472624e-15	1.0	9.120116846061869	0.06413045242282528	-0.821069640064888	True	0.09416243054611387	0.008866563326351723	0.06583246129910474	1.001222170924678
draw1357	window	1	0.7164918258349602	0.13156567511178974	-2.2148949341271873e-14	-1.0	-5.613014991242827	0.06413045242282528	-0.3419795771588353	True	0.10187488357438668	0.010378491903294826	0.06727425529162472	1.0009273820706623
draw1372	terminal	0	9.315813685278226	0.10465151132673933	-6.54622536733207e-12	1.0	43.96306532572581	0.11610809793771482	0.6262868142253282	True	0.04852123287157143	0.0023543100393772646	0.11469830461834145	1.2039591902237534
draw1379	window	0	1.2176060445789023	0.14691110320969977	3.3313629632658603e-14	1.0	4.165170284564146	0.14866659006940636	-0.27705546833918204	True	0.10540128432403524	0.011109430737156117	0.09701932385155412	1.0020048604849014
draw1379	window	1	1.04678779212815	0.4247080494291469	6.21031004399697e-14	-1.0	-2.584677838201275	0.14866659006940636	-0.027175764173463346	True	0.09681553911567953	0.009373248614259673	0.11955452234091349	1.0005712195885141
draw1394	window	0	3.3851910387427426	0.16250558525159453	-3.5792202535134265e-13	1.0	7.1629203327442115	0.3391186302837249	-0.30445221388541976	True	0.1766655370649	0.03121071198642954	0.21902911553941545	1.008199013826821
draw1394	window	1	1.702873545800623	1.5037047613640897	7.718825578706401e-14	-1.0	-17.24150652439765	0.3391186302837249	-0.08274246635573533	True	0.03588828628053944	0.0012879690921539524	0.3389266520619349	1.000007042565195
draw1418	terminal	0	1.3787283903556575	0.04429381979264085	-9.279382817695137e-14	1.0	64.99137035665083	0.05146953304206825	0.8040695540372722	True	0.008619541720224094	7.429649946668376e-05	0.051444897644177895	1.0126842470997652
draw1432	terminal	0	0.9479705104826024	0.17819853445987102	-7.471800955727304e-14	1.0	9.481633721878458	0.13617311155806938	0.051215536270871234	True	0.05734887942818801	0.003288893971668841	0.13527340978569666	1.0004870953210596
draw1438	terminal	0	1.6461710087958827	0.0927434805169713	-8.243850047051637e-12	1.0	16.822049401533885	0.967159424853468	0.5214552951142339	True	1.4922247000377842	2.226734555402854	0.8223507574476819	1.0003722580376209
draw1453	window	0	0.681859957374927	0.030070721570739423	2.5521251778570786e-14	1.0	5.981119956460216	0.12721057969110572	-0.8673129866826019	True	0.12075737614965097	0.014582343894548298	0.049407952968297406	1.0011761106654522
draw1453	window	1	0.6030249262398965	0.1206149693479405	-1.865174681370263e-14	-1.0	-3.4698635713771564	0.12721057969110572	-0.16906352844189337	True	0.16128633002022905	0.026013280251394242	0.06573613881577278	1.001907055219912
draw1505	window	0	0.5523614719584001	0.09898476886794355	-7.537026558424031e-14	1.0	18.822375931320135	0.01372304506682342	-0.40588696092567816	True	0.0642067031129245	0.004122500724631229	0.011901516048973666	1.000296491466056
draw1505	window	1	0.4376008753424031	0.2127241247233036	-6.655787032627813e-14	-1.0	-112.50768677010825	0.01372304506682342	-0.6806334623978277	True	0.020329780247405494	0.0004132999649077989	0.013695217586173744	1.0000311173225918
draw1532	window	0	1.928578717824934	0.12938581408680325	-8.56259507742152e-14	1.0	8.984771287519537	0.06492587971503347	-0.23912876771274827	True	0.07577100493729326	0.005741245189207317	0.0475990813837936	1.007295429571432
draw1532	window	1	1.38353904598815	0.6365274958666934	-6.723788192886104e-14	-1.0	-11.626246384822837	0.06492587971503347	-0.019952748398941022	True	0.029802594075301163	0.0008881946136171761	0.0638311762519883	1.0001135353087203
draw1552	window	0	1.1354154508504477	0.010280180007026032	4.786521179411807e-11	1.0	2029.371441387208	0.33425675570301183	-6043.801070109103	True	0.2974182088205187	0.08845759093800573	0.09166600358912917	1.0895680922860176
draw1552	window	1	0.7075831109579364	0.21169955977305688	-8.126832540256146e-14	-1.0	-17.15262659661168	0.33425675570301183	1.248706593454993	True	0.9336444546176136	0.8716919676382218	0.2215826488475463	1.0012397108314062
draw1570	terminal	0	0.7204061830251031	0.01896441198211519	8.08242361927114e-14	1.0	57.52529040703735	0.23677068431275863	1.7362030202290004	True	0.2709439045351502	0.07341059940475259	0.22905839694637628	1.0033317992064594
draw1571	window	0	1.2297671324771242	0.04550536015409298	1.810357419529396e-14	1.0	84.14734649740694	0.01737230688447198	-0.8577102249807226	True	0.004216390321664812	1.7777947344628697e-05	0.014422382290751275	1.038454685861208
draw1571	window	1	1.0796159580486555	0.6835482813981213	7.936143062159395e-14	-1.0	-6.597854416408017	0.01737230688447198	-0.0047094795908276515	True	0.004953767426285585	2.4539811713728103e-05	0.016472854333465507	1.0000784807030292
draw1691	window	0	0.7569079156599245	0.03417021881418366	3.1907809727727e-13	1.0	44.22921106122861	0.22827540132220248	-43.58490609630458	True	0.9577754413691588	0.917333796089887	0.11060033550568985	1.0056574554129636
draw1691	window	1	0.4254825923293175	0.2862560155973511	2.6645352591003757e-15	-1.0	-32.18590779648694	0.22827540132220248	-0.9140172487978107	True	0.45622140824651086	0.20813797334242995	0.2162417389291868	1.0000822327373893
draw1743	terminal	0	1.0313147454425295	0.0506057009248785	-4.260369834696576e-12	1.0	16.5861799267546	1.3127041755719202	-24.440139397752844	True	2.6798700284220223	7.181703369234651	0.8070274128378483	1.0017529150008841
draw1762	window	0	0.6193374667901763	0.008238028296718602	-7.508577093418012e-14	1.0	334.31040504935555	0.03245740971439752	-4.303120030794852	True	0.02213800822513764	0.0004900914081762624	0.022539889384288848	1.004377611709901
draw1762	window	1	0.5036797344011613	0.08834054148616347	-8.151812558310212e-14	-1.0	-22.08734146297045	0.03245740971439752	-0.02700074256419678	True	0.08287205303035838	0.0068677771734665365	0.02494850977125669	1.022475724865048
draw1790	window	0	1.0320963314996447	0.18613721370998096	-5.5314693797603454e-14	-1.0	-6.726875473184567	0.03399419612477345	-0.011796168175483344	True	0.003754910424175086	1.4099352293578736e-05	0.027783915294048868	1.0011315809553445
draw1812	window	0	1.0065893062359657	0.12341648565323168	9.14823772291129e-14	1.0	8.968962837474438	1.7576100873284286	-7.125719695163023	True	2.4296856457726403	5.9033723372736135	1.3437176720476223	1.0013050589111285
draw1812	window	1	0.5688219166338861	0.49672804580792607	2.4868995751603507e-14	-1.0	-34.502378095010535	1.7576100873284286	-2.6170792414205475	True	0.8213534100930425	0.6746214242714714	1.747731014432648	1.0000274254569432
draw1822	terminal	0	0.502246277078402	0.06162614689736501	-4.2896242113954486e-14	1.0	21.75864268315047	0.017286330750665414	-0.3677902068692064	True	0.05692497292531292	0.00324045254254761	0.015969708235109344	1.0005567297737463
draw1874	terminal	0	3.3554910158383846	0.08753863451068596	3.512468094157839e-14	1.0	19.18394012060141	0.17095922571424654	-0.6746524486427957	True	0.10831608374930435	0.011732373998786306	0.14651913220139773	1.0195763143956313
draw1929	terminal	0	1.4365000947588722	0.05975048542346366	-4.626188321310565e-12	1.0	26.737058715132235	0.44466491786128803	-14.545964997058233	True	1.1474244787261942	1.3165829343800788	0.34960133411221717	1.0058963799643184
draw1959	terminal	0	1.4040656241085623	0.4087266488801936	8.704148513061227e-14	1.0	13.672982613429571	0.10377318369861628	0.30934699606295224	True	0.10638402379285104	0.011317560518357903	0.09964062390344049	1.0000651094076232
draw1993	window	0	0.5514246831400982	0.4833585882434114	4.9960036108132044e-14	-1.0	-4.105160780734015	2.1658419616183475	-0.7425069283684169	True	2.0144284187338983	4.057921854202752	1.9306050767486758	1.0000575318278566
draw2052	window	0	0.6326120613178883	0.06674778700048212	-2.070565940925917e-14	1.0	27.911690456111813	0.14226866512247752	-2.373853941831936	True	0.3105583603413689	0.09644649517791948	0.12960421170965802	1.0001921604774784
draw2052	window	1	0.45267883520098057	0.20207117207063424	-3.552713678800501e-15	-1.0	-221.85292846737167	0.14226866512247752	-11.884218498469604	True	0.05777314947694426	0.0033377368004854067	0.14225066591466096	1.0000440332414537
draw2164	window	0	1.9253430362156108	0.3393128214867815	-5.925815393936773e-14	1.0	3.232024125354157	0.26493772958347644	-0.11488988500364948	True	0.21607183819072737	0.04668703925911987	0.21147472075674856	1.0008815546337628
draw2164	window	1	1.3587964842852875	0.9972528408917	-1.3988810110276972e-14	-1.0	-9.317694746810384	0.26493772958347644	-0.051420195198374166	True	0.0826117845945621	0.006824706953898318	0.26337999971587256	1.0000316353010144
draw2211	terminal	0	0.6074612520365257	0.03958144412040541	-3.219646771412954e-15	1.0	18.019694353307752	0.4045249627301957	-9.03429415121826	True	0.8017727463602171	0.6428395368060053	0.37153134127069554	1.00052768898304
draw2231	terminal	0	0.5367716346314425	0.016537119141032428	-9.797718192317006e-14	1.0	45.765981107328884	0.17826492377159575	-2.278556499330108	True	0.3875158052964885	0.15016849935458595	0.16542231808067048	1.0008262702289121
draw2253	terminal	0	0.9267302485951843	0.04680296493682641	-2.238487173400472e-14	1.0	12.142977083682384	0.06879648146747855	-0.05684553261051593	True	0.07476904202798701	0.005590409645782883	0.06090450871105541	1.0002688766146428
draw2360	window	0	1.770830762704696	0.23631604575470475	2.0920765120280294e-14	1.0	2.0229495441417034	0.12027571388679083	-0.027342739346552233	True	0.047519356490134966	0.0022580892412365316	0.07386173905988665	1.0012404393060184
draw2360	window	1	1.3913705599030874	0.7511830297281614	2.903927098785175e-14	-1.0	-1.3238553762356637	0.12027571388679083	-0.004847332992311411	True	0.05092296584698816	0.0025931484506535227	0.09580348402854097	1.0001582532369622
draw2396	window	0	1.1556271193613623	0.3230419929909882	-4.4738518445441855e-15	-1.0	-1.167561446479265	0.1023603668755976	-0.0024379065076138803	True	0.05057328780616578	0.0025576574395252765	0.04608530479665788	1.001123910670343
draw2431	terminal	0	3.6196126012649397	0.09226261908043311	-1.4788170688007085e-13	1.0	52.231220628349064	0.3331917821608429	9.088143420017037	True	0.21605280329370036	0.04667881381106638	0.3299133007282873	1.0363974171005559
draw2563	window	0	0.8009398565586636	0.050539481583908245	-1.949551631241775e-12	1.0	24.715879905585606	1.0072823478307178	-57.70657477421757	True	3.3757156991925177	11.395456481774831	0.6852820087418151	1.0075280897152357
draw2563	window	1	0.5146388094900757	0.2781949119176633	9.237055564881302e-14	-1.0	-30.978390444959242	1.0072823478307178	-2.8656982650020733	True	1.1933456347126072	1.4240738038876333	0.9688858588926076	1.000104545543029
draw2688	terminal	0	2.5509097675663153	0.2775245788918958	5.440092820663267e-14	1.0	9.194123159435103	0.6176911673003956	-0.1508979458545776	True	0.30627102493998076	0.09380194071778632	0.5997946070402711	1.001265536416502
draw2734	terminal	0	1.7470559244188948	0.12816430952885008	-7.044365091246618e-14	1.0	44.81053848576627	0.5534287421072003	4.476258285547048	True	0.16722035046472702	0.027962645609546127	0.5501928037064265	1.0000892172655291
draw2863	window	0	0.6798358959226747	0.13170109646252348	-1.2830014828324465e-14	1.0	1.1866909008562478	0.009965329829303642	-0.008295879672511974	True	0.020186689584768217	0.0004075024363917893	0.006972145836683164	1.0000724939774073
draw2863	window	1	0.5706784406777495	0.23815908956341078	-7.779193955670394e-14	-1.0	-1.2881251786434726	0.009965329829303642	-0.010851601471483797	True	0.02340518427705812	0.0005478026510430486	0.008236300392358651	1.0000236598871524
draw2878	terminal	0	1.3192736196352133	0.1915757995738563	4.947431353485854e-14	1.0	10.028338281897849	0.08215899266077609	-0.06436852369140172	True	0.09859493117058814	0.009720960452533007	0.072095066363672	1.0000321379081885
draw2913	window	0	2.507873630209297	0.08503361318709521	9.800493749878569e-14	1.0	18.83075567655643	0.4240275820649887	-4.050320565408952	True	0.31509919247713986	0.09928750109974559	0.19754881945003094	1.0701194625165502
draw2913	window	1	1.7267532388164832	0.9531603258237047	5.6066262743570405e-14	-1.0	-2.724978256940549	0.4240275820649887	0.0036289632118386584	True	0.23379643881407985	0.054660774802145824	0.3264627803415453	1.000168263397237
draw2924	window	0	1.060803696871523	0.06282912440915693	8.93729534823251e-14	1.0	22.92549242676823	0.4736178941429767	-11.578619497605377	True	0.6712633542620231	0.4505944907751024	0.3503642300384233	1.0136254661893818
draw2924	window	1	0.568417823570642	0.4565265525845056	7.793765632868599e-14	-1.0	-18.06579435294593	0.4736178941429767	-0.27111468081098344	True	0.29282756671140164	0.08574798382612041	0.4578267221342332	1.0000433990671216
draw2949	terminal	0	1.506600939419836	0.023955479358340633	-3.070710352659489e-11	1.0	38.89419845394746	1.080354224602749	-77.12806182096323	True	2.4942393745248483	6.2212300574301045	0.41614966535159365	1.0138708260859142
draw2985	terminal	0	1.5450592172971631	0.09063723835452951	-4.221623051137158e-14	1.0	15.456920578296637	0.2280345077900786	-2.0929829792251744	True	0.3328966239268838	0.11082016222191715	0.17567073750126855	1.007192643034062
draw3088	terminal	0	3.1563829190657704	0.16504395639848113	-2.0872192862952943e-14	1.0	31.60659979244914	0.1107757118763238	0.7211065897123512	True	0.06592197455049612	0.0043457067286362585	0.10968855536955438	1.0201790872902936
draw3098	terminal	0	0.4522487087983437	0.007449090512954698	-8.498757253505573e-14	1.0	84.36211000665162	0.0653924295568246	-2.541839629128514	True	0.24566613570404344	0.06035185023175749	0.059521443440300886	1.0021730339922543
draw3133	window	0	0.753567269082809	0.3004721024067044	-7.216449660063518e-15	-1.0	-15.167785667914016	0.1315165125087069	0.12413114190554789	True	0.14046614405413915	0.019730737625438192	0.0972620008640385	1.000742233037403
draw3163	window	0	0.8530530608828369	0.06344110527580496	8.715250743307479e-14	1.0	21.824512315962306	0.5376730157388014	-8.774619300783845	True	0.49179337689755687	0.2418607255603023	0.34269295404261435	1.0084409269122712
draw3163	window	1	0.8025756356414346	0.12310273504413921	-3.197442310920451e-14	-1.0	-19.54303323039968	0.5376730157388014	-2.6834270415405705	True	0.44261355839123206	0.19590676207174842	0.3534688567992489	1.0021781905156872
draw3205	terminal	0	0.7849643299460227	0.06933230508897079	-2.0539125955565396e-15	1.0	74.10321763722459	0.41476010643508543	38.167382130209155	True	0.20366536693222753	0.04147958168763887	0.41410929299395643	1.0000238343241612
draw3349	terminal	0	0.8337771682382871	0.0276899303255679	9.992007221626409e-14	1.0	59.837713603543776	0.17685343308314805	-16.953877105021988	True	1.1871555448213493	1.4093382876000753	0.16068338421114936	1.0046665979988598
draw3409	window	0	0.9582391264889932	0.1837921303400905	-2.9559688030644793e-15	1.0	3.997229204205653	0.1651775596208234	-0.19014892395512978	True	0.09385870466757504	0.008809456441875078	0.15526707968945802	1.0002842673684225
draw3409	window	1	0.8249024255503604	0.3583894858355318	1.4432899320127035e-14	-1.0	-6.503469761307822	0.1651775596208234	-0.10798274962628884	True	0.06314098509165658	0.003986783998344795	0.16376962152153013	1.000095602102446
draw3456	terminal	0	3.10076183624749	0.08045217688474257	5.472115816029799e-13	1.0	13.825671147733313	0.1317050868970965	-0.2547050042876061	True	0.09525109115811041	0.00907277036681066	0.09861411606578768	1.0045319734828009
draw3481	terminal	0	0.8606371626758837	0.0657222251924238	6.333822355486518e-14	1.0	17.13442400781194	0.1930283487913541	-1.096296124311316	True	0.39743432860460665	0.15795404555339448	0.1756823271489837	1.001160208188595
draw3533	terminal	0	4.147149227661553	0.12555701656023358	1.2954914918594795e-14	1.0	15.919479385045737	0.1251558614230869	-0.4918980077410767	True	0.05568333229151363	0.003100633495087123	0.11097561388338238	1.1511297774958515
draw3539	terminal	0	0.6148496478133814	0.17508268181864098	-2.0372592501871623e-14	1.0	7.6616702663594	0.12147206369605529	-0.23962573977924262	True	0.21942152668528891	0.048145806372902944	0.11392263297570027	1.0001219602667162
draw3572	window	0	1.8899626520316786	0.3480683360217384	9.455977667549575e-15	1.0	0.4414431558583777	0.7579690676869937	-0.03687121911233885	True	0.22931117858163258	0.05258361662249739	0.2871909944340942	1.002077678320258
draw3572	window	1	1.7197201663463009	0.8441352600949802	-8.021361352916756e-15	-1.0	-0.29377120807092055	0.7579690676869937	-0.006485343320869376	True	0.3318814065026948	0.11014526798220695	0.44293215092747584	1.0000658565029068
draw3587	window	0	0.9961292003593027	1.2530762345427786	1.3752887717544127e-14	-1.0	-3.694498609737671	0.21281262047585575	-0.010573753444024104	True	0.06746922960811813	0.004552096943912965	0.1873896703098983	1.000006941975549
draw3705	terminal	0	5.5957530123247325	0.05994872538044674	-1.6485547649214283e-10	1.0	16.926480057817816	0.7037980447113488	-2.2274949221704614	True	0.5416098018551584	0.293341177465584	0.36812595388760216	1.0326361620686233
draw3914	terminal	0	1.0801437585162101	0.0006068407452502761	1.385367445760899e-10	1.0	6473.788330520751	0.013945263659755501		False				
draw3923	terminal	0	1.4653962534333766	0.030452295208475134	-7.249756350802272e-14	1.0	45.55032711567008	0.43330527673720415	-35.549975410726375	True	1.2644056468281721	1.598721639730969	0.3566204949716785	1.0460865782449589
draw3925	terminal	0	5.683277385802751	0.09272115181011407	-1.162307750046665e-11	1.0	51.307248286619966	0.29036182969867375	-0.19921204264470127	True	0.12370866005548224	0.015303832572722869	0.2854791270527331	4.477888160032328
draw4060	terminal	0	1.983736589474803	0.14276554853413873	2.6874336089832696e-14	1.0	21.728221406287417	0.010745768664093651	-0.028947314154386034	True	0.009895555049531733	9.792200973831285e-05	0.0103716506354797	1.057046790858648
draw4187	window	0	1.4812283766120231	0.24185674762341852	-9.66726698692355e-14	1.0	1.566048683000461	0.47981277218200713	-0.26980503181965	True	0.27379470403975276	0.07496353996021582	0.12570640687061047	1.0031759021317113
draw4187	window	1	1.3834167757449403	0.4149680238261541	-2.609024107869118e-15	-1.0	-0.8911757476022938	0.47981277218200713	-0.049926574519126535	True	0.27364351248666535	0.07488077192603979	0.15846382758722458	1.0016434972332195
draw4217	window	0	0.21718683237726996	0.015001113940398348	-1.3238299345630367e-12	1.0	46.679093105989175	0.3834379178994795	-186.19655289138052	True	2.9379542851675398	8.631575381734311	0.21829969688087245	1.000642690972878
draw4217	window	1	0.10307551958023196	0.08316244862883404	4.574118861455645e-14	-1.0	-135.29276515480475	0.3834379178994795	-77.71081543773658	True	1.3599833232306078	1.849554639465365	0.3757678041115842	1.0000214977617452
draw4265	window	0	3.0365545851218547	0.4004786425254242	1.4099832412739488e-14	1.0	1.3803192488076985	1.0761084174838287	-0.10491472457611392	True	0.4813026172400406	0.2316522093621131	0.4837224648681992	1.0007874387421694
draw4265	window	1	2.401670113585711	1.1910892660833905	9.053868765818152e-14	-1.0	-1.0202144550306174	1.0761084174838287	-0.01829079942365759	True	0.4373475260741934	0.19127285856321727	0.8210273891016094	1.0002867419095978
draw4269	terminal	0	17.17115743624278	0.24650791655536375	9.005990397881192e-14	1.0	9.131521074048969	0.5163461532369211	-0.151708109908898	True	0.08704627591864846	0.007577054151305478	0.425613377410823	1.5265767770303855
draw4320	window	0	2.1183163308601314	0.06666857425712117	-5.4865834098194455e-14	1.0	24.958493152579674	0.04572990508877581	-0.9002841965502488	True	0.0434076722972777	0.00188422601426785	0.03056384436213993	1.045641585745439
draw4320	window	1	1.0918425806941368	1.0015385818021647	-3.8094527532450684e-14	-1.0	-13.971184273005743	0.04572990508877581	-0.004900677037851624	True	0.02006933040880913	0.0004027780230579508	0.044850802186196484	1.0000040286442098
draw4390	terminal	0	1.2267068667374192	0.15302554092706194	6.716849298982197e-14	1.0	31.07946042637931	0.2702188170827769	6.517494235060251	True	0.4914057131632936	0.2414795749295252	0.25361808620197157	1.0011073696698527
draw4459	terminal	0	1.413592199985364	0.021669121118931996	6.156275489388463e-11	1.0	41.565273647464046	1.5367923951913685	-173.27474671038811	True	4.456491309895229	19.860314795171696	0.5293016073981323	1.0187276239424636
draw4485	terminal	0	2.1073906176140382	0.33815335559502757	-5.863365348801608e-15	1.0	4.227625581141526	0.07035155295144972	-0.009828163491944281	True	0.06072315872003647	0.0036873020049387373	0.05511444622112109	1.000316648219751
draw4544	window	0	3.4751942386282457	0.0743111479096205	-9.19611609084825e-14	1.0	15.563515778017285	0.2497731768681425	-1.2610397278141483	True	0.203018758493206	0.0412166163001227	0.09991542752107863	1.0286687389936398
draw4544	window	1	1.794103627008217	1.0926237957636187	5.551115123125783e-15	-1.0	-7.629486534601459	0.2497731768681425	-0.016590864565232514	True	0.1137786802721855	0.012945588084480222	0.23655436916005804	1.0000354533772557
draw4592	window	0	3.962483026460198	4.353957286916357	-2.631228568361621e-14	-1.0	-1.881597627713376	2.2360430094040167	-0.0025861985463465297	True	0.2684993312538986	0.07209189088379077	2.116421876285711	1.0000121272351414
draw4627	window	0	5.2162322021083956	0.028809765130479566	-1.2099012763888695e-11	1.0	56.20739582806686	0.13163386882382783	-3.8043741024269337	True	0.0874048930713081	0.0076396153328068	0.04394094440202975	1.4655439915501285
draw4627	window	1	1.6429729067707373	1.5742094267778446	2.110811525568579e-14	-1.0	-12.196234382219346	0.13163386882382783	-0.012501949426351541	True	0.0333120985326636	0.0011096959086498877	0.1306221235711714	1.0000029408787487
draw4640	terminal	0	7.458487956443155	0.04294529379221232	-3.669318043852954e-10	1.0	28.182299336771578	0.9781000897927702	-5.82267059868501	True	0.8390342505372265	0.7039784735745652	0.5421259247496486	1.053300607415407
draw4644	terminal	0	1.5899796415805307	0.09901908250007167	2.1725676813133532e-13	1.0	17.50294055397354	0.3151847800466755	-0.6908807343836605	True	0.16926394370068187	0.028650282637107602	0.2968139517738822	1.0014134542977593
draw4665	terminal	0	2.8570287792161975	0.21244170040166335	-7.783010347317543e-14	1.0	23.263186863812294	0.08843231545453208	0.0559811836754531	True	0.024853420243553102	0.0006176924978026552	0.0870943065126924	1.000686076584176
draw4676	window	0	0.9458171802424368	0.17216160623117116	-4.440892098500626e-15	1.0	1.5165905233470958	0.8305841785660296	-3.46360637427116	True	1.7605986324024083	3.099707544417233	0.6085050820491431	1.0033736619093576
draw4676	window	1	0.92306727938775	0.19827860763377197	1.3766765505351941e-14	-1.0	-0.29339797747607765	0.8305841785660296	-2.2914350705530504	True	1.6749784952081765	2.8055529594098494	0.627360374091393	1.0023993534355995
draw4714	window	0	2.4447165109040285	0.08329270512161033	1.1665945987004989e-12	1.0	16.080115335466676	0.41858072600720847	-3.5675365062928517	True	0.484247310996797	0.23449545820762863	0.24151905443561744	1.0251259561405268
draw4714	window	1	0.9372642772722769	1.1973605830986482	-2.0872192862952943e-14	-1.0	-50.57628373300692	0.41858072600720847	-0.5444449144617184	True	0.05995782144018518	0.003594940351853132	0.41848363491576784	1.0000043190388133
draw4854	window	0	1.711613758606884	0.03446160693063429	-3.212707877509047e-14	1.0	303.8097684445281	0.1549182249706605	-32.65115537384361	True	0.09242532448148301	0.008542440605507434	0.08755579357056083	1.0652908245970607
draw4854	window	1	1.3140193338722292	0.27524831111793857	7.588374373312945e-14	-1.0	-22.7394295518068	0.1549182249706605	0.014362031615413759	True	0.14468954231543696	0.020935063655450642	0.10254459980342229	1.006024941645327
draw4882	window	0	12.335125046156563	0.20603398069416692	-2.1509911907191537e-12	1.0	7.48666875645359	0.42451597960363674	-0.11796070848662196	True	0.08897925118606846	0.007917307141633462	0.18635066836240527	1.1055015472778993
draw4882	window	1	4.440027472218892	5.033502552411321	3.991251773527438e-14	-1.0	-1.9855329377884436	0.42451597960363674	-0.0005372863783574201	True	0.042410591413980944	0.0017986582640836394	0.41300404920699507	1.0000049489120622
draw4884	window	0	2.9922953717142065	0.059425039389464133	1.029329399493406e-11	1.0	16.654988298997377	0.6794700654657021	-3.791872684667468	True	0.5590223328153955	0.31250596858636676	0.20602547020243775	1.0192052446213458
draw4884	window	1	1.2731856559181816	1.0559350180074456	-6.039613253960852e-14	-1.0	-5.56242875190056	0.6794700654657021	-0.0294226824561917	True	0.3495066798374187	0.12215491925097591	0.6180943611311809	1.0000483857038915
draw4922	terminal	0	0.5332348041185618	0.057453207674995635	7.081488173632522e-14	1.0	32.81482239709941	0.05452398653309058	-0.7421992561364851	True	0.020164240885998108	0.00040659661050855756	0.054234213859967365	1.0056907408592524
