name	ok	n_zeros	tr_at_fold	tr_at_branch_end	j_crit	j_H1	j_H2	j_last_cross	n_points	group	parity_ok	window_width
draw34	True	1	0.09706504489333481	0.09661468224550063	0.044444397612491235	0.039772406794421324		0.039772406794421324	179	terminal	True	
draw122	True	1	0.49338399864194915	0.5581115135021967	0.3168357593157284	0.2645911986380801		0.2645911986380801	173	terminal	True	
draw273	True	2	-0.5102428654877755	-0.4985743107542637	0.4687575071778409	0.19732079841886027	0.4159858222707543	0.4159858222707543	75	window	True	0.46647791342771
draw294	True	1	0.4109993401387998	0.40219411068009414	1.7691860070176193	1.7598733112537235		1.7598733112537235	198	terminal	True	
draw426	True	1	0.5888375009219753	0.6445176572675511	0.1402076834447081	0.11382685926362048		0.11382685926362048	177	terminal	True	
draw455	True	2	-0.07552226993867661	-0.16021843518944	0.2874486887815737	0.3012922058885715	0.3585469181413512	0.3585469181413512	31	window	True	0.19918237406289369
draw517	True	1	0.4117840265927095	0.46440665475529985	0.6289835083193567	0.5574224345707706		0.5574224345707706	200	terminal	True	
draw549	True	1	1.5030877769011712	1.3560319384550952	0.7790429844701616	0.7569853621167412		0.7569853621167412	193	terminal	True	
draw585	True	1	1.3365160455686214	1.4032826760305175	0.5836601708123301	0.2685487114233225		0.2685487114233225	168	terminal	True	
draw592	True	1	0.14884458759635277	0.14799121058382297	0.024605923847507837	0.02250696351691209		0.02250696351691209	176	terminal	True	
draw626	True	1	-0.6952238279822844	0.27053602777383323	0.09878369208759033	0.10313972402681118		0.10313972402681118	29	window	False	
draw634	True	1	0.08611149951307218	0.11506772105921692	0.38210072320984667	0.34677659955399726		0.34677659955399726	178	terminal	True	
draw640	True	1	0.3887881192275795	0.310534847267386	0.7372603030383432	0.7274856788379597		0.7274856788379597	62	terminal	True	
draw686	True	1	0.06605429951999366	0.06438546181392657	0.1054182985128677	0.10430796566394855		0.10430796566394855	179	terminal	True	
draw713	True	2	-1.2579721609628391	-1.2467075461069697	0.287394367867151	0.03334609029576323	0.044627261777987155	0.044627261777987155	163	window	True	0.03925327961694324
draw732	True	1	-7.159429889349788	-6.795739982622953	1.7314724494706941	1.1221555716036735		1.1221555716036735	43	window	False	
draw814	True	1	0.018757458624854322	0.01820278379398675	0.0531421563494881	0.052251480578138644		0.052251480578138644	32	terminal	True	
draw820	True	2	-0.07605547797849266	-0.07416633822168178	0.18659947415547273	0.13899226881296908	0.16573718138198812	0.16573718138198812	37	window	True	0.1433279096313822
draw824	True	2	-0.10065138944692685	-0.09136974793199362	0.09588852443767515	0.04771575483665424	0.06672767450891375	0.06672767450891375	38	window	True	0.1982710630260738
draw834	True	1	0.07541791714831175	0.0716868461307118	0.05233602753441837	0.05210413518501674		0.05210413518501674	179	terminal	True	
draw861	True	1	0.0010565087093901276	0.00011634834900957347	0.1484107639572541	0.14840229293191673		0.14840229293191673	184	terminal	True	
draw878	True	1	-0.7024874077162985	0.11191266812283167	0.185648479882848	0.19153088953396338		0.19153088953396338	31	window	False	
draw1095	True	1	0.29301652111475746	0.28204880555772693	0.2738404744691383	0.24368270786272914		0.24368270786272914	181	terminal	True	
draw1157	True	1	0.45972078028742613	0.28770832372423016	1.0623134705620938	1.0583646171781043		1.0583646171781043	197	terminal	True	
draw1161	True	1	0.4473647510536887	0.440947298159455	0.2056397261770275	0.1822455361869209		0.1822455361869209	39	terminal	True	
draw1228	True	1	0.004566274374753099	0.026610059601466174	1.0762197725244853	1.019723226309685		1.019723226309685	192	terminal	True	
draw1239	True	1	0.11284915671847495	0.1151656350259509	1.0611551837158308	0.8697591082989452		0.8697591082989452	195	terminal	True	
draw1240	True	2	-0.6090460244905457	-0.6021305789285565	0.1398955798495004	0.13144865418556648	0.13626645738424814	0.13626645738424814	188	window	True	0.03443856627825306
draw1265	True	1	1.2309150689364396	1.2110888731609557	1.8036258866823485	1.7577095962170373		1.7577095962170373	187	terminal	True	
draw1341	True	1	0.001457625280978203	0.004767437431007021	0.33427839026414435	0.3326098964970947		0.3326098964970947	168	terminal	True	
draw1357	True	2	-0.0951447652482649	-0.024464069147809187	0.06413045242282528	0.0658438902542727	0.0672616892916189	0.0672616892916189	25	window	True	0.02210804670452583
draw1372	True	1	0.09498429500343802	0.08620626061079331	0.11610809793771482	0.11469119036584478		0.11469119036584478	80	terminal	True	
draw1379	True	2	-0.23767643392071303	-0.22091713729532764	0.14866659006940636	0.09705624678207955	0.11951904956793255	0.11951904956793255	183	window	True	0.15109516385198607
draw1394	True	2	-0.01414306730279452	-0.0032075758917316233	0.3391186302837249	0.21910954139195682	0.33891571817075145	0.33891571817075145	193	window	True	0.3532869210947164
draw1418	True	1	0.0033043167015803926	0.0018340911123442445	0.05146953304206825	0.05144453783943435		0.05144453783943435	177	terminal	True	
draw1432	True	1	0.012393470458963829	0.012042201486912374	0.13617311155806938	0.13526517965014112		0.13526517965014112	207	terminal	True	
draw1438	True	1	2.960097761636998	2.9435016413936337	0.967159424853468	0.8223265081121727		0.8223265081121727	180	terminal	True	
draw1453	True	2	-0.7975914881501436	-0.7901649351322388	0.12721057969110572	0.04941426349635407	0.06570110238498648	0.06570110238498648	181	window	True	0.12803053746143062
draw1505	True	2	-0.007363047657482774	-0.006254732727782958	0.01372304506682342	0.011901611725313494	0.013691726371908288	0.013691726371908288	167	window	True	0.1304458768354949
draw1532	True	2	-0.029937577529537573	-0.027373270715391695	0.06492587971503347	0.047601519779167954	0.06382327537456178	0.06382327537456178	169	window	True	0.24985037810181124
draw1552	True	2	-1.8261084825161222	-1.8194964816618122	0.33425675570301183	0.09167634392355571	0.22158778436052265	0.22158778436052265	65	window	True	0.38865763584564217
draw1570	True	1	0.5516773298312903	0.531259602733024	0.23677068431275863	0.2290583351139898		0.2290583351139898	182	terminal	True	
draw1571	True	2	-0.014415382967430846	-0.013296536084393282	0.01737230688447198	0.014422641930502491	0.01647059641202555	0.01647059641202555	42	window	True	0.11788615611859801
draw1691	True	2	-0.8482567455832155	-0.8305456724609186	0.22827540132220248	0.11063431321116042	0.21617036115309413	0.21617036115309413	185	window	True	0.46231896792494687
draw1743	True	1	0.5636508676907228	0.5747040099498211	1.3127041755719202	0.807336024300613		0.807336024300613	193	terminal	True	
draw1762	True	2	-0.2663914046137466	-0.2612626884165252	0.03245740971439752	0.022539916812202403	0.024948633390607107	0.024948633390607107	165	window	True	0.07421160836923599
draw1790	True	1	-0.06772000623186225	-0.06407567200831893	0.03399419612477345	0.027783743883390905		0.027783743883390905	50	window	False	
draw1812	True	2	-0.7079156325693705	-0.5767004105399383	1.7576100873284286	1.3443622809118978	1.747244981310404	1.747244981310404	223	window	True	0.2292218867558327
draw1822	True	1	0.010151642843096553	0.011769187029302589	0.017286330750665414	0.015970472764076402		0.015970472764076402	159	terminal	True	
draw1874	True	1	0.2151419678703863	0.21675190572194902	0.17095922571424654	0.14652044481014986		0.14652044481014986	172	terminal	True	
draw1929	True	1	1.5503593646391014	1.554591874206382	0.44466491786128803	0.34962679279747977		0.34962679279747977	47	terminal	True	
draw1959	True	1	0.1278705393184874	0.1223038065150785	0.10377318369861628	0.09951010328631192		0.09951010328631192	197	terminal	True	
draw1993	True	1	-2.6460939632788563	-2.3980209420792225	2.1658419616183475	1.9297931702917328		1.9297931702917328	54	window	False	
draw2052	True	2	-0.02551865153976196	-0.015714424333682087	0.14226866512247752	0.1296150680190921	0.14223336317194563	0.14223336317194563	174	window	True	0.08869342480995789
draw2164	True	2	-0.03643991212967096	-0.03453111875097542	0.26493772958347644	0.2115950809002079	0.263248397239612	0.263248397239612	207	window	True	0.1949639880307392
draw2211	True	1	0.038569597974463354	0.05359686109503059	0.4045249627301957	0.3716008044016151		0.3716008044016151	168	terminal	True	
draw2231	True	1	0.4668037675496311	0.4731275402684601	0.17826492377159575	0.1654230857629841		0.1654230857629841	182	terminal	True	
draw2253	True	1	0.1005386363523266	0.0987747963727546	0.06879648146747855	0.06090599818540319		0.06090599818540319	167	terminal	True	
draw2360	True	2	-0.1386050696502941	-0.1325584408259905	0.12027571388679083	0.07387914311751645	0.09578834856541539	0.09578834856541539	206	window	True	0.18215818256145141
draw2396	True	1	-0.16369902481281828	-0.16142852699771687	0.1023603668755976	0.04608086386040753		0.04608086386040753	62	window	False	
draw2431	True	1	0.3282147691276932	0.3182626671795662	0.3331917821608429	0.32990372986632815		0.32990372986632815	173	terminal	True	
draw2563	True	2	-2.767366966661551	-2.679121382222202	1.0072823478307178	0.6855793559668858	0.9687698519040346	0.9687698519040346	173	window	True	0.2811431139908563
draw2688	True	1	0.13909667182649837	0.13902639133257105	0.6176911673003956	0.5998090827746605		0.5998090827746605	180	terminal	True	
draw2734	True	1	0.28087045019086077	0.21541528467427584	0.5534287421072003	0.550170604938404		0.550170604938404	221	terminal	True	
draw2863	True	2	-0.02392886985540056	-0.023319615739848434	0.009965329829303642	0.00697313625300227	0.008227952511710495	0.008227952511710495	172	window	True	0.1259181863723531
draw2878	True	1	0.09468539561439389	0.09307208769357439	0.08215899266077609	0.07210391029482738		0.07210391029482738	213	terminal	True	
draw2913	True	2	-0.4829488357617751	-0.47201554762971776	0.4240275820649887	0.1976130525389826	0.3264196387207753	0.3264196387207753	172	window	True	0.30376935753686685
draw2924	True	2	-0.6911590142621955	-0.6270652031627828	0.4736178941429767	0.35047496011695245	0.4578197667915582	0.4578197667915582	222	window	True	0.22664854517131125
draw2949	True	1	1.0330121748122858	1.2649349830599266	1.080354224602749	0.4163970110912955		0.4163970110912955	203	terminal	True	
draw2985	True	1	0.2571812125516808	0.27159830745308755	0.2280345077900786	0.1757199461590991		0.1757199461590991	178	terminal	True	
draw3088	True	1	0.060965225759857744	0.04335576573165423	0.1107757118763238	0.10968507079917274		0.10968507079917274	160	terminal	True	
draw3098	True	1	0.42392909052621086	0.42707107373262665	0.0653924295568246	0.05952181971394294		0.05952181971394294	163	terminal	True	
draw3133	True	1	-0.5197922025918382	-0.5182911082553733	0.1315165125087069	0.09726985548436944		0.09726985548436944	47	window	False	
draw3163	True	2	-3.8658306826082534	-3.830939803620381	0.5376730157388014	0.34273061917239006	0.35344188006827065	0.35344188006827065	172	window	True	0.019921514716825704
draw3205	True	1	0.14343533603582498	0.08368438757506907	0.41476010643508543	0.41404059365708984		0.41404059365708984	187	terminal	True	
draw3349	True	1	0.9667762079541331	0.9661001362304924	0.17685343308314805	0.16069230071038024		0.16069230071038024	170	terminal	True	
draw3409	True	2	-0.026149512703618594	-0.025484727920049993	0.1651775596208234	0.15531532735390918	0.16375387300495514	0.16375387300495514	207	window	True	0.05108772444887325
draw3456	True	1	0.18502910132380723	0.185355127139621	0.1317050868970965	0.09862167491695072		0.09862167491695072	188	terminal	True	
draw3481	True	1	0.26380548679990956	0.26303321079932906	0.1930283487913541	0.17569346605385164		0.17569346605385164	186	terminal	True	
draw3533	True	1	0.020850650429484016	0.021768144278304175	0.1251558614230869	0.11098065917771537		0.11098065917771537	167	terminal	True	
draw3539	True	1	0.02097703454033356	0.0258531655679628	0.12147206369605529	0.11395523759083817		0.11395523759083817	178	terminal	True	
draw3572	True	2	-0.6262282725858073	-0.6001189978223571	0.7579690676869937	0.28763973247339	0.4424000084827298	0.4424000084827298	41	window	True	0.2041775616010345
draw3587	True	1	-0.19556826260733334	-0.1895161762812807	0.21281262047585575	0.18737238034606243		0.18737238034606243	36	window	False	
draw3705	True	1	0.3133996613329058	0.3450447617496917	0.7037980447113488	0.36839673895991126		0.36839673895991126	187	terminal	True	
draw3914	True	1	0.0793649048333076	0.06372389985926981	0.013945263659755501	0.01393624524436512		0.01393624524436512	120	terminal	True	
draw3923	True	1	1.2586479056138848	1.3202318023311461	0.43330527673720415	0.3566869701498626		0.3566869701498626	163	terminal	True	
draw3925	True	1	0.29932438648614507	0.2810100421730605	0.29036182969867375	0.2854793541150804		0.2854793541150804	43	terminal	True	
draw4060	True	1	0.006678598407263245	0.006607998608485106	0.010745768664093651	0.010371935574296672		0.010371935574296672	166	terminal	True	
draw4187	True	2	-1.4137685586243258	-1.3907333154188013	0.47981277218200713	0.12594712598641492	0.15816170131021037	0.15816170131021037	86	window	True	0.06713988703822064
draw4217	True	2	-2.252829039643347	-2.1129585171844356	0.3834379178994795	0.218359661303794	0.3757558024053606	0.3757558024053606	224	window	True	0.4104866361777734
draw4265	True	2	-0.8837752218914228	-0.8803626551697659	1.0761084174838287	0.48417003765857924	0.8200766571962353	0.8200766571962353	72	window	True	0.31214942108071
draw4269	True	1	0.06682178243696829	0.06741954455050933	0.5163461532369211	0.4256405534020083		0.4256405534020083	99	terminal	True	
draw4320	True	2	-0.024619438134835345	-0.022243996598497906	0.04572990508877581	0.03057203133263709	0.0448504645011064	0.0448504645011064	169	window	True	0.3122340433628821
draw4390	True	1	0.9604612004146188	0.9423466233077842	0.2702188170827769	0.2535775631061221		0.2535775631061221	201	terminal	True	
draw4459	True	1	2.405245469395962	2.4562448392806324	1.5367923951913685	0.5297424010191326		0.5297424010191326	171	terminal	True	
draw4485	True	1	0.05342675913899303	0.05420867216641295	0.07035155295144972	0.05512393702469429		0.05512393702469429	186	terminal	True	
draw4544	True	2	-0.20646756663413987	-0.18029196452831536	0.2497731768681425	0.09996389529984598	0.23644276101060208	0.23644276101060208	98	window	True	0.5464112176577092
draw4592	True	1	-0.46618174823825287	-0.38828060584096974	2.2360430094040167	2.1158030471553886		2.1158030471553886	40	window	False	
draw4627	True	2	-0.02583737117344094	-0.016791403888000753	0.13163386882382783	0.043956362612829175	0.13061575751482432	0.13061575751482432	101	window	True	0.6583366095391129
draw4640	True	1	3.4141844688676786	3.442524685683179	0.9781000897927702	0.542708503336668		0.542708503336668	82	terminal	True	
draw4644	True	1	0.26017927964448634	0.25904662410117063	0.3151847800466755	0.2968283286478153		0.2968283286478153	166	terminal	True	
draw4665	True	1	0.0461037814831409	0.04093089019630104	0.08843231545453208	0.08709427855107092		0.08709427855107092	176	terminal	True	
draw4676	True	2	-3.60084413117773	-3.577818229904633	0.8305841785660296	0.6104544921979908	0.6252818435269881	0.6252818435269881	191	window	True	0.017851714144851885
draw4714	True	2	-0.02195387058946552	-0.013037636983454948	0.41858072600720847	0.2416362230548486	0.4184576835806439	0.4184576835806439	99	window	True	0.42243096621403015
draw4854	True	2	-1.9951712289517016	-1.9287234570065028	0.1549182249706605	0.08756439439291813	0.10254610877870933	0.10254610877870933	165	window	True	0.09670724273163174
draw4882	True	2	-0.052116068540697336	-0.04486128213632068	0.42451597960363674	0.18643541735677438	0.4128742189869966	0.4128742189869966	107	window	True	0.5334046596824088
draw4884	True	2	-0.7464769549115035	-0.7438436531905113	0.6794700654657021	0.20612230893146613	0.6180836961236795	0.6180836961236795	187	window	True	0.6062980668763666
draw4922	True	1	0.003109426001239847	0.0038618375374613358	0.05452398653309058	0.054235667935766695		0.054235667935766695	167	terminal	True	
