lambda_max	omega	complex_pair	slope	n_periods	period_measured	period_predicted	grew	ratio_max	ratio_end	escaped	horizon_short	t_end	t_last	eq_residual	j_eq	n_fit	name	tested
0.09483452798474538	0.0	False	0.1183576451257398	inf			True	98.37214132402283	98.37214132402283	True	False	263.6170657592283	42.32111933418969	5.307216226489582e-17	0.04443663784459928	643	+draw34	True
0.4906030052065069	0.3031213797895038	True		0.30007501875468867		10.364140780077621	True	97.80993733335791	97.80993733335791	True	False	165.82625248124194	6.2200394779160515	3.803863830180186e-17	0.3042580492727957	151	+draw122	True
0.20186690974580665	0.6952002587116881	True		2.2169597439875077	4.5214353516127535	4.518975092747581	True	98.84999993813165	98.84999993813165	True	False	123.84397240479043	20.036771729407203	8.987538784894601e-17	0.2700452889019423	648	+draw273	True
0.37865592026493633	0.0	False	0.5998929931559885	inf			True	98.87443592193124	98.87443592193124	True	False	66.02300046572125	7.974270873954331	1.9982135527282046e-16	1.7691783282731386	484	+draw294	True
0.8178750085281681	0.0	False	1.2140602099139866	inf			True	90.45393461802104	90.45393461802104	True	False	30.567017868646595	3.7759706994527176	2.3349748569064043e-16	0.1352065147648386	495	+draw426	True
0.43212829812698816	0.4036637122925319	True		0.5861465366341585		7.78269772070348	True	96.17079679793075	96.17079679793075	True	False	124.52316353125568	9.123602629321809	2.0920974374844012e-16	0.603837945565308	294	+draw517	True
1.306370781104337	0.0	False	1.5135540583278977	inf			True	99.72258861603255	99.72258861603255	True	False	19.13698649847811	3.541227809170743	4.3176650534391016e-17	0.7787771255968836	741	+draw549	True
1.835194795980358	0.0	False	1.6231212554485657	inf			True	99.5356631679257	99.5356631679257	True	False	13.622532090194294	3.351980889410149	2.169201313241021e-17	0.49827204936405123	985	+draw585	True
0.1470468610019924	0.0	False	0.20134447097181443	inf			True	98.9105358763023	98.9105358763023	True	False	170.01382980668498	25.04079663819391	0.0	0.02460537749987693	590	+draw592	True
0.1932581862176979	0.2764316123962419	True		0.7261815453863466		11.364809640825664	True	98.7205401490341	98.7205401490341	True	False	181.83695425321062	16.505830055992863	6.995282907435486e-17	0.3711577256754126	364	+draw634	True
0.2954199077647986	0.0	False	0.31365112010366203	inf			True	98.97613508059496	98.97613508059496	True	False	84.62530568489646	16.59070759113749	1.92833082636599e-17	0.7367091252450803	785	+draw640	True
0.06302101688686867	0.0	False	0.07449791721307607	inf			True	99.38049292321107	99.38049292321107	True	False	396.69305947376904	70.23222958425318	8.068838229090934e-18	0.10541564350878055	709	+draw686	True
0.008311525317180364	0.1024631943229181	True	0.008314043478347478	8.218086304428775	30.83839232130053	30.660694060434032	True	97.40230230578706	97.40230230578706	True	False	3007.8714851922155	503.94445988466725	1.7703783210722966e-18	0.03690362999656756	671	+draw713	True
0.6893886009806236	1.5259376049844628	True		1.2641345650344933		2.0587949620795807	True	82.55275131929872	82.55275131929872	True	False	36.26401707895757	5.205187747767353	4.503342580737513e-16	0.6862088539429421	575	+draw732	True
0.017511007778317964	0.0	False	0.023658778547256454	inf			True	97.96678448656635	97.96678448656635	True	False	1427.6733992977186	205.9933861952447	7.559247825930525e-19	0.05314055268662791	578	+draw814	True
0.013609981076082085	0.017421490719309863	True		0.6221555388847211		180.32857831779418	True	94.3514561101445	94.3514561101445	True	False	2885.257253084707	224.38484763924575	3.907399347432378e-18	0.1454716238388595	312	+draw820	True
0.004491859779177354	0.025557629490454446	True	0.004486343371521478	3.713701173118033	122.4743338903489	122.92191084322397	True	92.36429354841503	92.36429354841503	True	False	5565.62342303983	912.9904890007823	2.2498751062854027e-18	0.053077881673954906	657	+draw824	True
0.06305411007292372	0.0	False	0.11138621029346454	inf			True	99.5255860602105	99.5255860602105	True	False	396.4848599256551	43.92167865643041	2.9504493614207625e-17	0.052334327486909415	444	+draw834	True
5.8174174504788985e-05	0.009082526947378	True	8.080577137086044e-05	28.91058118881103	355.0887721930485	345.8941186512777	True	64.50802866801402	14.34759898941802	False	True	20000.0	20000.0	7.577444037894699e-18	0.1484054309292146	4000	+draw861	True
0.2544244199239759	0.0	False	0.3587543909661813	inf			True	91.96829322983992	91.96829322983992	True	False	98.26100815114447	13.268553238714182	9.17664656752202e-17	0.2736145568499654	541	+draw1095	True
0.14385416186211514	0.5611619884714997	True		2.107532983605734	5.519120732028481	5.598370378127186	True	98.52813721109517	98.52813721109517	True	False	173.7871165935582	23.5975004526887	2.0288727409029606e-16	1.0616194388101003	544	+draw1157	True
0.4356048288596877	0.0	False	0.5294504069301508	inf			True	95.56108118432822	95.56108118432822	True	False	57.39146663145171	9.29974252992766	2.299585146560032e-16	0.205612007419888	649	+draw1161	True
0.09171336301058684	0.23184624785477423	True		1.6172872475710889	13.564664672804623	13.550327782564116	True	96.32067601595901	96.32067601595901	True	False	272.5884121936969	43.82954464629835	2.012940065892546e-16	1.0521258347134592	644	+draw1228	True
0.12663773744608295	0.24969684960397553	True		1.1042760690172542		12.58162711532975	True	91.87426629722904	91.87426629722904	True	False	201.306033845276	27.787179465514466	5.2447487622285264e-17	1.0174440789888712	553	+draw1239	True
0.02640796844187749	0.1488976404811181	True	0.026151690270170107	3.1528105502647232	21.068985238258705	21.09900897985138	True	98.47478945901754	98.47478945901754	True	False	946.6839546943434	133.04235622361114	1.902747042993047e-17	0.13428545922437835	563	+draw1240	True
1.1918386033380406	0.0	False	1.3922692337158462	inf			True	99.61184635400598	99.61184635400598	True	False	20.97599450964357	4.002171495588408	8.964241554743584e-17	1.8035754913397262	764	+draw1265	True
0.007209899158586233	0.10279530288090881	True	0.007237794131972546	8.256116277405466	30.34781712788873	30.561636237692834	True	98.79220595002066	98.79220595002066	True	False	3467.454876983629	504.6408448123211	1.045944378334764e-16	0.3338342601278962	583	+draw1341	True
0.08353532383828162	0.0	False	0.09160146652469549	inf			True	99.26618351605912	99.26618351605912	True	False	299.27459248734345	57.6996026025861	1.6515780643585917e-18	0.11608470252140557	772	+draw1372	True
0.008219521253629368	0.10286670540613932	True	0.008219861773132574	8.21828086571513	30.42300249768087	30.540422590439995	True	95.70873998626858	95.70873998626858	True	False	3041.5396747056448	501.9795412117343	4.7628368129346224e-17	0.10723553725288837	661	+draw1379	True
0.08020295560655402	0.11935358883689953	True		1.0922730682670667		26.321727601194123	True	97.78446911356981	97.78446911356981	True	False	421.14764161910597	57.50102833809249	3.8496848010626444e-17	0.28179171939488634	547	+draw1394	True
0.0009170455561721214	0.005934280867523309	True	0.0009233315085448173	3.2545132391198552	520.130032508127	529.3973648572766	True	96.51577785667116	96.51577785667116	True	True	20000.0	3445.8614653663417	4.390956162861324e-18	0.051463688690799134	690	+draw1418	True
0.006021100743456172	0.01135263956717721	True		0.326081520380095		276.7279481569006	True	96.40632010261052	96.40632010261052	True	False	4427.6471705104095	180.47174013333253	5.606772901641314e-18	0.13617114673645397	164	+draw1432	True
2.935321948538233	0.0	False	3.269130566670031	inf			True	98.22383689218158	98.22383689218158	True	False	8.51695331493358	1.6228853278268038	1.3543534952833093e-16	0.9671353910187112	763	+draw1438	True
0.008624703432989876	0.14572347511240064	True	0.008628110886739784	11.767714551114427	21.74531427994441	21.558590001827735	True	98.1637186734745	98.1637186734745	True	False	2898.6503935165915	507.3906665320365	2.4665667556627963e-17	0.05677515318276061	701	+draw1453	True
0.006541968150748327	0.04739680889876215	True	0.00648307167519688	3.669164608740715	65.93701307006863	66.28278836873007	True	93.61570668520378	93.61570668520378	True	False	3821.479931408759	486.40492250239015	2.1886229032387347e-17	0.013041181064354234	510	+draw1505	True
0.017210604961075175	0.0526351718455436	True		1.79835789550296	59.75281507243637	59.68618593682389	True	98.69836162587859	98.69836162587859	True	False	1452.5927506059152	214.67424746388994	1.1442729329963767e-17	0.05594638536869594	592	+draw1532	True
2.4074636154700197	0.0	False	2.4850101271131244	inf			True	99.4915575826506	99.4915575826506	True	False	10.38437293064516	2.202037570689446	5.765087503997063e-17	0.10588489582927363	849	+draw1552	True
0.5197829446785428	0.0	False	0.5801532098118337	inf			True	99.1927313812102	99.1927313812102	True	False	48.09699944168258	9.597750826322255	1.1219889832896615e-17	0.23673496977364503	799	+draw1570	True
0.0024687998862241885	0.005776835094532721	True		1.6064303795039852	543.1627923925804	543.8259188951129	True	98.55779794451834	98.55779794451834	True	False	10126.377653976358	1747.2369545495592	1.5937897764349783e-18	0.015040302625841202	691	+draw1571	True
0.4154282314173644	0.6339451715196511	True		1.0822705676419104		4.955622023366748	True	97.62067362204189	96.42806169942592	True	False	79.28995237386796	10.726647720495766	2.0812906495846584e-17	0.15852647991824761	542	+draw1691	True
1.1653495148959268	1.7533789622658822	True		0.8322080520130033		1.7917362539413213	True	98.06412523617685	98.06412523617685	True	False	28.66778006306114	2.9821946752271655	1.5923698912245459e-16	1.1156465344884194	417	+draw1743	True
0.01790904601800857	0.04852800009862701	True		1.6284169575146537	64.4039527386613	64.73773176732823	True	98.0837708248759	98.0837708248759	True	False	1395.9425853761875	210.84004040190476	3.3574244553618723e-18	0.023010773475364184	605	+draw1762	True
0.0005557004241344685	0.0029081162646267577	True	0.000553352324411657	3.64347015613116	1080.270067516879	1080.2844067147366	True	99.0306743278777	99.0306743278777	True	True	20000.0	7871.967991997999	6.735782730535326e-19	0.027571157260018617	1575	+draw1790	True
0.5646129427391602	1.704041599300502	True		1.7296593659804254	1.8435376565326	1.8436126529301846	True	96.51350319417188	96.51350319417188	True	False	44.278120651494696	6.3776437847614265	2.480328388282805e-16	1.5794075429776906	577	+draw1812	True
0.008850199076825329	0.029704233924600615	True		1.6864187836180986	105.95630962289933	105.76245331100668	True	96.89524811072667	96.89524811072667	True	False	2824.7952145464956	356.71957573042766	9.454682060403482e-18	0.017079616467331932	506	+draw1822	True
0.2074407017277654	0.0	False	0.22849863322024608	inf			True	98.90752428553361	98.90752428553361	True	False	120.51636825259453	22.964109179414113	3.1465201096600873e-17	0.17027879023442866	763	+draw1874	True
1.42071829977573	0.0	False	1.791089601332398	inf			True	98.78350521066142	98.78350521066142	True	False	17.59673258516232	2.8513835246774653	1.8611147914476304e-16	0.44127319058722475	649	+draw1929	True
0.11789314301965814	0.0	False	0.16562505840651212	inf			True	92.28868802670898	92.28868802670898	True	False	212.05643822585478	28.369641022963815	2.624901892761916e-17	0.1037655404258654	536	+draw1959	True
0.6516095056797708	1.8074950465290835	True		2.1886263726347885	1.736519914700093	1.7380919851606593	True	98.93539864248122	98.93539864248122	True	False	38.36653667892636	7.608067913575545	4.1718631034900603e-17	1.2187194627758915	794	+draw1993	True
0.07998295878588321	0.20578023749275123	True		1.2261693269011475		15.266736455683496	True	97.27950021699408	97.27950021699408	True	False	312.5665814254978	37.43920792768529	6.205878228243919e-17	0.13876560000771154	480	+draw2052	True
0.025288140503394042	0.1686363324481009	True	0.02534904979843475	3.728887701294566	18.54099223868485	18.62939384403798	True	94.9618118802688	94.9618118802688	True	False	988.6057061666764	138.93383517521184	3.936508228980516e-17	0.2409102543755193	563	+draw2164	True
0.11908702927005715	0.5098751776445086	True		2.666751066744338	6.168250599266649	6.161493619091516	True	99.02833913517843	99.02833913517843	True	False	209.93050337419004	32.862339362901466	4.2199784991406336e-17	0.39548908919629844	627	+draw2211	True
0.4384779846698665	0.0	False	0.5809321413102667	inf			True	99.40896245457972	99.40896245457972	True	False	57.01540527473163	9.4384091752619	1.2022262111461591e-17	0.1779811830786227	663	+draw2231	True
0.09416547406587267	0.0	False	0.1278893473875605	inf			True	97.29781390631767	97.29781390631767	True	False	265.49008803918366	39.83347157377099	4.6418322460503625e-17	0.06878119839091629	601	+draw2253	True
0.004059457619664621	0.0499176763756891	True	0.004075966558700408	7.793535497757018	63.139981380272616	62.9354745991304	True	96.03404902316896	96.03404902316896	True	False	6158.45818389537	980.9797107130158	4.274383548649482e-18	0.08384485433468636	638	+draw2360	True
0.008518135623647503	0.02425474178599536	True		2.3146370350425203	129.53548745448035	129.5248855382061	True	99.90750956893186	99.90750956893186	True	False	2934.914528784515	599.6061940527503	3.1385847384569355e-18	0.029906485467770607	818	+draw2396	True
0.3137950398848558	0.0	False	0.37763592329003853	inf			True	99.32239774924791	99.32239774924791	True	False	79.6698380228493	14.085165161829071	7.83955603329582e-18	0.333187452511882	708	+draw2431	True
0.8953578347869118	2.00148826467854	True		1.263320320163455		1.5696283156046211	True	98.29742518362679	98.29742518362679	True	False	27.921797329164832	3.9658866924145095	6.892316064160342e-16	0.8277571866733202	569	+draw2563	True
0.12975542615026403	0.0	False	0.21397877764639392	inf			True	97.05916671651843	97.05916671651843	True	False	192.67016988598692	21.19901844206908	1.4710522892854938e-17	0.6176841206530543	441	+draw2688	True
0.16692954939613658	0.0	False	0.25420413493976507	inf			True	99.37407080068841	99.37407080068841	True	False	149.76377813536828	20.48531798950899	1.741438290087543e-17	0.553218827763037	548	+draw2734	True
0.00022809032366395503	0.02232172986959735	True	0.0002279982905630847	52.21871222231392	140.0350087521881	140.74145113048365	True	96.0606910492093	94.72478037875621	True	True	20000.0	14698.674668667167	1.0837208502311653e-17	0.007635110013683381	2939	+draw2863	True
0.0828513809419413	0.0	False	0.11957309225575564	inf			True	92.38853737503912	92.38853737503912	True	False	301.7451213941615	39.01030951757477	1.3696596658563394e-17	0.08208470487037255	518	+draw2878	True
0.09831591796024447	0.22701415322399485	True		1.6219689381160047	13.861852062741557	13.838752381619061	True	98.1407088565133	98.1407088565133	True	False	254.28232293074993	44.89205301053	6.816477282807114e-17	0.2320389691877638	707	+draw2913	True
0.2453088807932624	0.39794511858267057	True		1.1022755688922232		7.8945374798890695	True	96.09680364465208	96.09680364465208	True	False	126.31259967822511	17.403911583571404	1.0791581703038181e-16	0.397936148705503	552	+draw2924	True
3.318662827410925	0.0	False	4.349623407946168	inf			True	99.39794334406808	99.39794334406808	True	False	7.533154556560934	1.2696539562695848	6.213185499594517e-16	0.7250845883400349	675	+draw2949	True
0.16201966337520454	0.11504849861315627	True		0.3240810202550638		27.306681021133627	True	96.71764002767154	96.71764002767154	True	False	436.90689633813804	17.699154090217146	6.8086727148349224e-18	0.2185636934652645	163	+draw2985	True
0.02167788286582711	0.028303245756439166	True		0.7401850462615654		110.99761068481205	True	98.80739157889859	98.80739157889859	True	False	1775.9617709569927	164.31754319932168	6.449672842393839e-18	0.11065091643263507	371	+draw3088	True
0.4172473563218181	0.0	False	0.4944649976153127	inf			True	99.28264530613968	99.28264530613968	True	False	59.91649706395692	11.416946927415646	4.6866230441207e-17	0.0653416369173162	763	+draw3098	True
0.1802678634174637	0.0	False	0.22166592508541977	inf			True	99.48580347172478	99.48580347172478	True	False	138.6825112699377	23.512563801204738	3.203907039936636e-17	0.09027797221927573	679	+draw3133	True
0.02907131507144168	0.4556547116238977	True	0.029143593489813026	8.234056564985355	6.881354077430288	6.894678302334548	True	99.0786738479883	99.0786738479883	True	False	859.9542173638663	113.54234227759974	1.6706065277051994e-17	0.3484177696012431	529	+draw3163	True
0.04184219378753452	0.12632469540459873	True		1.3066877098854601		24.86918843166612	True	99.05083113181622	99.05083113181622	True	False	597.4830126485364	64.99252575696757	3.6549022813119836e-17	0.41464155952417014	436	+draw3205	True
0.9634386288539525	0.0	False	1.2722637480552088	inf			True	99.56736077709496	99.56736077709496	True	False	25.948720812386842	4.081456711925813	4.16873088650261e-17	0.17685331289629005	630	+draw3349	True
0.004596610219872764	0.08404560630275727	True	0.004602150016345847	10.733419019948563	37.40103495215055	37.37961794543836	True	94.71177036177866	94.71177036177866	True	False	5438.790500860003	802.4222044279575	2.90628919014852e-17	0.1599830925046658	591	+draw3409	True
0.17997991255417758	0.0	False	0.2085011914217125	inf			True	98.60311719454577	98.60311719454577	True	False	138.90439019118034	25.66900333865523	1.4507834263230427e-17	0.12823989188223672	740	+draw3456	True
0.2422713342388696	0.0	False	0.38040296577392274	inf			True	97.14441621184089	97.14441621184089	True	False	103.19008676177523	12.360102915451447	5.6574438321665e-18	0.19301215294550553	480	+draw3481	True
0.021622092397736707	0.02629673261761953	True		0.6701675418854713		119.46703414723241	True	98.82669705401175	98.82669705401175	True	False	1911.4725463557186	160.12585722159682	1.297596560205455e-17	0.11842138378673128	336	+draw3533	True
0.015846259774830403	0.14402463561652912	True	0.015739369888665138	4.186968958324625	21.69824071266858	21.812883887131637	True	88.65224401669417	88.65224401669417	True	False	1577.659356544757	182.6597354539191	6.34268088756224e-17	0.11990510761184886	464	+draw3539	True
0.007016438982952011	0.29847806966479906	True	0.00701860099172579	29.28940202485612	10.691855921635863	10.525371787340717	True	95.00430777386336	95.00430777386336	True	False	3563.0609858851512	616.5636914810013	4.772956180186675e-17	0.3659222201468023	693	+draw3572	True
0.09977128823063051	0.0	False	0.10134916062602578	inf			True	98.86076702203715	98.86076702203715	True	False	250.5730901480414	45.177093772627614	1.0730343259833279e-17	0.15398574200519344	722	+draw3587	True
1.2179921990811335	0.0	False	1.2225758925190386	inf			True	99.30671380619985	99.30671380619985	True	False	20.525583020039267	4.532155490546305	1.6338758992091353e-17	0.5495951796619954	884	+draw3705	True
0.06120429506590378	0.0	False	0.08358930740748768	inf			True	84.92654735367991	84.92654735367991	True	False	408.4680654042402	38.916312307830836	8.49478350465883e-19	0.013945112430821062	382	+draw3914	True
1.4869017624604306	0.0	False	1.7760246844835603	inf			True	99.48789194274656	99.48789194274656	True	False	16.813484677448756	3.081841527524366	7.905190577032188e-17	0.4212478059801462	734	+draw3923	True
0.27691116266074545	0.0	False	0.2765519392374418	inf			True	99.89251873679353	99.89251873679353	True	False	90.2816620311853	19.099346356184736	2.045255378649539e-17	0.29030234952699824	847	+draw3925	True
0.005878997796078117	0.0	False	0.009047132523485673	inf			True	98.37653984671708	98.37653984671708	True	False	4252.425475763491	515.7355228170275	1.1875697984912713e-19	0.010743592321405862	486	+draw4060	True
0.004811808022636518	0.27256223141414854	True	0.00481021325351421	35.73183980060518	11.692915792113325	11.526148128778178	True	95.78127868450179	95.06742674991406	True	False	5195.5522502956865	823.7009569110941	1.2531032887088188e-17	0.14060800704704565	635	+draw4187	True
1.0901873889246845	2.0709105279742643	True		1.1762940735183796		1.5170103252422282	True	97.67228022785228	97.67228022785228	True	False	24.27216520387565	3.568900510097245	3.5051078608333943e-17	0.31560579949771844	589	+draw4217	True
0.045641477759191876	0.46963299063934844	True	0.045665051327791084	6.726250012735183	6.711583337893114	6.689463296249472	True	95.75417122116689	95.75417122116689	True	False	547.7473830251952	89.9900051631791	1.0325667628079117e-16	0.6455738596941116	658	+draw4265	True
0.10081393058834374	0.0	False	0.12320726332944452	inf			True	99.51690332684498	99.51690332684498	True	False	247.98160188876255	43.34562133539511	9.039146794951126e-18	0.4700943321278896	700	+draw4269	True
0.022736967090861534	0.025459419127877334	True		0.6701675418854713		123.39608526849064	True	97.39736580422999	97.39736580422999	True	False	1974.3373642958502	165.39210228534878	1.652942713748747e-17	0.035526303055420747	336	+draw4320	True
0.936516704555776	0.0	False	1.0992692686743761	inf			True	97.70000230744598	97.70000230744598	True	False	26.69466532565312	4.672734615643207	2.626193756907333e-17	0.27021075296498653	701	+draw4390	True
3.4877279126663803	0.9212058650386524	True		0.12403100775193798		3.4103046591632116	True	96.69250244998439	96.69250244998439	True	False	54.564874546611385	0.8459670472342851	1.0214221005367443e-15	0.9834795467269754	63	+draw4459	True
0.04255909462230553	0.0	False	0.06783577493120665	inf			True	87.34131412090844	87.34131412090844	True	False	587.4185111752194	66.10110778415822	2.809912245192552e-17	0.07016972344357984	451	+draw4485	True
0.1419904931734809	0.08872037280734005	True		0.33808452113028253		35.4100479312896	True	98.14830789608142	98.14830789608142	True	False	566.5607669006336	23.943178196100792	1.3761324099875065e-17	0.14881338506339142	170	+draw4544	True
0.45094553408723664	0.0	False	0.6687581633215719	inf			True	99.44569173690397	99.44569173690397	True	False	55.43906771491318	8.17930731477839	1.8160192739041468e-18	1.248713311561015	591	+draw4592	True
0.2226355322814781	0.0	False	0.20858537194886342	inf			True	99.3899635846872	99.3899635846872	True	False	112.29115022121672	26.17038059669267	1.960607862624275e-18	0.059331623809300446	933	+draw4627	True
3.5828051605222058	0.0	False	3.1023175095502373	inf			True	99.34269535448377	99.34269535448377	True	False	6.97777268925117	1.7274305982392244	2.4722462690927264e-17	0.8932316999859294	991	+draw4640	True
0.25609426063644203	0.0	False	0.3121904152252612	inf			True	96.9073015086239	96.9073015086239	True	False	97.62030565570011	15.98932238171632	1.4346556903388484e-17	0.3151758738342045	656	+draw4644	True
0.0379432080593614	0.0	False	0.047692008236230474	inf			True	99.24867849324455	99.24867849324455	True	False	658.8794484875394	108.57753352170253	6.956555132527314e-18	0.08840218507535422	660	+draw4665	True
0.0026927667782261633	1.699314874220772	True	0.0026622232398964113	332.78192071193615	9.286452790896131	1.8487407491389045	True	96.69118707643283	96.69118707643283	True	False	9284.131177698402	1230.4549947937367	1.6882507723238887e-16	0.6218369423107192	531	+draw4676	True
0.25235401034536087	0.2288190862365248	True		0.6041510377594398		13.729591815354093	True	98.05387614237887	98.05387614237887	True	False	219.67346904566548	16.589494286519372	2.6617286101518887e-17	0.31938089856885776	303	+draw4714	True
0.14041763879640334	0.0	False	0.24007958400441962	inf			True	99.48742626844852	99.48742626844852	True	False	178.04031042174418	22.082519122076796	1.083878927851317e-17	0.09124966373051477	497	+draw4854	True
0.09615835485034559	0.0	False	0.13150002163656901	inf			True	99.42222231575003	99.42222231575003	True	False	259.9878090563043	41.478425150768224	5.910354437431517e-18	0.24605634711964705	639	+draw4882	True
0.41656123229624953	0.22524296780086459	True		0.2820705176294074		13.947572633509468	True	99.39788200841134	99.39788200841134	True	False	223.1611621361515	7.868398064815544	3.811224785276171e-17	0.3479230685438046	142	+draw4884	True
0.002096423676352343	0.012611656846031969	True	0.0020815539238575238	3.1902817151766856	250.48910138927795	249.1022941667049	True	98.16968875993626	98.16968875993626	True	False	11925.070433996703	1589.4129885772052	1.9481487278406242e-18	0.05448724262775369	534	+draw4922	True
-0.19461915530518906	0.1576982837408036	True	-0.05010388427059992	8.0	19.049754594481055	19.921539911958615	False	1.0	1.3059924967229732e-09	False	False	318.74463859133783	318.74463859133783	0.0	0.10475176518669792	4000	-draw2	True
-0.0018470662445579946	0.027400358915104867	True	-0.0020590897081249927	59.02471793688418	115.07607748818742	114.65516431092959	False	1.814890525206613	4.107933703401133e-12	False	False	13534.977466919458	13534.977466919458	6.640738458406028e-18	0.022377191411811992	4000	-draw28	True
-0.019856129007769507	0.030469720933777433	True	-0.007200492840578695	8.0	102.9249167877671	103.1053963512727	False	1.0	5.698007869087978e-07	False	False	1649.6863416203632	1649.6863416203632	2.7567014865992182e-18	0.056028428516251935	4000	-draw56	True
-0.00021245835805757882	0.0	False	-0.00021259801644401237	inf			False	1.0	0.005009434828605329	False	True	20000.0	20000.0	5.659289569736082e-19	0.13690794701165784	4000	-draw79	True
-0.0065221448356812105	0.0	False	-0.0046666054801323235	inf			False	1.0	3.8199238394313676e-08	False	False	3833.0948836386665	3833.0948836386665	1.2148089884948644e-17	0.06669070030379111	4000	-draw109	True
-0.168853709038836	0.0	False	-0.1038638901689574	inf			False	1.8113837765871923	2.1352336349563478e-07	False	False	148.0571563533144	148.0571563533144	2.7527685227647225e-16	0.11067696889551899	4000	-draw130	True
-0.0009659064226423177	0.0	False	-0.0005798728067822021	inf			False	1.0	2.417043780735099e-06	False	True	20000.0	20000.0	0.0	0.17383228782188437	4000	-draw150	True
-0.005025248729715565	0.0	False	-0.002614073411908391	inf			False	1.009464366144208	1.16907535343401e-06	False	False	4974.878129348839	4974.878129348839	1.831273502154305e-19	0.018307493592318893	4000	-draw175	True
-0.0009530947837528281	0.0	False	-0.000773942586979694	inf			False	1.0	6.999349139824686e-07	False	True	20000.0	20000.0	2.266700437680994e-17	0.4011602180213501	4000	-draw198	True
-0.006114493479330907	0.0	False	-0.003645882155471776	inf			False	1.0	5.040773610130742e-07	False	False	4088.646113452996	4088.646113452996	4.427864433102817e-17	0.5743503591498905	4000	-draw226	True
-0.000673205686011783	0.0	False	-0.0006352818188867043	inf			False	1.0	1.1142339200353717e-07	False	True	20000.0	20000.0	2.5870252228615374e-17	0.0065947147919297715	4000	-draw249	True
-0.003733279924464483	0.0	False	-0.0020553718432570244	inf			False	1.0	3.462729180688036e-07	False	False	6696.524371551405	6696.524371551405	1.8424654814291766e-16	1.1547408961172183	4000	-draw278	True
-3.96328449877581e-05	0.0	False	-3.631901478887472e-05	inf			False	1.0	0.4740130757199475	False	True	20000.0	20000.0	6.479043047730624e-18	0.16316851753528658	4000	-draw300	True
-0.02229005946988086	0.0	False	-0.013079130414701632	inf			False	1.0	5.943194133184833e-09	False	False	1121.5761911169825	1121.5761911169825	1.855614781435415e-17	0.2714522924429904	4000	-draw325	True
-0.06457921535272013	0.0	False	-0.043455459120327666	inf			False	1.0	7.065704657226679e-08	False	False	387.12145794052265	387.12145794052265	1.807451832200463e-16	2.5113504196729366	4000	-draw349	True
-0.05115998923340753	0.0	False	-0.03433913334981856	inf			False	1.1823442114298195	7.674503051871854e-08	False	False	488.66312082167076	488.66312082167076	4.37805420526185e-18	0.028293223279757307	4000	-draw372	True
-0.2164972963677564	0.08049403977762407	True	-0.02320628607250697	8.0	24.672423676566744	39.028885396594305	False	1.0	1.9394468413553685e-11	False	False	624.4621663455089	624.4621663455089	1.2889235598395378e-16	0.1092179908420145	4000	-draw396	True
-0.0005119366995067764	0.0	False	-0.0005098591405416142	inf			False	1.0	3.2624999879927246e-05	False	True	20000.0	20000.0	5.2869920882855636e-18	0.03771712286136535	4000	-draw422	True
-0.0005636311144761805	0.0	False	-0.0005928238505403256	inf			False	1.0	1.2197009383965916e-06	False	True	20000.0	20000.0	1.3435049384630399e-17	0.9702815320013888	4000	-draw446	True
-9.357053285142661e-06	0.0	False	-9.372841556913512e-06	inf			False	1.0	0.659024202111958	False	True	20000.0	20000.0	2.307234683688516e-16	0.04826101617143538	4000	-draw465	True
-0.0014891161099802354	0.0	False	-0.00062250818998957	inf			False	1.0	6.600058056364752e-07	False	False	16788.482665956664	16788.482665956664	3.6592953103993643e-17	0.4786820816955338	4000	-draw490	True
-0.00788294799350767	0.0	False	-0.004601892868813758	inf			False	1.0	1.8891423892543594e-07	False	False	3171.4023764446742	3171.4023764446742	1.1148444078411927e-18	0.11701867653035875	4000	-draw513	True
-0.012844428664632451	0.0	False	-0.0058797209286015764	inf			False	1.0	2.1903472420639053e-06	False	False	1946.3691731838805	1946.3691731838805	1.1707474625648804e-16	0.7246180938255727	4000	-draw537	True
-0.04479148632130803	0.0	False	-0.03636238464613093	inf			False	1.0	3.629661420640346e-09	False	False	558.1417821383413	558.1417821383413	1.2749370948422117e-16	3.449007545409404	4000	-draw569	True
-0.007132796209842862	0.0	False	-0.004629241591594526	inf			False	1.0	4.101366220327916e-08	False	False	3504.9368108262215	3504.9368108262215	1.4739644754259578e-17	0.17946139077642234	4000	-draw596	True
-0.0011414574122231196	0.0	False	-0.0006516459367778128	inf			False	1.0	1.3682062844182134e-06	False	True	20000.0	20000.0	0.0	0.008857440938783503	4000	-draw614	True
-0.003557813411883406	0.0	False	-0.0024346437189256527	inf			False	1.0	1.0450524906144102e-07	False	False	7026.787834487843	7026.787834487843	5.594260629526993e-19	0.20329697940975988	4000	-draw649	True
-0.0016892892468304277	0.0	False	-0.001343810533592486	inf			False	1.0	2.7575472814891304e-09	False	False	14799.123386895933	14799.123386895933	1.9125522521098046e-17	0.08587669358951276	4000	-draw680	True
-0.0004653610959610135	0.0	False	-0.0004524031292740891	inf			False	1.0	0.00014028421956054787	False	True	20000.0	20000.0	4.751403186527209e-17	0.19027783790151845	4000	-draw715	True
-0.3620480813093305	0.07453641905423117	True	-0.020538283242872792	8.0	19.477441619376183	42.148424802968265	False	1.0977831195298675	2.2403488700415765e-12	False	False	674.3747968474922	674.3747968474922	2.318027185626837e-16	0.1712675033588082	4000	-draw743	True
-0.011664605531885142	0.0	False	-0.00618543479593062	inf			False	1.0	3.4348699890121513e-07	False	False	2143.235785527648	2143.235785527648	1.9810400899633042e-16	0.8043987683764052	4000	-draw763	True
-0.0015364346987878051	0.0	False	-0.0005977839666452397	inf			False	1.0	4.50731100835546e-06	False	False	16271.436735791083	16271.436735791083	1.4175560464992955e-16	0.4421249612723263	4000	-draw787	True
-0.000773074906879348	0.0	False	-0.0007283522862274042	inf			False	1.0	2.7451991794239693e-06	False	True	20000.0	20000.0	5.64042593492617e-18	0.06578392346794586	4000	-draw811	True
-0.0025210865923686043	0.0	False	-0.0011939205132253112	inf			False	1.0	2.960147885892995e-06	False	False	9916.35911105777	9916.35911105777	2.0327397609977615e-17	0.3792098435918956	4000	-draw835	True
-0.00017634942047418597	0.0	False	-0.0001759408437061033	inf			False	1.0	0.018633484755860907	False	True	20000.0	20000.0	4.345069638213991e-18	0.10644480031983167	4000	-draw863	True
-0.004117123258553899	0.0	False	-0.0029951341386768205	inf			False	1.0	9.206919514442646e-09	False	False	6072.201007841823	6072.201007841823	3.7235498929320606e-17	0.21927991235298305	4000	-draw886	True
-0.20118217512144393	0.12784423047000662	True	-0.018686415620527773	8.0	12.093233244916917	24.573597432125325	False	3.624454058122671	2.0004870230291445e-06	False	False	393.1775589140052	393.1775589140052	1.254244927904072e-16	0.2033768937724387	4000	-draw920	True
-0.01577060987288445	0.0	False	-0.00951874958694228	inf			False	1.0129369138589488	1.442489702535528e-07	False	False	1585.227217051657	1585.227217051657	1.635470449655869e-18	0.019981931410658908	4000	-draw942	True
-0.00035762866200544723	0.0	False	-0.0003589501376239361	inf			False	1.0	0.0005991243444925029	False	True	20000.0	20000.0	1.0967859527422817e-16	0.1630152918802696	4000	-draw964	True
-0.008355490909519007	0.0	False	-0.0052183005321237135	inf			False	1.0	1.061466621477705e-08	False	False	2992.044425722336	2992.044425722336	2.061553010350705e-17	0.2313916795946503	4000	-draw989	True
-3.706780157221789e-05	0.0	False	-3.6971561268339235e-05	inf			False	1.0	0.12823654032190304	False	True	20000.0	20000.0	6.686459344233686e-18	0.07352126637901635	4000	-draw1016	True
-0.003810011128905201	0.0	False	-0.0023098168649836395	inf			False	1.0	5.088786543049675e-08	False	False	6561.660623596052	6561.660623596052	1.9877986421176584e-19	0.217771477764258	4000	-draw1039	True
-0.012268751332333717	0.0	False	-0.008329152489542576	inf			False	1.357745465448902	8.087537704622369e-08	False	False	2037.6971806506237	2037.6971806506237	2.364691947881987e-18	0.0514432955270636	4000	-draw1062	True
-0.0001534194926811061	0.0	False	-0.0001495118775614319	inf			False	1.0	0.05080113033622075	False	True	20000.0	20000.0	1.245978978257466e-17	0.23634122452586617	4000	-draw1080	True
-0.09516916596362704	0.2881058677858599	True	-0.08269812892750046	12.04525450223671	10.90436623408667	10.90429944288688	False	1.0	2.3939558887189715e-10	False	False	262.6901239163409	262.6901239163409	2.7668683468963478e-17	0.13952237704546852	4000	-draw1100	True
-0.0025017558853001427	0.01608477956302078	True	-0.0012482439628376178	25.58175430944501	194.91186503908943	195.3146228259401	False	1.0	2.3215575884125425e-07	False	False	9992.98138835024	9992.98138835024	9.4892917129906e-19	0.0012665245792192908	4000	-draw1121	True
-0.00025557205010770436	0.0	False	-0.0002546495772291388	inf			False	1.0421191763337416	0.006562090711329814	False	True	20000.0	20000.0	2.9659135229905446e-18	0.08987991004650428	4000	-draw1138	True
-0.028710904185779415	0.0	False	-0.01430537400585236	inf			False	1.1345479101388436	1.219950293533272e-06	False	False	870.7493096780479	870.7493096780479	1.5860041571376952e-17	0.048587503467356866	4000	-draw1179	True
-0.0064356567706923	0.0	False	-0.004135300638739953	inf			False	1.4360277365871252	2.9217413664786424e-07	False	False	3884.6074131623845	3884.6074131623845	2.595846341837528e-17	0.06757845295860349	4000	-draw1202	True
-0.008415515733859874	0.0	False	-0.00527473631033964	inf			False	1.0	1.8101397057221303e-08	False	False	2970.7032570104243	2970.7032570104243	7.216286593298157e-18	0.0055687652638691364	4000	-draw1222	True
-0.012656814538521563	1.2109494338840925	True		380.6814654082348	2.469643081083234	2.5943219144280922	False	2.35669760170441	8.064638508473277e-13	False	False	1975.2205362503666	1975.2205362503666	4.552846664669421e-17	0.2599182459852975	4000	-draw1245	True
-0.0031888581262956295	0.0	False	-0.001794423772879864	inf			False	1.0	6.05080027155989e-07	False	False	7839.796883356963	7839.796883356963	1.4411753097086337e-17	0.37366022921747	4000	-draw1270	True
-0.3686322602091927	0.0	False	-0.1876224747687008	inf			False	1.0	2.354725611248809e-07	False	False	67.81826415792507	67.81826415792507	7.354757466339692e-18	0.6399583378528241	4000	-draw1288	True
-0.12739709704045166	0.0	False	-0.08334876105811843	inf			False	1.554675669937842	3.567703523900836e-07	False	False	196.23681057710363	196.23681057710363	1.3077664494270093e-16	0.30080070623594646	4000	-draw1309	True
-6.85334441179403e-05	0.0	False	-6.895745034213724e-05	inf			False	1.0	0.12389892039918025	False	True	20000.0	20000.0	4.1468154409323915e-19	0.006375396356823371	4000	-draw1336	True
-0.0001792650957885833	0.0	False	-0.0001790803929985434	inf			False	1.0	0.02753681163956786	False	True	20000.0	20000.0	1.9397810947532614e-18	0.09860970195984695	4000	-draw1368	True
-0.8413178572247137	1.9134335291150588	True	-0.5577612822356819	9.04926722466714	1.6421800476305495	1.6418614003501568	False	1.0	3.84639516043496e-09	False	False	29.715285115269538	29.715285115269538	8.382688630995725e-17	0.25780956933956856	4000	-draw1396	True
-0.01552824211704864	0.0	False	-0.00951351154281108	inf			False	1.0	3.556485503080762e-08	False	False	1609.969744904493	1609.969744904493	1.3790400075535472e-17	0.07007523617990119	4000	-draw1420	True
-0.0002167812626725496	0.0	False	-0.00021534269422841104	inf			False	1.0	0.013573786206104641	False	True	20000.0	20000.0	7.38735852124338e-19	0.029296711661901304	4000	-draw1447	True
-0.00022032153420588774	0.0	False	-0.00022043613256217517	inf			False	1.0	0.005088544273146653	False	True	20000.0	20000.0	6.848640363316989e-18	0.06871915415140291	4000	-draw1471	True
-1.796719798872608e-05	0.0	False	-1.8002806254177724e-05	inf			False	1.0	0.16285422320288626	False	True	20000.0	20000.0	1.2131041984185848e-16	0.20453758304035244	4000	-draw1496	True
-0.0036564037433797214	0.0	False	-0.0032033411099294984	inf			False	1.0	7.494753697864687e-10	False	False	6837.319331943295	6837.319331943295	2.0209992543485647e-17	0.5239078005007867	4000	-draw1517	True
-0.003475279780724344	0.0	False	-0.0015118975186581003	inf			False	1.0	1.5057634237324216e-06	False	False	7193.665424770294	7193.665424770294	1.0605590586884954e-16	0.9956687392334349	4000	-draw1541	True
-0.7713371495792916	0.0	False	-0.4713376534093418	inf			False	1.0	9.107312891523735e-08	False	False	32.411248458129734	32.411248458129734	3.0658368156171247e-17	0.07713282495394096	4000	-draw1563	True
-0.0006812132762661349	0.0	False	-0.0006407523876868067	inf			False	1.0	1.6767470047009996e-06	False	True	20000.0	20000.0	1.0083783268042362e-17	0.1562670145315916	4000	-draw1589	True
-0.00041312909524000136	0.0	False	-0.00040562281164106513	inf			False	1.0	5.637677167927075e-05	False	True	20000.0	20000.0	1.4518535779037085e-16	0.9961462859526309	4000	-draw1615	True
-0.0016771455182952042	0.0	False	-0.0011105282504651995	inf			False	1.113924359184666	2.5089144078533828e-08	False	False	14906.279584738815	14906.279584738815	1.1901176910331774e-17	0.007189595959550296	4000	-draw1635	True
-0.06598041756233022	0.0	False	-0.047022478043911686	inf			False	1.0	6.005793501727501e-09	False	False	378.90029987129225	378.90029987129225	1.1863781487899481e-17	9.920802582499264e-06	4000	-draw1652	True
-0.00038779355642271085	0.0	False	-0.00038576347770039206	inf			False	1.0	0.0003517260338155423	False	True	20000.0	20000.0	1.5949323031545862e-17	0.20524316687842245	4000	-draw1672	True
-0.018337364476969	0.0	False	-0.018878189150426404	inf			False	1.0	5.15725331983978e-11	False	False	1363.3365924203015	1363.3365924203015	7.592049702189992e-18	0.42337701684087203	4000	-draw1693	True
-0.00452384107372622	0.0	False	-0.002280858171855834	inf			False	2.0002056456945345	2.4797667328232305e-06	False	False	5526.277248154493	5526.277248154493	4.695779283691687e-17	0.0807370223393426	4000	-draw1712	True
-0.012974992092810736	0.0	False	-0.007666128972058534	inf			False	1.0	5.71007160020608e-07	False	False	1926.7834478182192	1926.7834478182192	3.0136413009836156e-17	0.05030735141952325	4000	-draw1731	True
-0.00683390475987352	0.0	False	-0.004532396027300154	inf			False	1.0	6.518429667988568e-08	False	False	3658.2306716932785	3658.2306716932785	3.0454629180167817e-17	0.16774364207497766	4000	-draw1755	True
-0.18688375336826024	0.16285490306896697	True	-0.032337096643429104	8.0	15.976732296281249	19.290746513535236	False	2.921736144723852	4.772453579587255e-07	False	False	308.6519442165638	308.6519442165638	5.1465076547929037e-17	0.4590910271895704	4000	-draw1781	True
-0.004521344720535531	0.0	False	-0.00240799279989277	inf			False	1.0	9.362851757601119e-07	False	False	5529.328450992092	5529.328450992092	2.2798325084307733e-17	0.1394782812627038	4000	-draw1813	True
-9.071713657175306e-05	0.0	False	-9.124234700361778e-05	inf			False	1.0	0.049346683010014894	False	True	20000.0	20000.0	1.3583331470476866e-18	0.010479341854834784	4000	-draw1837	True
-0.0007679409333956329	0.0	False	-0.0007623675829048081	inf			False	1.0	1.966062729571431e-08	False	True	20000.0	20000.0	2.1632814508079057e-16	1.073716018194509	4000	-draw1864	True
-0.008338986868115406	0.0	False	-0.004693124372706433	inf			False	1.0	2.8307703228705533e-07	False	False	2997.9661073204147	2997.9661073204147	3.0122925007151133e-16	0.5212189679875808	4000	-draw1888	True
-3.8354189473288613e-05	0.0	False	-3.7394637266685326e-05	inf			False	1.0	0.4730681754821381	False	True	20000.0	20000.0	4.906475252203127e-19	0.2142107041957449	4000	-draw1910	True
-0.00023015999131854024	0.0	False	-0.00023042852128196716	inf			False	1.0	0.0037826593091549875	False	True	20000.0	20000.0	7.99202679437474e-17	0.43140205298997436	4000	-draw1934	True
-0.13553389424278967	0.0	False	-0.08230189196401111	inf			False	1.7568989224540243	7.504578570422488e-07	False	False	184.45570489707956	184.45570489707956	1.7635936081647344e-16	0.12835499974954603	4000	-draw1956	True
-0.0017164323202033156	0.0	False	-0.0007465279374214984	inf			False	1.0	3.8675000008585965e-06	False	False	14565.095113705787	14565.095113705787	6.56921079738852e-19	0.07255012742938384	4000	-draw1979	True
-0.0005441162151740189	0.0	False	-0.0005593545974494152	inf			False	1.0	1.0129717927648677e-05	False	True	20000.0	20000.0	1.0759397698032078e-16	0.029190941217853518	4000	-draw2001	True
-0.038246799774794775	0.0	False	-0.02335467989180925	inf			False	1.0	1.0997971443919671e-07	False	False	653.6494594895593	653.6494594895593	8.100112258956795e-17	0.05709469196209291	4000	-draw2026	True
-0.001253501549347294	0.0	False	-0.0006538706080884894	inf			False	1.0	7.343387964257813e-07	False	False	19944.13171090028	19944.13171090028	2.2966490983622978e-17	0.06545473540620933	4000	-draw2055	True
-0.0016811005212161887	0.0	False	-0.0007002921150379997	inf			False	1.0	1.226929127545631e-06	False	False	14871.210664971897	14871.210664971897	2.161386015306362e-18	0.025495887746613852	4000	-draw2076	True
-0.0017034556386622268	0.0	False	-0.0014334273768757627	inf			False	2.9044037442175807	7.784885446443776e-09	False	False	14676.049926156707	14676.049926156707	1.7672351959582086e-17	0.0055940568506295165	4000	-draw2102	True
-0.012662957957306847	0.2319096785309195	True	-0.0037482516984145117	72.86917443280004	13.82329164563248	13.54662157047895	False	1.0	0.00010859183100231274	False	False	1974.2622603887244	1974.2622603887244	5.125283990905293e-18	0.010352597086235761	4000	-draw2128	True
-0.005158223023748687	0.0	False	-0.002988624340146504	inf			False	1.0	1.0287328311156129e-07	False	False	4846.63029979489	4846.63029979489	7.256752315534642e-17	1.2719917988192708	4000	-draw2149	True
-0.0006782743130325308	0.0	False	-0.0007102498888326607	inf			False	1.0	4.2252663417850836e-07	False	True	20000.0	20000.0	2.9230032334847603e-18	0.004503268384021117	4000	-draw2167	True
-0.001675509145723229	0.0	False	-0.001050427192174263	inf			False	1.005745282155096	1.0449030830525581e-07	False	False	14920.837683168133	14920.837683168133	1.0989646074819444e-16	0.17788636733725968	4000	-draw2193	True
-2.4033604286499005e-05	0.0	False	-2.1261036795707867e-05	inf			False	1.443950356148113	0.9438689328706982	False	True	20000.0	20000.0	4.897790101550308e-17	0.05902259575512739	4000	-draw2215	True
-0.004092800518205618	0.0	False	-0.0024407097854241173	inf			False	1.239300049335313	2.7247838911738616e-07	False	False	6108.286951390585	6108.286951390585	5.503136916850719e-18	0.036676315702439996	4000	-draw2232	True
-0.006492332288417358	0.0	False	-0.0037457942656152344	inf			False	1.0940490704384516	2.4778029180121483e-07	False	False	3850.696312109785	3850.696312109785	9.17619240396322e-19	0.000462814575227555	4000	-draw2252	True
-0.0022937767709472617	0.0	False	-0.0013270579389972194	inf			False	1.0	1.2397456154507935e-07	False	False	10899.055355624576	10899.055355624576	1.0310688443882593e-17	0.073052557429948	4000	-draw2278	True
-0.145348838406605	0.3493822883503373	True	-0.11525454482714607	9.564217855006131	8.989247237779548	8.99184863784398	False	1.0050372672421157	1.9806617616224565e-09	False	False	171.9999985831599	171.9999985831599	2.0319181739049054e-17	0.030540393801089995	4000	-draw2301	True
-0.001056362940024154	0.0	False	-0.0006897157062091614	inf			False	1.0	2.050467711767872e-06	False	True	20000.0	20000.0	2.177813613628591e-18	0.11733876575878793	4000	-draw2327	True
-0.0014665879391256229	0.0	False	-0.0008705139573772334	inf			False	1.0	6.421247954711666e-07	False	False	17046.3695582448	17046.3695582448	3.415516464841693e-18	0.0877690352767815	4000	-draw2351	True
-0.1250440095869575	0.6791892870060471	True	-0.10648689989577637	21.61165750345293	4.649525801017262	4.625503837727379	False	2.350270907087118	5.072681730092219e-09	False	False	199.92960944374246	199.92960944374246	1.0079908853040445e-16	0.3247259675307028	4000	-draw2386	True
-0.0006367663345050456	0.0	False	-0.0005771027696729722	inf			False	1.0	6.251745118529952e-06	False	True	20000.0	20000.0	1.0948631670811398e-17	0.07141998607864446	4000	-draw2413	True
-0.0004305505606244202	0.0	False	-0.0004260666275696889	inf			False	1.0	5.665979707742841e-05	False	True	20000.0	20000.0	5.249242477070789e-18	0.04039191464552226	4000	-draw2444	True
-1.093726309434642e-06	0.0	False	-1.3903202093701178e-06	inf			False	1.0	0.2578936528034014	False	True	20000.0	20000.0	5.965412221278663e-18	0.018158075494483318	4000	-draw2466	True
-0.026699050118932813	0.0	False	-0.021987969602733498	inf			False	1.0	1.608684935207856e-09	False	False	936.3629001269979	936.3629001269979	5.329228924158279e-18	0.011368901500654083	4000	-draw2488	True
-0.001104330471568142	0.0	False	-0.0005673569960204805	inf			False	1.0	4.513280370408136e-07	False	True	20000.0	20000.0	7.535764816511447e-17	0.3530264136978406	4000	-draw2511	True
-0.0008419746299295702	0.0	False	-0.0007427571136170276	inf			False	1.0	1.6145044453316288e-07	False	True	20000.0	20000.0	2.8673374393145676e-17	0.09095739557787472	4000	-draw2538	True
-0.002060825504881736	0.0	False	-0.0014911695614766175	inf			False	1.0	4.697694296301706e-08	False	False	12131.061043634876	12131.061043634876	3.1027539085387137e-17	0.16536699065033306	4000	-draw2559	True
-2.590792115141004e-06	0.0	False	-2.689666520804645e-06	inf			False	1.0	0.22382684655398108	False	True	20000.0	20000.0	6.134260021850949e-17	0.06022551878968987	4000	-draw2597	True
-0.020450905247151964	0.0	False	-0.015500386430187101	inf			False	1.0	2.327294162087887e-09	False	False	1222.4397745660453	1222.4397745660453	3.580619260659405e-17	1.4775696696969975	4000	-draw2617	True
-3.5055425427280436e-05	0.0	False	-3.6236536907981375e-05	inf			False	1.0	0.008148710630857469	False	True	20000.0	20000.0	9.041827045739691e-18	0.01385942914037498	4000	-draw2641	True
-0.031851028608715026	0.0	False	-0.017807264149927587	inf			False	1.3077070506923005	1.5943905869898153e-06	False	False	784.9040075634964	784.9040075634964	1.6828892902302667e-16	0.022754462952657924	4000	-draw2670	True
-0.011127113053579385	0.0	False	-0.006184480429411211	inf			False	1.0	4.960362321609624e-07	False	False	2246.764266671845	2246.764266671845	4.793391377441243e-18	0.5029157002008783	4000	-draw2692	True
-0.0010310325857096903	0.0	False	-0.0007468485503312786	inf			False	1.0	1.1617368255092e-06	False	True	20000.0	20000.0	8.639616536345906e-17	0.11171208392930956	4000	-draw2717	True
-0.022542169365690642	0.0	False	-0.012897909316510848	inf			False	1.1851590746669385	1.0910713017771618e-06	False	False	1109.0325688906496	1109.0325688906496	3.163643623731216e-17	0.3350424003137636	4000	-draw2738	True
-0.22501133604449114	0.6408784515643121	True	-0.18599169497614712	11.332648310146917	4.889865053508398	4.902010117396706	False	1.0	7.404421377561208e-10	False	False	111.10551334647775	111.10551334647775	8.629406612025239e-17	0.17986991872087107	4000	-draw2757	True
-9.656431048366552e-05	0.0	False	-9.657091751824034e-05	inf			False	1.0	0.006451267788398214	False	True	20000.0	20000.0	1.4967229651548924e-17	0.14518061431330953	4000	-draw2776	True
-0.17226527092315824	0.0	False	-0.09793303711848297	inf			False	1.0310925744747608	8.227800845518707e-07	False	False	145.12501484499253	145.12501484499253	3.095377973458483e-17	0.1373618177592272	4000	-draw2798	True
-1.048217813690132	1.6503969011437376	True	-0.6253047779856835	8.0	1.9040136623948696	1.9035376589792707	False	1.201135624341935	2.6559722887634984e-08	False	False	30.456602543668332	30.456602543668332	4.277277091013894e-16	0.6012985268398343	4000	-draw2825	True
-0.011466411782060433	0.041917386483349105	True	-0.008147174493726738	14.545437986877385	74.69329833147737	74.9472454547645	False	1.0	1.7093568464076117e-09	False	False	2180.28102209911	2180.28102209911	2.0017585666964707e-17	0.046257244452151	4000	-draw2847	True
-0.007023974084282847	0.0	False	-0.003935248075741964	inf			False	1.0	7.997068740196629e-07	False	False	3559.2386446785304	3559.2386446785304	5.923171513191141e-17	0.7258587070472946	4000	-draw2874	True
-0.00020890160453155562	0.0	False	-0.00020899048203401407	inf			False	1.0	0.005439269689144703	False	True	20000.0	20000.0	3.529025374165576e-16	1.103419718683072	4000	-draw2902	True
-0.4122683290153225	0.0	False	-0.2536052900877458	inf			False	1.0	1.3301435273320226e-07	False	False	60.64011771098439	60.64011771098439	2.3890195692029052e-17	0.06161019790850347	4000	-draw2927	True
-0.000323221652558501	0.0	False	-0.00032230865573413625	inf			False	1.0	0.0008542926108658488	False	True	20000.0	20000.0	1.7899437114723117e-16	0.3930950425720549	4000	-draw2951	True
-0.11270208642096642	0.0	False	-0.07553771009534775	inf			False	1.0	3.7548524448372683e-08	False	False	221.8237549446924	221.8237549446924	1.2370919543824158e-16	0.5672918879728414	4000	-draw2972	True
-0.6180940533831853	0.5384932402825964	True	-0.16477563400846873	8.0	5.77714673639675	5.834042878497628	False	1.40557497800181	3.111774468271181e-08	False	False	93.34468605596204	93.34468605596204	1.7156104256689975e-16	0.308545046030816	4000	-draw3007	True
-0.0035703838172301827	0.0	False	-0.001680750709964827	inf			False	1.0	1.8947457810486711e-06	False	False	7002.048317425546	7002.048317425546	2.2723659600505267e-16	1.5963431247157156	4000	-draw3031	True
-2.956081291391119e-05	0.0	False	-2.8982873206983166e-05	inf			False	1.0823081336452816	0.6072882730331145	False	True	20000.0	20000.0	6.117788200553915e-18	0.00264556074124366	4000	-draw3068	True
-0.0001798451959783686	0.0	False	-0.0001800378120501168	inf			False	1.0	0.006962970124885687	False	True	20000.0	20000.0	7.072176102914205e-18	0.03711204250247319	4000	-draw3091	True
-0.0005239648325141878	0.0	False	-0.00051448384859998	inf			False	1.0	1.1750458488273785e-05	False	True	20000.0	20000.0	1.9474932822770936e-17	0.4063256260562562	4000	-draw3113	True
-0.0002360055572738889	0.0	False	-0.00023630230206476307	inf			False	1.0	0.00015563394518047007	False	True	20000.0	20000.0	7.249855688512617e-19	0.11211088811731351	4000	-draw3136	True
-0.0012080734911150554	0.0	False	-0.0007497528595897301	inf			False	1.0	2.772609386460273e-07	False	True	20000.0	20000.0	3.5391665243682637e-17	0.2199677671209153	4000	-draw3157	True
-0.002317788209188718	0.0	False	-0.0009410623164365937	inf			False	1.0	1.703143542990753e-07	False	False	10786.145127880603	10786.145127880603	5.847099402749102e-17	0.005530571955284416	4000	-draw3186	True
-0.0010275086498559016	0.0	False	-0.0007402391231037434	inf			False	1.0	7.195130758226523e-07	False	True	20000.0	20000.0	3.361634131828611e-17	0.28545218840093894	4000	-draw3210	True
-0.00017571172442532035	0.0	False	-0.00017530112935934474	inf			False	1.0	0.02981185179544817	False	True	20000.0	20000.0	6.511609372262852e-19	0.03438751977770139	4000	-draw3235	True
-0.0035663854690763455	0.0	False	-0.0017282878903231934	inf			False	1.0	5.542856162211477e-07	False	False	7009.89845791255	7009.89845791255	5.639561347083087e-17	0.46444480023111556	4000	-draw3255	True
-0.00011455983591872587	0.0	False	-0.00011451550225777405	inf			False	1.0107940493661627	0.10332993007265433	False	True	20000.0	20000.0	5.888902901532562e-18	0.010496011850828619	4000	-draw3274	True
-0.024041936717694362	0.0	False	-0.015339903729362265	inf			False	1.0	7.192118838890067e-08	False	False	1039.8496715782687	1039.8496715782687	3.6628812970988647e-19	1.1360544161874497e-05	4000	-draw3298	True
-0.0015725011708561665	0.0	False	-0.0008289658787553711	inf			False	1.0	1.3724148700722065e-06	False	False	15898.239354816162	15898.239354816162	3.7523908820305844e-17	0.13369567056402842	4000	-draw3319	True
-0.0002491039659179176	0.0	False	-0.0002492716190077417	inf			False	1.0	0.0006617613019631709	False	True	20000.0	20000.0	5.196324986107296e-18	0.01903063270262398	4000	-draw3354	True
-0.0011944714772009757	0.0	False	-0.000977831175429298	inf			False	1.0	6.100721711207352e-09	False	True	20000.0	20000.0	5.744632652435129e-18	0.07786158589031586	4000	-draw3379	True
-0.024479091684046432	0.0	False	-0.014177428619083218	inf			False	1.0	1.157116578581861e-09	False	False	1021.2797240468303	1021.2797240468303	2.5154240811753263e-18	0.009690274699791298	4000	-draw3400	True
-0.0018570768859150562	0.0	False	-0.0009521411276896847	inf			False	1.0	2.2391283584260837e-08	False	False	13462.016672336911	13462.016672336911	5.744248726448461e-17	0.026409123531096874	4000	-draw3424	True
-0.00010486280723160908	0.0	False	-0.00010664320274667913	inf			False	1.0	0.0016925136702121166	False	True	20000.0	20000.0	1.3258015682231432e-17	0.201531348793892	4000	-draw3447	True
-0.017537927552078184	0.0	False	-0.01070339555294736	inf			False	1.007481885794138	2.0600614217355232e-07	False	False	1425.4819975600587	1425.4819975600587	0.0	0.018403997444223014	4000	-draw3466	True
-2.3175351983409183e-05	0.0	False	-2.3222800225899896e-05	inf			False	1.0	0.22378047224393346	False	True	20000.0	20000.0	3.298304922433226e-18	0.052099672578417446	4000	-draw3486	True
-0.010399361790078665	0.0	False	-0.007899335701652526	inf			False	1.0	6.243988235528293e-09	False	False	2403.9936781361744	2403.9936781361744	2.0665108398262262e-16	0.9248290955248715	4000	-draw3516	True
-1.9450368398526872e-06	0.0	False	-1.9895851524165893e-06	inf			False	1.0	0.5050540592568596	False	True	20000.0	20000.0	9.436012276931326e-16	0.08077603275936761	4000	-draw3544	True
-0.004963829140889053	0.0	False	-0.0030262421267357015	inf			False	1.0	8.223867351010712e-08	False	False	5036.43443205266	5036.43443205266	1.3905958963672555e-16	0.4489494070455643	4000	-draw3568	True
-0.000714174073635299	0.0	False	-0.0006455352076388325	inf			False	1.007646875671068	3.699480663916537e-06	False	True	20000.0	20000.0	3.0009892343463016e-17	0.09193962091223898	4000	-draw3599	True
-0.0011195354814499403	0.0	False	-0.0009198015727536106	inf			False	1.0	1.8954309522371904e-08	False	True	20000.0	20000.0	3.1064092310841724e-18	0.07648701082756486	4000	-draw3622	True
-0.0004561350414936977	0.0	False	-0.00044529289600723777	inf			False	1.0	9.289944444728744e-05	False	True	20000.0	20000.0	3.953797397074418e-17	0.17902004671265903	4000	-draw3644	True
-0.0020781944870307462	0.0	False	-0.00117414842871806	inf			False	1.0	3.782776059524909e-08	False	False	12029.672947366515	12029.672947366515	4.914147850895409e-18	0.023827869496680323	4000	-draw3671	True
-0.0006056669919723829	0.0	False	-0.0005663809430546857	inf			False	1.0	2.1533377252674756e-05	False	True	20000.0	20000.0	1.9622796474144248e-17	0.25475557949380095	4000	-draw3690	True
-0.16745052238135327	0.0	False	-0.12077323040163933	inf			False	1.0	1.2508206432591186e-08	False	False	149.2978322460218	149.2978322460218	4.111463408043428e-17	4.209988364063993	4000	-draw3712	True
-0.008544501783487271	0.0	False	-0.004952894065931035	inf			False	1.0	1.9498624237220714e-06	False	False	2925.8581288278156	2925.8581288278156	1.3262230553783974e-17	0.06909716878730693	4000	-draw3732	True
-0.16962844254340864	0.18125336401707012	True	-0.06039991463881262	8.0		17.332603290573537	False	1.0	1.5814979204581284e-09	False	False	277.3216526491766	277.3216526491766	6.835105535891911e-17	0.010525120230171946	4000	-draw3754	True
-0.0013859731219504085	0.0	False	-0.000755447327184138	inf			False	1.663087323283641	2.6089881813768083e-06	False	False	18037.867837450405	18037.867837450405	4.973258859315594e-18	0.11650517582762074	4000	-draw3778	True
-0.00021122091035492537	0.0	False	-0.0002113228319242936	inf			False	1.0043218440140398	0.014728001132034532	False	True	20000.0	20000.0	2.8625714640673092e-18	0.03839373498860489	4000	-draw3797	True
-0.06154890505070537	0.0	False	-0.038406111419013525	inf			False	1.0	8.774753766246967e-08	False	False	406.181068199417	406.181068199417	1.0303836091853526e-18	0.03330895354916937	4000	-draw3816	True
-0.0018865642960021606	0.0	False	-0.0009592448439274521	inf			False	1.0	4.7274582462947416e-07	False	False	13251.602425095067	13251.602425095067	3.278660943068341e-17	0.4908612468446886	4000	-draw3847	True
-0.03706882347957314	0.0	False	-0.030865944550013968	inf			False	1.0	1.5350309181150355e-11	False	False	674.4211888401667	674.4211888401667	1.2027869983852975e-17	0.008678100964726857	4000	-draw3871	True
-0.003038963691130942	0.0	False	-0.0012173803919243648	inf			False	1.0	5.931101435765678e-07	False	False	8226.48854705346	8226.48854705346	2.081366254146594e-18	0.20282227088918622	4000	-draw3893	True
-0.00015537561759438521	0.0	False	-0.000158867243500704	inf			False	1.0	0.0010221023529059646	False	True	20000.0	20000.0	2.2149152452207216e-18	0.019012081460749567	4000	-draw3915	True
-0.01746515991622634	0.017234488130444318	True	-0.006595035277770568	8.0	172.8496115869927	182.28523120685225	False	1.0	3.0620102570299154e-10	False	False	2916.563699309636	2916.563699309636	3.939833952514808e-18	0.004377613743613984	4000	-draw3940	True
-5.037522687424863e-06	0.0	False	-4.815390177121538e-06	inf			False	1.0	0.8106708945033042	False	True	20000.0	20000.0	6.715690952358969e-18	0.4397409693631738	4000	-draw3960	True
-0.0021016904335872367	0.0	False	-0.0009652874971115543	inf			False	1.0	4.966209355047849e-07	False	False	11895.186655690843	11895.186655690843	1.4798655779950286e-18	0.040998433307261044	4000	-draw3995	True
-0.014221543999043518	0.0	False	-0.00793878048303553	inf			False	2.2059195816933195	5.984663463134266e-07	False	False	1757.8963297994505	1757.8963297994505	3.5737847411062355e-16	0.5327791823161723	4000	-draw4016	True
-0.011762297370005219	0.0	False	-0.006373797625105066	inf			False	1.008372348030284	1.1337973335488856e-06	False	False	2125.4351266234744	2125.4351266234744	2.9846096890026286e-19	0.04074260871994591	4000	-draw4039	True
-0.0025056413075685013	0.0	False	-0.001062278522472096	inf			False	1.0526723645174112	1.8739624070477274e-06	False	False	9977.485574046606	9977.485574046606	0.0	0.008946826456784275	4000	-draw4057	True
-0.0009558828485380921	0.0	False	-0.0006805746228256387	inf			False	1.0	5.330557931952657e-06	False	True	20000.0	20000.0	5.0806125580838736e-17	0.3141420907673453	4000	-draw4080	True
-0.00041630252708180215	0.0	False	-0.0004137223998650333	inf			False	1.0	0.00025521571076126705	False	True	20000.0	20000.0	3.67503639918054e-20	0.02477173786700006	4000	-draw4103	True
-0.002160331906746471	0.0	False	-0.0013187362253756407	inf			False	1.0	5.025447801050628e-07	False	False	11572.295868948582	11572.295868948582	3.0619596488434694e-18	0.47543801620247744	4000	-draw4132	True
-0.14084343340832106	0.0	False	-0.08151382792581435	inf			False	1.0888648692672933	5.090579894644216e-07	False	False	177.50206307114206	177.50206307114206	8.094973190855559e-17	0.284768160589017	4000	-draw4153	True
-0.019281260884207077	0.0	False	-0.01073600827159622	inf			False	1.0	7.333761540893545e-10	False	False	1296.5957024354686	1296.5957024354686	9.098621630510666e-18	0.0024509792748507006	4000	-draw4173	True
-0.00013434470951978613	0.0	False	-0.00013436801721052378	inf			False	1.0	0.06337013330166316	False	True	20000.0	20000.0	4.67950227570585e-18	0.015233481716837817	4000	-draw4192	True
-0.0002863247548798853	0.0	False	-0.00028584382411543495	inf			False	1.0	0.0029144936018951524	False	True	20000.0	20000.0	4.223740527078448e-18	0.03216277498921794	4000	-draw4208	True
-0.0003711539683798964	0.0	False	-0.0003732203181029359	inf			False	1.0	2.441223614027508e-05	False	True	20000.0	20000.0	4.448169724248354e-18	0.0005767197315279603	4000	-draw4238	True
-0.1700085707139335	0.0	False	-0.10164965765231242	inf			False	1.0905211513406827	5.574956308469902e-08	False	False	147.05140979078334	147.05140979078334	4.880996627095339e-17	0.15062516051681116	4000	-draw4262	True
-5.07502054052881e-07	0.0	False	-6.594937787058231e-07	inf			False	1.0	0.1250003110099022	False	True	20000.0	20000.0	1.612791987013263e-17	0.052366096285734465	4000	-draw4297	True
-0.0007276826072519088	0.0	False	-0.0007128115343171165	inf			False	1.0	5.931872373786123e-07	False	True	20000.0	20000.0	1.859241142202522e-18	0.16875496619964528	4000	-draw4319	True
-0.00032045015898182397	0.0	False	-0.00032131917655748806	inf			False	1.0	0.0009544952143909699	False	True	20000.0	20000.0	6.54006194487765e-18	0.04852065880994775	4000	-draw4345	True
-1.1495209287972624e-06	0.0	False	-2.8148652779104453e-06	inf			False	1.0	0.030974413604841388	False	True	20000.0	20000.0	3.957015327084134e-18	0.04812773304656558	4000	-draw4371	True
-0.002378527845765843	0.0	False	-0.001307605974804424	inf			False	1.0	5.012533473751539e-07	False	False	10510.70309918968	10510.70309918968	7.262987800372394e-18	0.02477492798662992	4000	-draw4393	True
-0.17440213863390663	0.0	False	-0.10861384713228366	inf			False	1.8829771821117178	5.547332963403345e-07	False	False	143.3468660179583	143.3468660179583	4.627820602600435e-16	0.6375960168059389	4000	-draw4426	True
-0.5531655775321992	0.7907747091392868	True	-0.28619484181210325	8.0	3.9817446970139896	3.97280365353267	False	1.3940065202572027	1.8039901243000306e-09	False	False	63.56485845652272	63.56485845652272	6.302545495750753e-16	0.9334815327300594	4000	-draw4450	True
-0.013589625826846162	0.0034543199941262873	True	-0.0008386781365436883	8.0	454.84758990121327	909.4677560074763	False	1.0	5.891898572095253e-14	False	False	14551.48409611962	14551.48409611962	5.212019338825464e-19	0.007740358543285664	4000	-draw4482	True
-0.19019069692533797	0.0	False	-0.09492224044093127	inf			False	1.025298756250058	1.2042126439092806e-06	False	False	131.4470181988665	131.4470181988665	6.908796994865458e-17	0.2724961864925274	4000	-draw4504	True
-6.80489022547542e-05	0.0	False	-6.824228357480623e-05	inf			False	1.0	0.012835814356693388	False	True	20000.0	20000.0	1.2095158556638424e-16	0.034718371289724305	4000	-draw4533	True
-0.056825383003468885	0.1794426296131094	True	-0.02427538681494394	12.564447433020861	16.50203454943997	17.507504545398618	False	1.0	8.03166770269974e-06	False	False	439.9442410880695	439.9442410880695	3.669338729178172e-17	0.03266335568271674	4000	-draw4562	True
-8.538134532080319e-07	0.0	False	-8.478917984032659e-07	inf			False	1.0	0.9660495650684298	False	True	20000.0	20000.0	1.6910924256394643e-16	0.02469039994857047	4000	-draw4586	True
-5.625247784322388e-05	0.0	False	-5.613046719789621e-05	inf			False	1.0	0.20085241861631162	False	True	20000.0	20000.0	7.697123843284315e-19	0.028516597986185596	4000	-draw4613	True
-0.00012821404274404965	0.0	False	-0.00012936939455039572	inf			False	1.0	0.019598549579347428	False	True	20000.0	20000.0	3.36200090983555e-19	0.013763772371194825	4000	-draw4639	True
-7.302977211359795e-05	0.0	False	-7.226014086413149e-05	inf			False	1.0	0.011849860765581479	False	True	20000.0	20000.0	3.2692137714992203e-19	0.0333763860934391	4000	-draw4672	True
-0.004699716369700513	0.0	False	-0.002648223472742943	inf			False	1.4385156944990345	2.166610412762488e-06	False	False	5319.469949543596	5319.469949543596	7.505243557691983e-17	0.12062551029609463	4000	-draw4696	True
-0.0008827461303166154	0.0802551376757412	True	-0.00031978193603278025	255.46003739229633	40.01000250062498	39.145065905723385	False	2.0125448818072877	0.003736110696840052	False	True	20000.0	20000.0	1.664659506544549e-18	0.05650835710685009	4000	-draw4718	True
-0.004109113645697167	0.0	False	-0.0022870601157040592	inf			False	1.0	1.683212295116578e-07	False	False	6084.037131992832	6084.037131992832	2.8258941194526446e-17	0.19535764596241276	4000	-draw4735	True
-0.008023181765053653	0.0612443420953864	True	-0.006198438504909285	30.372426009803267	51.42637458182253	51.29604704867019	False	1.0	8.187381453757659e-11	False	False	3115.970787162245	3115.970787162245	1.049147306046672e-17	0.0249012207959732	4000	-draw4755	True
-3.655497542090416e-06	0.0	False	-3.874981702783643e-06	inf			False	1.0	0.050064456938324335	False	True	20000.0	20000.0	3.850876216871036e-17	0.009109086713079953	4000	-draw4785	True
-3.0766953477500726e-05	0.0	False	-3.068868510082259e-05	inf			False	1.0	0.5361754732538907	False	True	20000.0	20000.0	5.3452863074195e-18	0.030609721954761724	4000	-draw4808	True
-6.556518079433525e-05	0.0	False	-6.55970281672486e-05	inf			False	1.0	0.025896449036198713	False	True	20000.0	20000.0	6.276831524164687e-17	0.26972801589698564	4000	-draw4834	True
-1.092446238396029e-09	0.0	False	-6.251376700580697e-08	inf			False	1.0	0.44066892720442097	False	True	20000.0	20000.0	2.168070229809309e-15	0.006244030422312939	4000	-draw4861	True
-0.00027917687709050364	0.0	False	-0.00027941384341927827	inf			False	1.0	0.0001280793746161741	False	True	20000.0	20000.0	1.5024850710096204e-17	0.08925813444237442	4000	-draw4886	True
-0.00043743284003383565	0.0	False	-0.0004281121311557447	inf			False	1.0	0.0002083167932155452	False	True	20000.0	20000.0	1.2263589187125343e-18	0.07601655775308466	4000	-draw4911	True
-0.003939049104311013	0.0	False	-0.0023167894541782307	inf			False	1.037258760887266	5.690077990285053e-07	False	False	6346.709405739383	6346.709405739383	1.7204036056071256e-17	0.028810723082829937	4000	-draw4942	True
-0.11413208636238603	0.0	False	-0.08021738974086208	inf			False	1.0	2.2029972095678437e-08	False	False	219.04444925874176	219.04444925874176	9.727139670689516e-19	0.00158234844530349	4000	-draw4966	True
-0.0169471683162324	0.0	False	-0.009609031285212385	inf			False	1.0405448680476834	4.5683619019655665e-07	False	False	1475.1726974974579	1475.1726974974579	8.566611785619501e-17	0.1753989037238931	4000	-draw4991	True
