tr_max	tr_at_low_j	det_at_low_j	j_lo	j_hi	j_crit	n_points	n_cross	u_at_trmax	a_at_trmax	det_at_trmax	j_at_trmax	G_absmax	j_at_first_cross	det_at_first_cross	at_u_edge	at_a_edge	fold_is_j_max	lowj_at_edge	frac_of_path	n_proj_fail	path_count	name	traced
-0.35119205422789584	-0.9420920339725309	0.1946808418096369	0.0015582088097157033	0.23485903819571008	0.2349982694294005	211	0	0.5004311356744842	0.3446317854067291	0.0027850478283327506	0.23485903819571008	2.0816681711721685e-17			0	1	1	1	0.8210116731517509	0	1	nu=0.01,chi=0.1	True
-0.3472361609833924	-0.9079842193648137	0.1790394849117784	0.0015142811114484081	0.2262052655721219	0.22631564830604398	211	0	0.4983814848687622	0.3316545077756055	0.002375432362077702	0.2262052655721219	3.469446951953614e-17			0	1	1	1	0.82421875	0	1	nu=0.01,chi=0.167	True
-0.34336651203761803	-0.8756558238166927	0.164751681248903	0.0014715215244220927	0.21767296459945376	0.21775902883544973	211	0	0.49605902587929496	0.3177289063139856	0.002010120155965827	0.21767296459945376	2.7755575615628914e-17			0	1	1	1	0.8274509803921568	0	1	nu=0.01,chi=0.233	True
-0.3395904035247367	-0.8449716524594423	0.15167442184162525	0.0014298360251023838	0.20928050053493175	0.2093455102407629	211	0	0.4933529015704237	0.3030791102896745	0.0016757652697573593	0.20928050053493175	2.0816681711721685e-17			0	1	1	1	0.8307086614173228	0	1	nu=0.01,chi=0.3	True
-0.3358921639765516	-0.8158098459972245	0.13968269126858587	0.0013891376255460788	0.20104656777253693	0.2010924720605201	211	0	0.4901438125542707	0.2880618097522945	0.0013519178860225654	0.20104656777253693	2.0816681711721685e-17			0	1	1	1	0.8373015873015873	0	1	nu=0.01,chi=0.367	True
-0.33225261302065806	-0.7880602783583976	0.1286668466524156	0.0013493460366509422	0.19298768439297784	0.19301659304506433	211	0	0.4863384778317702	0.2729573742846162	0.001030636130458074	0.19298768439297784	2.42861286636753e-17			0	1	1	1	0.8406374501992032	0	1	nu=0.01,chi=0.433	True
-0.3287860693223222	-0.7616231791516834	0.11853042858638799	0.0013103877075328048	0.18511441834063322	0.18513258973879276	211	0	0.48189072641778097	0.2571874446131563	0.0007895074254623067	0.18511441834063322	1.734723475976807e-17			0	1	1	1	0.844	0	1	nu=0.01,chi=0.5	True
-0.32528628893282857	-0.7364079549137583	0.1091883274137016	0.0012721893483345435	0.1774446793123736	0.17745297285125572	211	0	0.4766763342923699	0.24216948627808496	0.0005141659192803535	0.1774446793123736	1.0408340855860843e-17			0	1	1	1	0.8508064516129032	0	1	nu=0.01,chi=0.567	True
-0.3218336534837872	-0.7123323540200899	0.10056528340783673	0.0012345419315970111	0.16998343327928145	0.1699858614035403	212	0	0.47068293310454334	0.2274612011473651	0.0002690383466989174	0.16998343327928145	2.0816681711721685e-17			0	1	1	1	0.8548387096774194	0	1	nu=0.01,chi=0.633	True
-0.31846548658162227	-0.6893210430802927	0.0925944445285646	0.0011974668583607517	0.16273507229908446	0.16273521384816916	211	0	0.46386505701080255	0.21300093056169506	7.984359227966504e-05	0.16273507229908446	1.0408340855860843e-17			0	1	1	1	0.8577235772357723	0	1	nu=0.01,chi=0.7	True
-0.3199764201578945	-0.6673052103126396	0.0852163594173914	0.001160959092232406	0.15557855186980468	0.15570073257199177	210	0	0.4534514852240042	0.1817400903097251	0.001801326479288751	0.15557855186980468	1.0408340855860843e-17			0	1	1	1	0.8571428571428571	0	1	nu=0.01,chi=0.767	True
-0.31651898909273973	-0.6462219164232723	0.07837803526418718	0.0011249605107188111	0.14878242019187066	0.1488775565623132	210	0	0.44456351520515425	0.17036214021014698	0.001538818589406358	0.14878242019187066	6.938893903907228e-18			0	1	1	1	0.860655737704918	0	1	nu=0.01,chi=0.833	True
-0.31288765760556664	-0.626013421591298	0.07203210968144291	0.001089412325065223	0.1421890141072766	0.14225745185744396	210	0	0.4351304532132072	0.16010781558066123	0.0012609926369981314	0.1421890141072766	8.239936510889834e-18			0	1	1	1	0.8677685950413223	0	1	nu=0.01,chi=0.9	True
-0.35121624928999967	-0.9421550585383593	0.19471620306429588	0.001557776186700156	0.23483507447119695	0.2349745828006533	211	0	0.5003483091646495	0.344654109616848	0.0027879966298718353	0.23483507447119695	6.938893903907228e-17			0	1	1	1	0.8210116731517509	0	1	nu=0.01373,chi=0.1	True
-0.3472832492896038	-0.9080651683255844	0.1790854898503301	0.0015135586232246177	0.22616302639379987	0.2262747222964304	211	0	0.4982553321083204	0.3316001631240451	0.002390088057887645	0.22616302639379987	2.0816681711721685e-17			0	1	1	1	0.82421875	0	1	nu=0.01373,chi=0.167	True
-0.3434263872394132	-0.8757386749160189	0.1648006423209211	0.001470508790627589	0.21761234950527047	0.21769960202706592	211	0	0.4958702735655584	0.31771007742865515	0.0020245737921945612	0.21761234950527047	1.3877787807814457e-17			0	1	1	1	0.8274509803921568	0	1	nu=0.01373,chi=0.233	True
-0.33957652302352764	-0.8450427148051927	0.15172042313846182	0.0014285315102409606	0.20920563662254804	0.2092663197036227	211	0	0.49301979530830975	0.3038260918336118	0.0016175712888422786	0.20920563662254804	1.3877787807814457e-17			0	1	1	1	0.8307086614173228	0	1	nu=0.01373,chi=0.3	True
-0.33595691903038977	-0.8158574075022345	0.13972123287081828	0.0013875491845190234	0.20094558792486797	0.20099169876979847	211	0	0.48981824375492045	0.28822595127106626	0.001355004536001861	0.20094558792486797	3.469446951953614e-17			0	1	1	1	0.8373015873015873	0	1	nu=0.01373,chi=0.367	True
-0.3323405114940853	-0.788074349008069	0.12869457199911843	0.0013474744822822172	0.1928629855598493	0.19289269375578988	211	0	0.4859594534398633	0.27303248720173184	0.0010452888061550929	0.1928629855598493	1.0408340855860843e-17			0	1	1	1	0.8406374501992032	0	1	nu=0.01373,chi=0.433	True
-0.32881999924410615	-0.7615952371224428	0.11854489443812034	0.001308235660326872	0.18496665799545717	0.1849840227177034	211	0	0.4814375193464818	0.2576404738587029	0.0007699302306185786	0.18496665799545717	1.3877787807814457e-17			0	1	1	1	0.844	0	1	nu=0.01373,chi=0.5	True
-0.32535053301211037	-0.7363308292222912	0.10918784428238135	0.0012697023760715473	0.17726965547863466	0.17727787717285218	212	0	0.4761701848804417	0.24246499059554716	0.0005113523628937676	0.17726965547863466	1.0408340855860843e-17			0	1	1	1	0.8514056224899599	0	1	nu=0.01373,chi=0.567	True
-0.32187037635375854	-0.7121998911410258	0.10054872604469782	0.0012317168370373616	0.16978052215741393	0.1697826884813509	212	0	0.47012343625130043	0.22789711211297028	0.0002530471420818824	0.16978052215741393	1.734723475976807e-17			0	1	1	1	0.8548387096774194	0	1	nu=0.01373,chi=0.633	True
-0.31851151397808436	-0.6891279448554644	0.09256113352039166	0.0011943653215715994	0.1625023475441694	0.16250248044239365	211	0	0.46324652529302507	0.21337639758006413	6.925593486420223e-05	0.1625023475441694	6.938893903907228e-18			0	1	1	1	0.8577235772357723	0	1	nu=0.01373,chi=0.7	True
-0.31998449669527596	-0.6670470812068667	0.08516600764652997	0.0011575862765239389	0.15531708085616486	0.15543704740897976	210	0	0.45280593034856603	0.1821202398431957	0.0017833205614400508	0.15531708085616486	1.3010426069826053e-17			0	1	1	1	0.8571428571428571	0	1	nu=0.01373,chi=0.767	True
-0.3165276724044947	-0.6458950720352898	0.07831064882671795	0.0011213220898717519	0.14848846606590574	0.14858172918960408	210	0	0.44385213546991253	0.17070777391563524	0.0015218930090061165	0.14848846606590574	9.540979117872439e-18			0	1	1	1	0.860655737704918	0	1	nu=0.01373,chi=0.833	True
-0.31297713387928733	-0.6256147945318293	0.07194792449119913	0.0010855149835109785	0.14185861411892198	0.14192839102737612	210	0	0.4342806347518623	0.16018438034779356	0.0012723106236028285	0.14185861411892198	4.336808689942018e-18			0	1	1	1	0.8677685950413223	0	1	nu=0.01373,chi=0.9	True
-0.3512471403574293	-0.9422408956345895	0.19476436594438123	0.0015571874773537176	0.23480261616116488	0.23494220640259472	211	0	0.5002304443171383	0.34471288109378434	0.002788955024195407	0.23480261616116488	2.7755575615628914e-17			0	1	1	1	0.8210116731517509	0	1	nu=0.01884,chi=0.1	True
-0.3473390511406591	-0.9081754801105262	0.1791481849706847	0.0015125754039978425	0.22610621922190147	0.22621879942705655	211	0	0.49806855002948347	0.33162217202697164	0.002400020508433991	0.22610621922190147	4.163336342344337e-17			0	1	1	1	0.82421875	0	1	nu=0.01884,chi=0.167	True
-0.3434862399727089	-0.8758516394997794	0.16486739973481163	0.0014691304320491314	0.21753138456681212	0.21761845079571482	211	0	0.49558401573708727	0.3178998306358013	0.0020223792658223554	0.21753138456681212	1.3877787807814457e-17			0	1	1	1	0.8274509803921568	0	1	nu=0.01884,chi=0.233	True
-0.3397196997722406	-0.8451396436922294	0.15178316915657236	0.0014267631657163386	0.20909273402969245	0.2091578392585535	211	0	0.4927200500003305	0.3034463505959075	0.0016769928152993413	0.20909273402969245	4.163336342344337e-17			0	1	1	1	0.8307086614173228	0	1	nu=0.01884,chi=0.3	True
-0.3360215641469445	-0.8159223181236732	0.1397738254209079	0.0013853886673309338	0.20080881302535009	0.20085406403891543	211	0	0.4893574713153995	0.2886306181105222	0.001341537346111096	0.20080881302535009	2.7755575615628914e-17			0	1	1	1	0.83399209486166	0	1	nu=0.01884,chi=0.367	True
-0.3323967324180409	-0.7880935592036115	0.12873241422303242	0.0013449287935225972	0.19269496911277195	0.1927235235722825	211	0	0.4854154292352041	0.2735632278775523	0.001023824053323396	0.19269496911277195	1.3877787807814457e-17			0	1	1	1	0.8406374501992032	0	1	nu=0.01884,chi=0.433	True
-0.3289442485586429	-0.7615570604192421	0.11856463537326173	0.0013053107730247593	0.18476278935476192	0.18478093440297183	211	0	0.4808318770416238	0.2577958934947017	0.0007879027616759616	0.18476278935476192	6.938893903907228e-18			0	1	1	1	0.844	0	1	nu=0.01884,chi=0.5	True
-0.325475645473278	-0.7362255323114637	0.10918719200081009	0.00126624538503032	0.17702999102688388	0.1770386954843258	212	0	0.475477815253829	0.2426682448524506	0.0005268937602175527	0.17702999102688388	1.3877787807814457e-17			0	1	1	1	0.8514056224899599	0	1	nu=0.01884,chi=0.567	True
-0.32199270638500377	-0.7120187820290678	0.10052607255816334	0.0012278779897543501	0.1695028348540207	0.16950521632631954	212	0	0.46934506730276626	0.2281434490644667	0.000265470908617499	0.1695028348540207	1.3877787807814457e-17			0	1	1	1	0.8548387096774194	0	1	nu=0.01884,chi=0.633	True
-0.3186233477626748	-0.6888638335180557	0.0925155677903491	0.0011901514761475133	0.1621844663562147	0.1621846297039685	211	0	0.4623842189000541	0.21367435792684186	7.628347030409114e-05	0.1621844663562147	1.214306433183765e-17			0	1	1	1	0.8577235772357723	0	1	nu=0.01884,chi=0.7	True
-0.32010895480089685	-0.666693894697159	0.08509712771776647	0.0011530051438740402	0.15495449935899247	0.15507693561737396	210	0	0.45185085155148164	0.18226733322045016	0.0018004970402762876	0.15495449935899247	1.0408340855860843e-17			0	1	1	1	0.8571428571428571	0	1	nu=0.01884,chi=0.767	True
-0.3166246864030213	-0.6454477100080502	0.07821845618870354	0.0011163806207386186	0.14808348370694988	0.1481777690752186	210	0	0.44281707109087726	0.17091861139139808	0.0015288104285247131	0.14808348370694988	9.540979117872439e-18			0	1	1	1	0.860655737704918	0	1	nu=0.01884,chi=0.833	True
-0.31313506598067603	-0.625068999587071	0.0718327370360067	0.0010802216919930513	0.14140616611758797	0.14147909452493174	210	0	0.4330897601335835	0.16018281100002443	0.001300056341100292	0.14140616611758797	1.0842021724855044e-17			0	1	1	1	0.8677685950413223	0	1	nu=0.01884,chi=0.9	True
-0.35127618447086995	-0.9423574714297229	0.1948297799410944	0.0015563881442534108	0.23476017144302852	0.23489805676895525	211	0	0.5000411595641716	0.34496644428652956	0.002771506701733203	0.23476017144302852	2.7755575615628914e-17			0	1	1	1	0.8210116731517509	0	1	nu=0.02586,chi=0.1	True
-0.3473930043265151	-0.9083254094494636	0.17923340130703794	0.001511241063472057	0.2260311461259756	0.22614255371068634	211	0	0.4977761281590701	0.33190408867201704	0.0023871808109437653	0.2260311461259756	3.469446951953614e-17			0	1	1	1	0.82421875	0	1	nu=0.02586,chi=0.167	True
-0.34355851314050556	-0.8760052836747202	0.16495819899591047	0.0014672615639958085	0.2174217052607878	0.21750772631765708	211	0	0.49518105219338077	0.3182515270502888	0.0020098721178056556	0.2174217052607878	2.7755575615628914e-17			0	1	1	1	0.8274509803921568	0	1	nu=0.02586,chi=0.233	True
-0.3398234714678767	-0.8452715716083399	0.1518685646304427	0.0014243633388487298	0.20894467337604655	0.20900997302514154	211	0	0.4922231892490206	0.30371784204838614	0.0016795782059460542	0.20894467337604655	2.42861286636753e-17			0	1	1	1	0.8307086614173228	0	1	nu=0.02586,chi=0.3	True
-0.3361386617161757	-0.8160107172923519	0.13984543584953146	0.0013824616893249435	0.20062080215024963	0.20066625289893786	211	0	0.4887477623522737	0.28896311600793667	0.0013444745662786583	0.20062080215024963	2.0816681711721685e-17			0	1	1	1	0.83399209486166	0	1	nu=0.02586,chi=0.367	True
-0.332573534587238	-0.788119728661085	0.12878395644791218	0.0013414814967283714	0.1924621591758511	0.19249268405926268	211	0	0.48471434058828466	0.2736112751050281	0.0010597184907393765	0.1924621591758511	2.0816681711721685e-17			0	1	1	1	0.8406374501992032	0	1	nu=0.02586,chi=0.433	True
-0.3290686352502831	-0.7615052748947424	0.11859159409282	0.0013011584687406292	0.18448601547201807	0.18450412320809273	212	0	0.4799973296848349	0.25827605352288563	0.0007863600399957441	0.18448601547201807	1.734723475976807e-17			0	1	1	1	0.8446215139442231	0	1	nu=0.02586,chi=0.5	True
-0.32560273756776953	-0.7360818485120062	0.10918626342588297	0.0012615638111256472	0.17670402750931313	0.17671270998915023	212	0	0.4745337567922847	0.24317792533825733	0.0005253612661044755	0.17670402750931313	6.938893903907228e-18			0	1	1	1	0.8514056224899599	0	1	nu=0.02586,chi=0.567	True
-0.32221416852320234	-0.7117715195014689	0.10049511560547505	0.0012226802719419742	0.16912381373779994	0.16912695013862164	212	0	0.4682731438411382	0.2282091605042961	0.0003086880379596865	0.16912381373779994	1.734723475976807e-17			0	1	1	1	0.8548387096774194	0	1	nu=0.02586,chi=0.633	True
-0.3187431690191027	-0.6885030666836808	0.0924533185142128	0.0011844466089572122	0.16175133835436592	0.16175150351053003	211	0	0.46121877210026474	0.21422411725923737	7.139095645322857e-05	0.16175133835436592	6.938893903907228e-18			0	1	1	1	0.8647540983606558	0	1	nu=0.02586,chi=0.7	True
-0.3202256937554102	-0.6662112154703063	0.08500302011241889	0.0011468038721463712	0.15446302092645073	0.1545862709007351	210	0	0.4505816256482579	0.18263914519482213	0.0018044945449581938	0.15446302092645073	1.0408340855860843e-17			0	1	1	1	0.8571428571428571	0	1	nu=0.02586,chi=0.767	True
-0.31671645667950576	-0.6448360342586137	0.07809247886975698	0.0011096930103393575	0.14753340774314	0.14762738333966705	210	0	0.4414344884993072	0.1713282894240543	0.001524039097973412	0.14753340774314	1.214306433183765e-17			0	1	1	1	0.860655737704918	0	1	nu=0.02586,chi=0.833	True
-0.3131938080878302	-0.6243223955435895	0.07167531537492562	0.0010730582079488283	0.14079555966677015	0.14086710288786572	210	0	0.4315934623382659	0.16062923218431807	0.0012849184784412637	0.14079555966677015	6.288372600415926e-18			0	1	1	1	0.8677685950413223	0	1	nu=0.02586,chi=0.9	True
-0.35134044375938	-0.9425151765320985	0.19491828105225475	0.001555310984954186	0.23469878335635563	0.23483778901515945	211	0	0.4998372151183905	0.34498193403395216	0.0027832857963991436	0.23469878335635563	2.0816681711721685e-17			0	1	1	1	0.8210116731517509	0	1	nu=0.0355,chi=0.1	True
-0.3474389360666946	-0.9085284534789235	0.1793488158043618	0.0015094381976793031	0.22593194352815904	0.2260386948734612	211	0	0.497329845069079	0.3326076730777104	0.0023362032432459002	0.22593194352815904	3.469446951953614e-17			0	1	1	1	0.82421875	0	1	nu=0.0355,chi=0.167	True
-0.34365334119882307	-0.876213559621581	0.16508128777366973	0.0014647394422712195	0.21727265668771978	0.2173569167754682	211	0	0.4946271321323001	0.31876710248437695	0.001988961877028604	0.21727265668771978	2.0816681711721685e-17			0	1	1	1	0.8274509803921568	0	1	nu=0.0355,chi=0.233	True
-0.33994957231537387	-0.8454505752737163	0.15198442194713416	0.001421125108094185	0.20874412827761693	0.20880870675888086	211	0	0.491531829639093	0.3042182602031475	0.00166990655580546	0.20874412827761693	3.469446951953614e-17			0	1	1	1	0.8307086614173228	0	1	nu=0.0355,chi=0.3	True
-0.33632011334332823	-0.8161307601021649	0.13994265510233694	0.0013785143938258439	0.20036380366737544	0.20041060549652207	211	0	0.4879326752079054	0.289243468953396	0.001365004269248518	0.20036380366737544	1.3877787807814457e-17			0	1	1	1	0.83399209486166	0	1	nu=0.0355,chi=0.367	True
-0.3327423302390628	-0.7881555749188898	0.12885404279805698	0.0013366439358783622	0.19214807222381083	0.19217873110903255	212	0	0.4837301517381872	0.27415906435287307	0.001061667145995476	0.19214807222381083	1.734723475976807e-17			0	1	1	1	0.8412698412698413	0	1	nu=0.0355,chi=0.433	True
-0.32919826436943517	-0.7614348133649813	0.1186282010330558	0.0012955568971013726	0.18411063896608232	0.18412765998287672	212	0	0.4788527752196158	0.25917162996174276	0.0007607267809763047	0.18411063896608232	8.673617379884035e-18			0	1	1	1	0.8446215139442231	0	1	nu=0.0355,chi=0.5	True
-0.32582587680928454	-0.7358862071948148	0.1091849277974785	0.0012552543820493365	0.17625990456351417	0.17626936574763302	212	0	0.47324810211583523	0.24359642695812017	0.0005495855306977773	0.17625990456351417	2.0816681711721685e-17			0	1	1	1	0.8514056224899599	0	1	nu=0.0355,chi=0.567	True
-0.3223851339223405	-0.7114346060344848	0.10045288101513677	0.0012156764667058328	0.16860976426312402	0.16861287319528054	211	0	0.4668380455788864	0.22893125074357215	0.0003051115338396832	0.16860976426312402	3.469446951953614e-17			0	1	1	1	0.8577235772357723	0	1	nu=0.0355,chi=0.633	True
-0.31896657298508	-0.6880111500364994	0.09236842461865215	0.0011767622080788435	0.16116246948406665	0.16116272569137566	211	0	0.4596116953726848	0.21469954145330666	9.159262578459115e-05	0.16116246948406665	1.5612511283791264e-17			0	1	1	1	0.8647540983606558	0	1	nu=0.0355,chi=0.7	True
-0.32040402431087767	-0.6655526228118875	0.08487466419816207	0.001138452514192821	0.15379407142766638	0.15391941925789182	210	0	0.4488410747805238	0.18307537226711007	0.0018173492831500013	0.15379407142766638	1.734723475976807e-17			0	1	1	1	0.8641975308641975	0	1	nu=0.0355,chi=0.767	True
-0.3169359927627577	-0.6440008870282872	0.07792062055806918	0.0011006893904218153	0.1467817292022372	0.14687938253832478	210	0	0.43948238399970796	0.17158506312278704	0.0015514680871716478	0.1467817292022372	1.0408340855860843e-17			0	1	1	1	0.860655737704918	0	1	nu=0.0355,chi=0.833	True
-0.31331558973636153	-0.6233023851021422	0.07146051780986697	0.0010634162354350434	0.13996426913350773	0.14003547281927395	210	0	0.42952143250411634	0.16111040945730973	0.0012788294424962232	0.13996426913350773	8.239936510889834e-18			0	1	1	1	0.8641975308641975	0	1	nu=0.0355,chi=0.9	True
-0.3514127553938984	-0.9427274162644527	0.1950373992544525	0.0015538642059896065	0.23461747776516	0.2347559369959455	211	0	0.49952790386118023	0.34519922441907575	0.0027779607336314445	0.23461747776516	3.469446951953614e-17			0	1	1	1	0.8210116731517509	0	1	nu=0.04872,chi=0.1	True
-0.34760439874897053	-0.9088020779104194	0.17950437015581094	0.0015070263346581118	0.22578564028816242	0.22589741812581568	211	0	0.4969024495821161	0.3323652497944027	0.0023918471135490225	0.22578564028816242	3.469446951953614e-17			0	1	1	1	0.82421875	0	1	nu=0.04872,chi=0.167	True
-0.3438467084001835	-0.8764946127407227	0.16524739560959478	0.0014613603184244462	0.2170646209139391	0.21715200641239818	211	0	0.49396118593242744	0.3188123660109581	0.0020266958994549222	0.2170646209139391	2.0816681711721685e-17			0	1	1	1	0.8274509803921568	0	1	nu=0.04872,chi=0.233	True
-0.3401680647557502	-0.8456924311414526	0.15214094317558652	0.001416785330723028	0.20846871711118323	0.2085353995030099	211	0	0.4906398234998668	0.30447748228157795	0.0016980212563763898	0.20846871711118323	2.7755575615628914e-17			0	1	1	1	0.8307086614173228	0	1	nu=0.04872,chi=0.3	True
-0.33652475514455393	-0.8162934697871568	0.1400742128456245	0.0013730158145493284	0.20001726116950425	0.20006385567559964	212	0	0.48679780695600455	0.28994037754348256	0.001361541700289888	0.20001726116950425	2.0816681711721685e-17			0	1	1	1	0.8346456692913385	0	1	nu=0.04872,chi=0.367	True
-0.33298858624583977	-0.7882041906982487	0.12894889619569677	0.001330102574147819	0.1917214736612113	0.19175293242018882	212	0	0.4824014406635578	0.2747805522724951	0.0010755305111413054	0.1917214736612113	1.3877787807814457e-17			0	1	1	1	0.8412698412698413	0	1	nu=0.04872,chi=0.433	True
-0.3294854628468997	-0.7613392367061919	0.11867771177611929	0.001288053549140024	0.18359882117571438	0.1836172061234477	212	0	0.47732124900871786	0.25970423858380914	0.0007910185980041235	0.18359882117571438	1.3877787807814457e-17			0	1	1	1	0.8446215139442231	0	1	nu=0.04872,chi=0.5	True
-0.3260704412974841	-0.7356206025659704	0.10918298311413059	0.0012468066689444914	0.17565910475419005	0.17566868340652478	212	0	0.4715031525037518	0.2444766474487552	0.000551662886290164	0.17565910475419005	1.214306433183765e-17			0	1	1	1	0.8514056224899599	0	1	nu=0.04872,chi=0.567	True
-0.32266938546116813	-0.710976767460318	0.10039538867077356	0.0012063020017525415	0.16791283863922665	0.1679163594516927	211	0	0.4648806735897064	0.2296470521239929	0.0003254570485177421	0.16791283863922665	1.3877787807814457e-17			0	1	1	1	0.8577235772357723	0	1	nu=0.04872,chi=0.633	True
-0.3192430674995682	-0.6873420390056941	0.09225292307463183	0.0011664796867445638	0.1603649638458144	0.16036532112357416	211	0	0.457439414169049	0.21545496412693088	0.00010735468738679206	0.1603649638458144	1.0408340855860843e-17			0	1	1	1	0.8612244897959184	0	1	nu=0.04872,chi=0.7	True
-0.32061177643916716	-0.6646559710376494	0.08470000359790072	0.001127281178000022	0.15288990078033643	0.15301646126143498	210	0	0.4465000022359264	0.18377248465440937	0.0018224058860448237	0.15288990078033643	6.938893903907228e-18			0	1	1	1	0.8641975308641975	0	1	nu=0.04872,chi=0.767	True
-0.3170716333231001	-0.6428628515656489	0.07768670075538463	0.0010886490479659464	0.1457710993183914	0.1458668037347793	210	0	0.43695125026929826	0.17243180427820015	0.0015313276630103635	0.1457710993183914	1.3010426069826053e-17			0	1	1	1	0.8677685950413223	0	1	nu=0.04872,chi=0.833	True
-0.3134870144636199	-0.6219112484350363	0.07116807312979648	0.001050527609569427	0.13883857694995855	0.1389096026475305	210	0	0.4267029386746916	0.16173419050116594	0.0012732910517266106	0.13883857694995855	8.239936510889834e-18			0	1	1	1	0.8641975308641975	0	1	nu=0.04872,chi=0.9	True
-0.35151399867982874	-0.9430110446770874	0.19519660859515722	0.001551938276914713	0.23450684342751527	0.2346450723603677	211	0	0.4991174183581593	0.34544211662728885	0.002776026226730233	0.23450684342751527	2.7755575615628914e-17			0	1	1	1	0.8210116731517509	0	1	nu=0.06687,chi=0.1	True
-0.3477856677585759	-0.9091684294122574	0.17971267034735508	0.0015038140932106213	0.22559228853732324	0.22570624320427618	211	0	0.4962517041891573	0.3325199976797633	0.0024162896751499297	0.22559228853732324	2.0816681711721685e-17			0	1	1	1	0.82421875	0	1	nu=0.06687,chi=0.167	True
-0.34406585987393923	-0.8768715794727125	0.16547020184762584	0.0014568630980194973	0.21678687534191435	0.21687491490222174	211	0	0.49300494254372856	0.31929001349444985	0.0020348605995557803	0.21678687534191435	3.469446951953614e-17			0	1	1	1	0.8274509803921568	0	1	nu=0.06687,chi=0.233	True
-0.34040527892100314	-0.846017753312789	0.15235131889004977	0.0014107777599731072	0.20810038052167007	0.20816608431380956	212	0	0.4893760488413142	0.3053347796636425	0.0016850511789454174	0.20810038052167007	1.3877787807814457e-17			0	1	1	1	0.8313725490196079	0	1	nu=0.06687,chi=0.3	True
-0.33683587334044085	-0.8165125463707981	0.14025119105545084	0.0013656222615671394	0.19954727339227118	0.19959530892878596	212	0	0.485287557949084	0.29060467232920484	0.0013830104337377827	0.19954727339227118	2.0816681711721685e-17			0	1	1	1	0.8346456692913385	0	1	nu=0.06687,chi=0.367	True
-0.3333167468135758	-0.7882696693288433	0.12907656947476742	0.0013214135431226526	0.191145630826827	0.19117800608002608	212	0	0.48060316387198543	0.27564313629799736	0.0010910800753353017	0.191145630826827	2.0816681711721685e-17			0	1	1	1	0.8412698412698413	0	1	nu=0.06687,chi=0.433	True
-0.32985324241597747	-0.7612101468916743	0.11874431813193996	0.0012780907098247068	0.1829085924984313	0.1829283316813132	212	0	0.4752471885902612	0.2605348817422257	0.0008201517676359293	0.1829085924984313	2.42861286636753e-17			0	1	1	1	0.8446215139442231	0	1	nu=0.06687,chi=0.5	True
-0.32642932436522404	-0.7352614533679938	0.10918011340991614	0.0012355940869464889	0.17484816754200944	0.17485838227314873	212	0	0.4691441612754427	0.24550030068166698	0.0005693702541657009	0.17484816754200944	1.214306433183765e-17			0	1	1	1	0.848	0	1	nu=0.06687,chi=0.567	True
-0.32301716418377363	-0.7103568698114886	0.1003173647626984	0.0011938644488273201	0.16697352160857795	0.16697729107172943	211	0	0.46224074784512936	0.23078506203098795	0.00033522753626110514	0.16697352160857795	1.734723475976807e-17			0	1	1	1	0.8577235772357723	0	1	nu=0.06687,chi=0.633	True
-0.31960061607048396	-0.6864349153844153	0.09209628480765662	0.0011528431583603988	0.15929005952092343	0.15929054119231953	211	0	0.45450813364932796	0.21653513405490052	0.00012165156610869732	0.15929005952092343	1.0408340855860843e-17			0	1	1	1	0.8612244897959184	0	1	nu=0.06687,chi=0.7	True
-0.3208777872986604	-0.6634388440517321	0.08446308606722618	0.0011124724428848707	0.1516721945301522	0.1517997199048025	210	0	0.44334379139469376	0.18475006067171432	0.0018242117822879463	0.1516721945301522	1.3010426069826053e-17			0	1	1	1	0.8641975308641975	0	1	nu=0.06687,chi=0.767	True
-0.31740642143779674	-0.64131619833685	0.07736928521237547	0.0010726955437955722	0.14440261433438226	0.14450244630494713	210	0	0.43341761410657537	0.17307459332813357	0.001559436715946107	0.14440261433438226	5.204170427930421e-18			0	1	1	1	0.8677685950413223	0	1	nu=0.06687,chi=0.833	True
-0.31376403315089346	-0.6200184117010017	0.0707710985481426	0.0010334574875938264	0.13732030247461205	0.1373929665399323	210	0	0.42285391519582755	0.16241694932026973	0.001282808621227415	0.13732030247461205	6.938893903907228e-18			0	1	1	1	0.8713692946058091	0	1	nu=0.06687,chi=0.9	True
-0.351647538907791	-0.9433865355396557	0.19540742631359384	0.001549400889372765	0.23435807595506664	0.23449566439382796	211	0	0.4985598425606392	0.345795922193362	0.0027700729417436685	0.23435807595506664	3.469446951953614e-17			0	1	1	1	0.8210116731517509	0	1	nu=0.09179,chi=0.1	True
-0.34799958999746405	-0.9096546503496665	0.17998918144757814	0.0014995828175577066	0.22533527269353648	0.22544891391117436	211	0	0.49532518231733136	0.3330629673282478	0.0024134376824157464	0.22533527269353648	2.7755575615628914e-17			0	1	1	1	0.82421875	0	1	nu=0.09179,chi=0.167	True
-0.34434823022274014	-0.8773734887424556	0.16576676696066442	0.0014506999506423495	0.21641423032106252	0.21650209577386392	212	0	0.4917023848238104	0.3200453795222803	0.0020333211378986697	0.21641423032106252	2.0816681711721685e-17			0	1	1	1	0.828125	0	1	nu=0.09179,chi=0.233	True
-0.34079062620680234	-0.8464516653254834	0.15263181042866936	0.0014027864058047334	0.2076004860492703	0.2076693658959952	212	0	0.4877445761015206	0.30587353420130253	0.0017270294333534698	0.2076004860492703	1.3877787807814457e-17			0	1	1	1	0.8313725490196079	0	1	nu=0.09179,chi=0.3	True
-0.33724958206356714	-0.8168052514052154	0.14048749880939587	0.0013559068407212795	0.19891607798966396	0.19896586129505595	212	0	0.48325431123265755	0.2915134770641469	0.0014086863504466445	0.19891607798966396	2.0816681711721685e-17			0	1	1	1	0.8346456692913385	0	1	nu=0.09179,chi=0.367	True
-0.3337288701643277	-0.7883572675616777	0.12924722374520783	0.0013100016719257352	0.19037382824828677	0.19040629851570062	212	0	0.47817130975886324	0.27699500043239417	0.0010917522442475504	0.19037382824828677	2.0816681711721685e-17			0	1	1	1	0.8379446640316206	0	1	nu=0.09179,chi=0.433	True
-0.33033755698743456	-0.7610368035699517	0.11883328243268422	0.0012650122928742217	0.1819829263725885	0.18200427284151247	212	0	0.47245718563332745	0.2616902946117749	0.0008535164351546166	0.1819829263725885	1.9081958235744878e-17			0	1	1	1	0.8446215139442231	0	1	nu=0.09179,chi=0.5	True
-0.32688394533837944	-0.7347784306182983	0.10917581974873439	0.0012208826428679001	0.1737616194569953	0.17377219384174275	211	0	0.4659713943465094	0.24701791932256775	0.0005776527406711845	0.1737616194569953	1.0408340855860843e-17			0	1	1	1	0.8508064516129032	0	1	nu=0.09179,chi=0.567	True
-0.32351447712530773	-0.7095216895122606	0.10021191503807442	0.00117755455714788	0.16571466094999426	0.16571908229674326	211	0	0.4586868349953382	0.23213962128372598	0.00036321992924424456	0.16571466094999426	1.734723475976807e-17			0	1	1	1	0.8577235772357723	0	1	nu=0.09179,chi=0.633	True
-0.32009935419792346	-0.6852106246928344	0.0918847864327593	0.0011349708473141742	0.15785045124992647	0.15785118527366696	211	0	0.4505617214880243	0.21787431060605578	0.00014978303120124093	0.15785045124992647	1.0408340855860843e-17			0	1	1	1	0.8612244897959184	0	1	nu=0.09179,chi=0.7	True
-0.32120054449433555	-0.6617933738488093	0.08414309973248212	0.0010930751697339194	0.1500437918203025	0.15017088367712944	210	0	0.4391207018634093	0.18616176307638962	0.0018141471248917592	0.1500437918203025	1.214306433183765e-17			0	1	1	1	0.860655737704918	0	1	nu=0.09179,chi=0.767	True
-0.317744696199994	-0.6392218033662076	0.07694036578353255	0.001051810694829938	0.14257592973809463	0.14267659023757054	210	0	0.4287468317277652	0.17426132552365195	0.0015586462181213993	0.14257592973809463	9.540979117872439e-18			0	1	1	1	0.8677685950413223	0	1	nu=0.09179,chi=0.833	True
-0.31418453000546986	-0.617451176991122	0.0702344122336291	0.0010111225378133851	0.13528641724115703	0.13536354314569643	210	0	0.4176367105972341	0.16313309914143254	0.001315377535861744	0.13528641724115703	1.3877787807814457e-17			0	1	1	1	0.8713692946058091	0	1	nu=0.09179,chi=0.9	True
-0.35185550503054513	-0.9438775084344908	0.19568315634452965	0.0015461074464091246	0.23415438724332607	0.23429551938810408	211	0	0.49788331623602294	0.34584355284258655	0.002807209444456038	0.23415438724332607	2.7755575615628914e-17			0	1	1	1	0.8210116731517509	0	1	nu=0.126,chi=0.1	True
-0.34829238058817785	-0.9102928384600264	0.18035213716389234	0.0014939008313229944	0.2249905761360883	0.22510468692631302	212	0	0.494101574413334	0.33368110682511065	0.0024194623950944483	0.2249905761360883	3.469446951953614e-17			0	1	1	1	0.8249027237354085	0	1	nu=0.126,chi=0.167	True
-0.34476786486572947	-0.8780341615971877	0.16615713569281654	0.001442606462709966	0.21591228525138467	0.21600383562285025	212	0	0.49002429808389636	0.3205774061721837	0.0020776463825998904	0.21591228525138467	2.0816681711721685e-17			0	1	1	1	0.828125	0	1	nu=0.126,chi=0.233	True
-0.3412450099971911	-0.8470243774589044	0.1530019316406193	0.0013924335127840088	0.2069374971904146	0.20700656076134738	212	0	0.4855052006364424	0.3071095431160773	0.0017294971250490323	0.2069374971904146	2.42861286636753e-17			0	1	1	1	0.8313725490196079	0	1	nu=0.126,chi=0.3	True
-0.3377583865632767	-0.8171926541688594	0.14079999235735555	0.001343326630761643	0.19807692878978952	0.19812673794090135	212	0	0.4805076180203661	0.2930521737196264	0.0014085008388242824	0.19807692878978952	2.0816681711721685e-17			0	1	1	1	0.8346456692913385	0	1	nu=0.126,chi=0.367	True
-0.33431666158841034	-0.7884734112930922	0.12947321385946592	0.0012952327826624452	0.18934433059458908	0.18937838291856776	212	0	0.4749430631447805	0.27850043476862363	0.0011180350058433745	0.18934433059458908	2.0816681711721685e-17			0	1	1	1	0.8379446640316206	0	1	nu=0.126,chi=0.433	True
-0.32984223262487694	-0.7608058471043737	0.11895097544391857	0.0012480985019383273	0.18077428531736417	0.18077481066304263	213	0	0.4683260818704762	0.2712570074114039	0.00014479239094901763	0.18077428531736417	2.42861286636753e-17			0	1	1	1	0.848605577689243	0	1	nu=0.126,chi=0.5	True
-0.327525136307806	-0.7341335130486403	0.10916931335350256	0.001201869358465968	0.1723163654664863	0.17232807611427967	211	0	0.46173808796094323	0.24881094762134504	0.0006072462925426884	0.1723163654664863	1.3877787807814457e-17			0	1	1	1	0.8508064516129032	0	1	nu=0.126,chi=0.567	True
-0.32411237267666365	-0.7084039321470743	0.10007019753064596	0.0011564900209785245	0.1640430819891629	0.16404768740275164	211	0	0.4539524499868932	0.23426163352233598	0.0003669710228507807	0.1640430819891629	1.0408340855860843e-17			0	1	1	1	0.854251012145749	0	1	nu=0.126,chi=0.633	True
-0.32070715621176493	-0.6835682559802821	0.09160089713743043	0.0011119049459931058	0.15593939142349458	0.15594031107803008	211	0	0.4453126254552897	0.2198953004532644	0.00016104651372343887	0.15593939142349458	8.673617379884035e-18			0	1	1	1	0.8612244897959184	0	1	nu=0.126,chi=0.7	True
-0.3217574310886328	-0.6595809572433331	0.08371342307730384	0.0010680586105510633	0.1478757936888546	0.14800932008829573	210	0	0.4334045272272693	0.18754016844902843	0.0018514375164849896	0.1478757936888546	6.938893903907228e-18			0	1	1	1	0.860655737704918	0	1	nu=0.126,chi=0.767	True
-0.3182511013114266	-0.636399985801225	0.07636413001661033	0.0010246017448417076	0.14014976251618355	0.14025451602470232	211	0	0.42247077946046857	0.17559192170679594	0.001581211445541417	0.14014976251618355	1.8214596497756474e-17			0	1	1	1	0.8647540983606558	0	1	nu=0.126,chi=0.833	True
-0.31459464395250775	-0.6139856139237565	0.06951307571755491	0.0009815001529957423	0.13259471129824837	0.13267242673492613	211	0	0.4107930021021908	0.1644723663442464	0.0013106378706213432	0.13259471129824837	3.903127820947816e-18			0	1	1	1	0.871900826446281	0	1	nu=0.126,chi=0.9	True
-0.3520613020699878	-0.9445091928215306	0.19603803098246197	0.0015418980399643108	0.2338941908568097	0.23403005998912585	211	0	0.4968325169180032	0.34683567824067096	0.0027546928396715597	0.2338941908568097	3.469446951953614e-17			0	1	1	1	0.8210116731517509	0	1	nu=0.1729,chi=0.1	True
-0.34869644508791797	-0.9111176866961452	0.18082135563904392	0.0014865086807409962	0.22453141170410593	0.22464833388796707	212	0	0.4925170207788421	0.3342472686777033	0.0024513089097108524	0.22453141170410593	3.469446951953614e-17			0	1	1	1	0.8249027237354085	0	1	nu=0.1729,chi=0.167	True
-0.3452859229240227	-0.8788912785495209	0.16666364556620922	0.0014323067308225704	0.21525107302515595	0.21534439426973026	212	0	0.48775664305182626	0.3216120680197826	0.002099326362556052	0.21525107302515595	2.0816681711721685e-17			0	1	1	1	0.828125	0	1	nu=0.1729,chi=0.233	True
-0.34182261215729304	-0.8477702774008549	0.15348381257678803	0.0013792671096160129	0.2060629388823127	0.2061304358093528	212	0	0.4825169863420188	0.30893124917176773	0.001710107612685337	0.2060629388823127	1.3877787807814457e-17			0	1	1	1	0.8313725490196079	0	1	nu=0.1729,chi=0.3	True
-0.33849795387305087	-0.8176990401468148	0.14120799871538237	0.001327339504076088	0.19696534360632428	0.19701893253073624	212	0	0.4769306001841479	0.29446855227434227	0.0014628583644841731	0.19696534360632428	1.734723475976807e-17			0	1	1	1	0.8346456692913385	0	1	nu=0.1729,chi=0.367	True
-0.33511314442491613	-0.7886255849486051	0.12976881785456312	0.00127648069345444	0.1879862923631748	0.18802333955999972	212	0	0.470688097403643	0.28027905632636796	0.0011670472308704073	0.1879862923631748	1.3877787807814457e-17			0	1	1	1	0.8379446640316206	0	1	nu=0.1729,chi=0.433	True
-0.3317560894289726	-0.7605013175939634	0.1191047097681278	0.0012266403985633175	0.17913202438382153	0.17915613092067945	213	0	0.4637924256751087	0.2656636536799543	0.0009050411664478424	0.17913202438382153	1.734723475976807e-17			0	1	1	1	0.8452380952380952	0	1	nu=0.1729,chi=0.5	True
-0.32834756600212467	-0.7332807513798777	0.10915935786964377	0.001177767813191561	0.1704163795170846	0.17042910644073286	211	0	0.4561415460346963	0.2512742854850919	0.000631265232366086	0.1704163795170846	1.0408340855860843e-17			0	1	1	1	0.8508064516129032	0	1	nu=0.1729,chi=0.567	True
-0.3249818418857404	-0.7069212641041287	0.09988117584086771	0.0011298113031057335	0.16184605874051355	0.16185189831297364	211	0	0.4476870611412374	0.2365654829370386	0.0004131063741862001	0.16184605874051355	3.122502256758253e-17			0	1	1	1	0.854251012145749	0	1	nu=0.1729,chi=0.633	True
-0.32152309788546346	-0.681383462439309	0.09122298979536171	0.001082337841399687	0.1534308965592438	0.15343212748928664	212	0	0.43837244724952196	0.22243318697368616	0.00018271211858634977	0.1534308965592438	1.214306433183765e-17			0	1	1	1	0.8582995951417004	0	1	nu=0.1729,chi=0.7	True
-0.32236817495366865	-0.6566296547284326	0.08314129957081313	0.0010353852085455263	0.1450383489478045	0.14517415896077468	211	0	0.4259256553872262	0.18972079913148268	0.0018556452661115809	0.1450383489478045	9.540979117872439e-18			0	1	1	1	0.8612244897959184	0	1	nu=0.1729,chi=0.767	True
-0.3187845929547068	-0.6326240739194285	0.0755960445638389	0.0009892195814619718	0.13697496402616507	0.13707938158875396	211	0	0.41427099902156855	0.17770392047695457	0.0015658702689885001	0.13697496402616507	1.0408340855860843e-17			0	1	1	1	0.8647540983606558	0	1	nu=0.1729,chi=0.833	True
-0.31516039511645716	-0.6093335462596233	0.06855046728083027	0.0009437848375714053	0.12906532002458945	0.1291458112857234	211	0	0.4017215516166032	0.16601069397001067	0.00132167915917832	0.12906532002458945	1.2576745200831851e-17			0	1	1	1	0.8683127572016461	0	1	nu=0.1729,chi=0.9	True
-0.35238604185322026	-0.9453056874014127	0.1964855913129148	0.0015363765350093995	0.23354403279446834	0.23368162924422223	212	0	0.4955924879877192	0.3472956748945746	0.0027739257693380204	0.23354403279446834	2.7755575615628914e-17			0	1	1	1	0.8217054263565892	0	1	nu=0.2374,chi=0.1	True
-0.3491942822385403	-0.9121627472203728	0.1814161114146298	0.0014773099386393691	0.22393322994091786	0.22405070202181118	212	0	0.49039755022679843	0.33527310830448487	0.0024589249952151203	0.22393322994091786	2.7755575615628914e-17			0	1	1	1	0.8249027237354085	0	1	nu=0.2374,chi=0.167	True
-0.34592590917144933	-0.8799829195650752	0.16730885681637	0.0014195022830850801	0.21438994653346322	0.21448228507458708	212	0	0.48474410234101223	0.3232845210245411	0.002089376091581623	0.21438994653346322	2.7755575615628914e-17			0	1	1	1	0.8249027237354085	0	1	nu=0.2374,chi=0.233	True
-0.34265319135703237	-0.8487250458152349	0.15410035375874478	0.0013629123381731516	0.20491557013465664	0.204986890219635	212	0	0.47870614105111037	0.3104728055985119	0.0017598570641511673	0.20491557013465664	1.3877787807814457e-17			0	1	1	1	0.828125	0	1	nu=0.2374,chi=0.3	True
-0.33941085984554975	-0.8183502719720914	0.14173193101759346	0.0013075037041231647	0.1955202165523961	0.19557587021995745	212	0	0.4722221812409146	0.29666568121684117	0.001491410534068344	0.1955202165523961	1.734723475976807e-17			0	1	1	1	0.8346456692913385	0	1	nu=0.2374,chi=0.367	True
-0.33543881634413975	-0.7888219040057625	0.13014930750283915	0.00125323622705551	0.18624969710580797	0.18626127862655603	213	0	0.46462661313577996	0.2886914675157779	0.0006524743419859763	0.18624969710580797	1.0408340855860843e-17			0	1	1	1	0.841897233201581	0	1	nu=0.2374,chi=0.433	True
-0.33280261888737966	-0.7601052580828339	0.1193022146657916	0.0012000676326701788	0.17702879608959535	0.17705466738481104	211	0	0.45735415076640745	0.2685466030576489	0.0009360459994730131	0.17702879608959535	1.0408340855860843e-17			0	1	1	1	0.844	0	1	nu=0.2374,chi=0.5	True
-0.32939348601206814	-0.7321680158169979	0.10914418483977219	0.0011476511512196804	0.16795413750568183	0.167967448323224	212	0	0.4488352261980187	0.2545862578003461	0.0006433034705681586	0.16795413750568183	2.0816681711721685e-17			0	1	1	1	0.848	0	1	nu=0.2374,chi=0.567	True
-0.3260290836270114	-0.704979459300637	0.09963205439399038	0.0010957178887389663	0.15900308783971948	0.15900939606359848	212	0	0.439522313992726	0.23997034050715402	0.00042555922745705823	0.15900308783971948	1.3877787807814457e-17			0	1	1	1	0.8548387096774194	0	1	nu=0.2374,chi=0.633	True
-0.32263214384853695	-0.6785092443844459	0.09072543088251582	0.0010447869680213352	0.1501866808683581	0.15018874046023947	212	0	0.4293126527047829	0.22535921607243553	0.00023631954684597939	0.1501866808683581	1.9081958235744878e-17			0	1	1	1	0.8582995951417004	0	1	nu=0.2374,chi=0.7	True
-0.3190705883857997	-0.652729491118152	0.0823870113984738	0.0009948070179980203	0.14151142590821197	0.1415114351430721	212	0	0.41818960751577244	0.21153855132331514	1.6810902297539805e-05	0.14151142590821197	1.5612511283791264e-17			0	1	1	1	0.8617886178861789	0	1	nu=0.2374,chi=0.767	True
-0.3196009751657723	-0.6276137543806916	0.07458209801336399	0.0009457238962216903	0.13286885420933903	0.13298035703830124	211	0	0.4034842063133513	0.17980081799919434	0.0016032843751900238	0.13286885420933903	9.540979117872439e-18			0	1	1	1	0.8647540983606558	0	1	nu=0.2374,chi=0.833	True
-0.3158131116767806	-0.6031371832569644	0.0672784410405676	0.0008973201918421268	0.12451359888764008	0.12459597197579839	212	0	0.38994639258750635	0.16802956646074077	0.0013208714273717978	0.12451359888764008	5.637851296924623e-18			0	1	1	1	0.8688524590163934	0	1	nu=0.2374,chi=0.9	True
-0.352791209554372	-0.9462835438538474	0.19703535508706013	0.0015296610131333478	0.2330926338436736	0.23323130298115896	212	0	0.4939789616555743	0.3479569747285094	0.002787066864411774	0.2330926338436736	2.7755575615628914e-17			0	1	1	1	0.8217054263565892	0	1	nu=0.3258,chi=0.1	True
-0.34982159327790835	-0.9134544183754308	0.18215162852614933	0.0014661864999588492	0.22316275949273706	0.2232799755604717	212	0	0.48765812426538047	0.33662162036053733	0.0024587079924205638	0.22316275949273706	3.469446951953614e-17			0	1	1	1	0.8217054263565892	0	1	nu=0.3258,chi=0.167	True
-0.34680119906978624	-0.8813410465212416	0.16811174140743673	0.0014040366360976587	0.2132758764542425	0.2133727977735349	212	0	0.48096644056095844	0.32466720224605167	0.002144322841260345	0.2132758764542425	2.0816681711721685e-17			0	1	1	1	0.8249027237354085	0	1	nu=0.3258,chi=0.233	True
-0.3437234373713578	-0.8499204164874223	0.154871819952591	0.001343185569211669	0.2034415062296117	0.20351873970440115	212	0	0.4738307449568503	0.3122099644151938	0.0018351346732692763	0.2034415062296117	2.0816681711721685e-17			0	1	1	1	0.828125	0	1	nu=0.3258,chi=0.3	True
-0.3395855282127174	-0.8191705009945112	0.1423905570910258	0.0012836031840507093	0.1937215552344514	0.19372761238284053	213	0	0.464937601935685	0.3103531307542739	0.0004913627484296949	0.1937215552344514	1.3877787807814457e-17			0	1	1	1	0.8352941176470589	0	1	nu=0.3258,chi=0.367	True
-0.3373933020596369	-0.7890701943933296	0.1306290374946968	0.0012252617736861207	0.18396735145866844	0.1840093669962365	213	0	0.4579660418656652	0.2859131697817873	0.0012427878931170722	0.18396735145866844	1.3877787807814457e-17			0	1	1	1	0.8385826771653543	0	1	nu=0.3258,chi=0.433	True
-0.3341445242810408	-0.7596007972621246	0.11955100329683836	0.0011672330813750024	0.17434690043974202	0.17437486026992546	212	0	0.44909404314301005	0.2721111370820204	0.0009714954501483685	0.17434690043974202	3.469446951953614e-17			0	1	1	1	0.8412698412698413	0	1	nu=0.3258,chi=0.5	True
-0.33083752669739086	-0.7307415329477965	0.10912144102502781	0.0011102844652821095	0.16481769113277017	0.16483447710502197	212	0	0.43948566263047206	0.25795976669364157	0.0007216593256480384	0.16481769113277017	1.734723475976807e-17			0	1	1	1	0.848	0	1	nu=0.3258,chi=0.567	True
-0.3274526557661932	-0.702473576844654	0.09930765305660497	0.0010545218845390326	0.15538984493115846	0.15539815930375608	212	0	0.4290533781905161	0.2436544406637417	0.00048703242178367416	0.15538984493115846	1.0408340855860843e-17			0	1	1	1	0.8514056224899599	0	1	nu=0.3258,chi=0.633	True
-0.3239722850791332	-0.6747791119195331	0.09007884162013766	0.0009999015385868445	0.1460720314144525	0.14607473605288526	212	0	0.4177217086452899	0.2293457550912454	0.000266339523127272	0.1460720314144525	1.0408340855860843e-17			0	1	1	1	0.8548387096774194	0	1	nu=0.3258,chi=0.7	True
-0.32044196303585737	-0.6476416806166186	0.0814060658154976	0.0009459853189737	0.13687106094349638	0.1368713500661042	213	0	0.4054037799694167	0.21479591892419458	9.2839303264941e-05	0.13687106094349638	1.1275702593849246e-17			0	1	1	1	0.8623481781376519	0	1	nu=0.3258,chi=0.767	True
-0.32042518066216225	-0.6210451548529209	0.07326188139000715	0.0008925403502426415	0.12768204898081453	0.12779335837814984	212	0	0.3898045672460907	0.18298405113259264	0.0015815287068605636	0.12768204898081453	6.071532165918825e-18			0	1	1	1	0.8617886178861789	0	1	nu=0.3258,chi=0.833	True
-0.3165739067269636	-0.594972725448559	0.06562005959924258	0.000840152902048024	0.11875846725649664	0.11884326919347041	212	0	0.3748906878865376	0.17040565419837816	0.0013198632115754446	0.11875846725649664	6.071532165918825e-18			0	1	1	1	0.8653061224489796	0	1	nu=0.3258,chi=0.9	True
-0.353302227349036	-0.9474462354087656	0.19768947212708332	0.0015218041938918749	0.23251898501187027	0.23266044121045543	212	0	0.49196747168038685	0.34859380089849634	0.0028181608181226505	0.23251898501187027	3.8163916471489756e-17			0	1	1	1	0.8217054263565892	0	1	nu=0.4472,chi=0.1	True
-0.3506386145197018	-0.9150028995790924	0.1830339790996132	0.00145319266192542	0.2221836562592119	0.2223054599965815	212	0	0.48428686431314166	0.33770704844287663	0.002511081281257581	0.2221836562592119	3.469446951953614e-17			0	1	1	1	0.8217054263565892	0	1	nu=0.4472,chi=0.167	True
-0.34787744408578714	-0.8829822814516575	0.1690822349708838	0.0013859996445750719	0.21187262572568885	0.2119740252540151	212	0	0.47619654067375655	0.3264028016843009	0.002198221956910509	0.21187262572568885	4.85722573273506e-17			0	1	1	1	0.8249027237354085	0	1	nu=0.4472,chi=0.233	True
-0.3439525368263618	-0.851376249705162	0.15581070243365203	0.0013202086298815358	0.20166883404036523	0.20167314486102803	213	0	0.46559669505379037	0.32970971476644695	0.0004389126012184358	0.20166883404036523	1.734723475976807e-17			0	1	1	1	0.83203125	0	1	nu=0.4472,chi=0.3	True
-0.3417296985193826	-0.8201770502895915	0.14319674972773275	0.0012557089794030785	0.19137300062170506	0.19141052748366988	214	0	0.45818707478621123	0.30613888497918723	0.0012265082677317186	0.19137300062170506	2.0816681711721685e-17			0	1	1	1	0.8359375	0	1	nu=0.4472,chi=0.367	True
-0.33899780578821653	-0.7893788535258677	0.131219057956365	0.0011914190085375656	0.18114927972274417	0.1811944424189797	214	0	0.44898813185327524	0.28960245671976614	0.0012891325155777488	0.18114927972274417	2.0816681711721685e-17			0	1	1	1	0.8392156862745098	0	1	nu=0.4472,chi=0.433	True
-0.33586028326199485	-0.7589719213215552	0.11985585156578193	0.0011285486010652454	0.17100226911522642	0.17103405456881351	212	0	0.43874417924658127	0.2760790203894137	0.0010356956345470628	0.17100226911522642	1.3877787807814457e-17			0	1	1	1	0.8412698412698413	0	1	nu=0.4472,chi=0.5	True
-0.33260567696771814	-0.7289489450853704	0.10908682025701051	0.0010670698027655256	0.1609185935738011	0.16093882147268668	212	0	0.42775494222316357	0.2622017357549083	0.0007910797692040497	0.1609185935738011	1.734723475976807e-17			0	1	1	1	0.8446215139442231	0	1	nu=0.4472,chi=0.567	True
-0.3292128538250281	-0.699303298090965	0.0988925018923633	0.0010066684751419688	0.15090756972876784	0.15091828925239664	213	0	0.41593293581799623	0.24811772593002038	0.0005507741171536414	0.15090756972876784	1.214306433183765e-17			0	1	1	1	0.848605577689243	0	1	nu=0.4472,chi=0.633	True
-0.32571440882677277	-0.6700291043091198	0.08925424136105774	0.0009466929389512996	0.1409769647388575	0.1409815847081089	213	0	0.4031922510614401	0.2335501485646888	0.00034813407278821523	0.1409769647388575	1.5612511283791264e-17			0	1	1	1	0.8554216867469879	0	1	nu=0.4472,chi=0.7	True
-0.3220044317075946	-0.6411178846595952	0.08015336004458716	0.0008880914934576874	0.13113677314403976	0.13113743782264303	213	0	0.3894463581574008	0.21926650072713783	0.0001263945119505234	0.13113677314403976	1.214306433183765e-17			0	1	1	1	0.8588709677419355	0	1	nu=0.4472,chi=0.767	True
-0.32150237339641563	-0.6125631652381199	0.07157230084853457	0.0008307629718765082	0.12127474518492826	0.12139300424345184	213	0	0.3726108453062606	0.18615148528241546	0.0016066804071740886	0.12127474518492826	1.0408340855860843e-17			0	1	1	1	0.8588709677419355	0	1	nu=0.4472,chi=0.833	True
-0.317376074976881	-0.584360332001298	0.06349446533748349	0.0007736117112242754	0.11166744060300897	0.11175425864146335	213	0	0.35610186812437633	0.17312946242793445	0.0013102906401775431	0.11166744060300897	5.637851296924623e-18			0	1	1	1	0.8658536585365854	0	1	nu=0.4472,chi=0.9	True
-0.3539288457122048	-0.9487773044764884	0.19843889786097038	0.0015129747577361258	0.2318070476451538	0.23195418722986366	212	0	0.4895323244338683	0.34906852485885104	0.0028791682283316453	0.2318070476451538	2.7755575615628914e-17			0	1	1	1	0.8217054263565892	0	1	nu=0.6138,chi=0.1	True
-0.3515902574839937	-0.9167927393328232	0.18405467001798542	0.0014386164024925503	0.2209810561853084	0.22110388917392945	212	0	0.4800813846890661	0.3393387874122166	0.0025267751083021418	0.2209810561853084	2.0816681711721685e-17			0	1	1	1	0.8217054263565892	0	1	nu=0.6138,chi=0.167	True
-0.348063399078345	-0.8848973721940654	0.1702149911563455	0.0013657926101307975	0.21025431671023165	0.21025513027318454	213	0	0.4670683091240076	0.3492592348540411	0.00019691274853854665	0.21025431671023165	1.3877787807814457e-17			0	1	1	1	0.8287937743190662	0	1	nu=0.6138,chi=0.233	True
-0.3459842334956635	-0.8530908525318746	0.15691548164736363	0.001294494756533034	0.1993861852970809	0.19941268361899647	214	0	0.45887886288171414	0.32632661661053897	0.001079883205211571	0.1993861852970809	1.3877787807814457e-17			0	1	1	1	0.8326848249027238	0	1	nu=0.6138,chi=0.3	True
-0.34381873253487527	-0.8213756068626739	0.14415265174558886	0.0012232238709114851	0.18851865701846526	0.1885824280950265	214	0	0.4492959086058975	0.3061912492446151	0.0016031793822324095	0.18851865701846526	1.0408340855860843e-17			0	1	1	1	0.8326848249027238	0	1	nu=0.6138,chi=0.367	True
-0.34096200305807606	-0.7897482869970318	0.1319211979322918	0.001153574755776996	0.17772134671277645	0.17777052597654094	212	0	0.4380260359053722	0.2936842650253447	0.0013472562321463493	0.17772134671277645	2.7755575615628914e-17			0	1	1	1	0.8346456692913385	0	1	nu=0.6138,chi=0.433	True
-0.3379326889831931	-0.758208555561861	0.12021685737641556	0.0010855359681923354	0.16694913011837953	0.16698433458051481	212	0	0.4260951842482838	0.2807534892107337	0.0010895789924960184	0.16694913011837953	3.122502256758253e-17			0	1	1	1	0.8379446640316206	0	1	nu=0.6138,chi=0.5	True
-0.3347124710955924	-0.726757968148968	0.10903591028670198	0.0010180715196897168	0.15620945888375884	0.15623187266359456	213	0	0.4134229442242469	0.2674477206486084	0.000829580367072805	0.15620945888375884	2.7755575615628914e-17			0	1	1	1	0.841897233201581	0	1	nu=0.6138,chi=0.567	True
-0.3313147082275548	-0.6953949356873486	0.09837376777885214	0.0009518432830045314	0.14550904929478337	0.14552177100428085	213	0	0.39993438362568434	0.2534825850582518	0.0005960409890632875	0.14550904929478337	1.0408340855860843e-17			0	1	1	1	0.848605577689243	0	1	nu=0.6138,chi=0.633	True
-0.32774480682558893	-0.6641183127562955	0.08822604686091767	0.0008872803208219014	0.13485685210951925	0.1348632556072287	213	0	0.3855131384890462	0.23871007019033283	0.0004053208053950968	0.13485685210951925	1.734723475976807e-17			0	1	1	1	0.852	0	1	nu=0.6138,chi=0.7	True
-0.3238878127098595	-0.632930094674471	0.07858916635727876	0.0008231018465849119	0.12426465099469161	0.12426616074164404	214	0	0.3700325307633319	0.22403894039651362	0.00018772473680099053	0.12426465099469161	8.673617379884035e-18			0	1	1	1	0.856	0	1	nu=0.6138,chi=0.767	True
-0.32257055346455943	-0.6018277182393318	0.06945846381735046	0.0007605116244834446	0.11362046864370379	0.11374000735296044	213	0	0.35180508946574623	0.19010553460892837	0.0015867950323327894	0.11362046864370379	7.806255641895632e-18			0	1	1	1	0.8588709677419355	0	1	nu=0.6138,chi=0.833	True
-0.3181030975719703	-0.5708120224868578	0.060830125829966906	0.0006988591708825168	0.10320686898988896	0.10329425291321548	214	0	0.3333453014204763	0.17609347846882195	0.001284403074771799	0.10320686898988896	4.336808689942018e-18			0	1	1	1	0.8629032258064516	0	1	nu=0.6138,chi=0.9	True
-0.35460673806437615	-0.9502366227735461	0.19926124467071235	0.001503493081571022	0.2309607043591126	0.23110651426413303	212	0	0.4865100420052463	0.35024110110159123	0.0028709390726959823	0.2309607043591126	4.163336342344337e-17			0	1	1	1	0.8185328185328186	0	1	nu=0.8426,chi=0.1	True
-0.35271287432841997	-0.918776374700425	0.18518688559871171	0.0014229817954129274	0.21954000282589176	0.21966671348101377	212	0	0.47512999722676746	0.3407614890563144	0.0025740225895934245	0.21954000282589176	3.469446951953614e-17			0	1	1	1	0.8217054263565892	0	1	nu=0.8426,chi=0.167	True
-0.3499124083107698	-0.8870427755076622	0.1714843807675659	0.0013441507526775701	0.2081934319130858	0.20820701032341032	213	0	0.46103197619292724	0.3456690720274385	0.0008094873691397186	0.2081934319130858	3.469446951953614e-17			0	1	1	1	0.8287937743190662	0	1	nu=0.8426,chi=0.233	True
-0.3482794432944473	-0.8550346747524373	0.15816586918739894	0.0012657365059938737	0.1966569326436693	0.1967302079425011	214	0	0.45085317863089025	0.3223033895947447	0.0018025326541763395	0.1966569326436693	2.0816681711721685e-17			0	1	1	1	0.8294573643410853	0	1	nu=0.8426,chi=0.3	True
-0.34592519682427325	-0.8227467785427058	0.145242407711689	0.0011885962300728016	0.18517164856709073	0.18524009059272706	214	0	0.43833406313557555	0.3097797692159601	0.001666977979560843	0.18517164856709073	1.3877787807814457e-17			0	1	1	1	0.8326848249027238	0	1	nu=0.8426,chi=0.367	True
-0.34327906467126634	-0.7901742854102494	0.13272562795927573	0.0011132853138653394	0.17368687621808238	0.17374074606278642	212	0	0.4250783918843472	0.2979369259235314	0.001414153152434216	0.17368687621808238	2.0816681711721685e-17			0	1	1	1	0.8346456692913385	0	1	nu=0.8426,chi=0.433	True
-0.3403911407632891	-0.7573161832775644	0.12062865144266795	0.0010383760336236095	0.16219798568434532	0.1622376048269339	213	0	0.4111740965866722	0.2855894284998274	0.0011575035327558382	0.16219798568434532	1.3877787807814457e-17			0	1	1	1	0.8385826771653543	0	1	nu=0.8426,chi=0.5	True
-0.33724994646628986	-0.7241661021582345	0.10896335957400335	0.0009651545919137869	0.15070977777692166	0.15073694369992663	213	0	0.39655322598379483	0.2725386879032635	0.0009133763750910422	0.15070977777692166	1.3877787807814457e-17			0	1	1	1	0.841897233201581	0	1	nu=0.8426,chi=0.567	True
-0.33382407028807454	-0.6907207684555787	0.09774294060639621	0.0008932768953576665	0.1392297884930234	0.139246302212484	214	0	0.381108850146517	0.25882410221839686	0.0006772892507664455	0.1392297884930234	1.734723475976807e-17			0	1	1	1	0.8458498023715415	0	1	nu=0.8426,chi=0.633	True
-0.33009426793106267	-0.6569767601598662	0.08698089688133327	0.0008224363910229775	0.12776596450579275	0.1277745095514089	214	0	0.3647270122965512	0.2442647376087442	0.0004635811452181379	0.12776596450579275	1.734723475976807e-17			0	1	1	1	0.8492063492063492	0	1	nu=0.8426,chi=0.7	True
-0.3259916159142478	-0.6229287080405067	0.07669064217568634	0.0007532744855572686	0.11632944951089472	0.11633208350870494	215	0	0.347257670134327	0.22922432133602313	0.00024385840126001296	0.11632944951089472	5.204170427930421e-18			0	1	1	1	0.8531746031746031	0	1	nu=0.8426,chi=0.767	True
-0.321512579176925	-0.5885737131764146	0.06688661083744943	0.000685129197037145	0.10493082962290168	0.10493095081683981	215	0	0.3285393702290431	0.2131780524584359	6.0572153495919136e-05	0.10493082962290168	1.1275702593849246e-17			0	1	1	1	0.86	0	1	nu=0.8426,chi=0.833	True
-0.3184685428588348	-0.5539064988602189	0.057583099618462405	0.0006184993658566442	0.09350788681757476	0.09358514945392545	215	0	0.3068658133190186	0.17984152311027388	0.0011745315816091288	0.09350788681757476	1.6479873021779667e-17			0	1	1	1	0.86	0	1	nu=0.8426,chi=0.9	True
-0.3553642646237815	-0.9517626084300732	0.20012195416767928	0.001493785604213077	0.2299790892327305	0.23012471050678474	212	0	0.48306899373798695	0.3512582843739398	0.0028758628861996387	0.2299790892327305	2.7755575615628914e-17			0	1	1	1	0.8185328185328186	0	1	nu=1.156,chi=0.1	True
-0.35314912332975984	-0.9208749188063299	0.1863858364290705	0.0014069963185152016	0.21800653136152456	0.218009069935087	213	0	0.46564779691900066	0.3641509345580318	0.00037009821579371305	0.21800653136152456	2.7755575615628914e-17			0	1	1	1	0.8255813953488372	0	1	nu=1.156,chi=0.167	True
-0.35189817894478886	-0.8893401118098205	0.17284389538796144	0.0013215932236619295	0.20581322343105596	0.2058548860326703	214	0	0.45398024627284184	0.34202460728104267	0.0014233011363610677	0.20581322343105596	2.0816681711721685e-17			0	1	1	1	0.8262548262548263	0	1	nu=1.156,chi=0.233	True
-0.35041440241657607	-0.8571398138155264	0.1595184705111837	0.001236474131596473	0.19357397923303396	0.19366342021717264	214	0	0.44082838787632356	0.32363311413846907	0.0020009934510433684	0.19357397923303396	1.3877787807814457e-17			0	1	1	1	0.8294573643410853	0	1	nu=1.156,chi=0.3	True
-0.348297995572064	-0.8242490633396806	0.14643159068137562	0.0011533959686823826	0.18136242331234584	0.18143649453722727	214	0	0.4258785463823502	0.31310933346758163	0.001743859228571866	0.18136242331234584	1.3877787807814457e-17			0	1	1	1	0.8294573643410853	0	1	nu=1.156,chi=0.367	True
-0.34588700041937337	-0.7906481810785853	0.13360905666912992	0.0010710016448463406	0.16911912134092688	0.16917684992678134	213	0	0.41035683868038286	0.30219035103053077	0.0014704160381739666	0.16911912134092688	2.7755575615628914e-17			0	1	1	1	0.83203125	0	1	nu=1.156,chi=0.433	True
-0.3431674708127429	-0.7563118719159995	0.12107704528570637	0.0009902206934165223	0.15684442673119608	0.1568879110323406	213	0	0.39424058451856486	0.29042800218425147	0.0012162404529778663	0.15684442673119608	1.3877787807814457e-17			0	1	1	1	0.8352941176470589	0	1	nu=1.156,chi=0.5	True
-0.3400848582557849	-0.7212162800501473	0.10886451533280217	0.0009107517636729422	0.14454479145002544	0.1445744686631296	214	0	0.3774126854423778	0.2780647381539993	0.0009542331862059519	0.14454479145002544	1.734723475976807e-17			0	1	1	1	0.8392156862745098	0	1	nu=1.156,chi=0.567	True
-0.33661636407043505	-0.685335463144439	0.09700229559595717	0.000832762119710441	0.13222348581955576	0.13224267348944338	214	0	0.35981132478354194	0.26450189129988455	0.0007273622235220177	0.13222348581955576	1.0408340855860843e-17			0	1	1	1	0.84251968503937	0	1	nu=1.156,chi=0.633	True
-0.33268739636560246	-0.6486427996708135	0.0855236900179945	0.000756171620093126	0.11989053373364582	0.11990095423025805	215	0	0.3412733780417885	0.24999758184013365	0.000506636138124369	0.11989053373364582	1.734723475976807e-17			0	1	1	1	0.8464566929133859	0	1	nu=1.156,chi=0.7	True
-0.32821722056279234	-0.6111090565627513	0.07446419637180964	0.0006815301291476169	0.10755683515119835	0.10756045285874621	215	0	0.32163468079167323	0.2346298233575641	0.0002802680595884313	0.10755683515119835	8.673617379884035e-18			0	1	1	1	0.849802371541502	0	1	nu=1.156,chi=0.767	True
-0.32313720460226064	-0.5727066386522911	0.06386276745356594	0.0006079782092167652	0.09523551566815461	0.09523589084207501	216	0	0.3007032715539718	0.21779863721817072	8.55570024927115e-05	0.09523551566815461	5.204170427930421e-18			0	1	1	1	0.8571428571428571	0	1	nu=1.156,chi=0.833	True
-0.3185374883418687	-0.5334028333572902	0.05376044823109314	0.0005363734473512105	0.08286540008903859	0.08294717482422594	215	0	0.2770704694971269	0.18167964837639597	0.0011709281459729777	0.08286540008903859	3.903127820947816e-18			0	1	1	1	0.86	0	1	nu=1.156,chi=0.9	True
-0.3561902855889226	-0.9532813511703064	0.20097938294325898	0.0014843237844605406	0.22888165809063177	0.2290335838469511	212	0	0.47939606616071045	0.3515211258439147	0.002947056554099531	0.22888165809063177	4.163336342344337e-17			0	1	1	1	0.8185328185328186	0	1	nu=1.587,chi=0.1	True
-0.3546572108729281	-0.9229886214203316	0.18759463182370315	0.0013914272156292295	0.2161624747601571	0.21617510816970364	213	0	0.46014094971278935	0.361246050975298	0.0008188783132709489	0.2161624747601571	3.469446951953614e-17			0	1	1	1	0.8255813953488372	0	1	nu=1.587,chi=0.167	True
-0.35393047941430056	-0.8916833652137587	0.17423081002733704	0.001299167064865085	0.20318008565645312	0.20326449387768158	214	0	0.44617114197145663	0.33808248221883236	0.0020380877337066723	0.20318008565645312	1.3877787807814457e-17			0	1	1	1	0.8262548262548263	0	1	nu=1.587,chi=0.233	True
-0.3526015083047305	-0.859312713858696	0.16091286733639165	0.0012080998365122	0.19020608390428284	0.19030216144330778	214	0	0.429729217523996	0.3256625250142617	0.0020895857303172404	0.19020608390428284	2.0816681711721685e-17			0	1	1	1	0.8294573643410853	0	1	nu=1.587,chi=0.3	True
-0.3508093909853734	-0.8258205658785094	0.14766938939280794	0.0011185629990085246	0.17721442431286005	0.17728938487748727	215	0	0.4122497514496774	0.31650727750140834	0.001766279457233506	0.17721442431286005	2.7755575615628914e-17			0	1	1	1	0.8301158301158301	0	1	nu=1.587,chi=0.367	True
-0.3486900579913344	-0.7911489880078675	0.13453356325146082	0.0010298990873770773	0.16416654442486775	0.164227346481097	213	0	0.3943629918125122	0.30594645354726174	0.001519315782261168	0.16416654442486775	1.3877787807814457e-17			0	1	1	1	0.83203125	0	1	nu=1.587,chi=0.433	True
-0.3461630082410197	-0.7552323817209032	0.12154197031440339	0.0009430315926370203	0.1510715400267237	0.15111868203999435	214	0	0.37589142546288473	0.29466516659891145	0.0012737394320226998	0.1510715400267237	1.3877787807814457e-17			0	1	1	1	0.8326848249027238	0	1	nu=1.587,chi=0.5	True
-0.3431606855802053	-0.7180035137055161	0.10873720448105093	0.0008574551062323813	0.13793422536165045	0.1379672605239763	214	0	0.35673064500674123	0.2827914115070748	0.0010103551321537772	0.13793422536165045	1.3877787807814457e-17			0	1	1	1	0.8359375	0	1	nu=1.587,chi=0.567	True
-0.33961327811414366	-0.6793882397488071	0.09616708520506431	0.000773474225124158	0.12475767570929049	0.1247786074920394	215	0	0.33681638038910694	0.2698410250201299	0.000758655316061395	0.12475767570929049	1.0408340855860843e-17			0	1	1	1	0.83984375	0	1	nu=1.587,chi=0.633	True
-0.3354239597619815	-0.6393063154775532	0.08388590966891518	0.000691569221975851	0.11154865505226239	0.11156102029447819	216	0	0.3160390122921377	0.25521513667066287	0.0005485071363337546	0.11154865505226239	1.3877787807814457e-17			0	1	1	1	0.84375	0	1	nu=1.587,chi=0.7	True
-0.33045044896266534	-0.5976736078694271	0.07195607276071862	0.0006111957012643242	0.09832215131675202	0.09832707243761428	215	0	0.294164315124932	0.23945420167646048	0.0003228475707827737	0.09832215131675202	1.3877787807814457e-17			0	1	1	1	0.849802371541502	0	1	nu=1.587,chi=0.767	True
-0.32452232038649587	-0.5543967004529177	0.06044792034576732	0.000532852513798121	0.08509446052925582	0.08509532139404247	216	0	0.27098339639198976	0.22163863621166843	0.0001272102977432214	0.08509446052925582	6.938893903907228e-18			0	1	1	1	0.8571428571428571	0	1	nu=1.587,chi=0.833	True
-0.3176791324049823	-0.5093751743697632	0.04944180189049493	0.00045675364439579856	0.07181835832472955	0.07189437376191016	216	0	0.24550368246065585	0.18359288253829584	0.001089406266649972	0.07181835832472955	4.336808689942018e-18			0	1	1	1	0.8571428571428571	0	1	nu=1.587,chi=0.9	True
-0.3569778888916586	-0.9547203146882263	0.20179251038274232	0.00147553466150517	0.22772321844995014	0.22787546187008903	212	0	0.47545645833489764	0.35207462466784695	0.0029606292146278036	0.22772321844995014	4.163336342344337e-17			0	1	1	1	0.8185328185328186	0	1	nu=2.179,chi=0.1	True
-0.3561473705297185	-0.9250148406525793	0.18875450684001385	0.0013769697436407588	0.2142022885497885	0.2142368691744547	213	0	0.45451803974538907	0.3570052450196508	0.0013647167585189794	0.2142022885497885	2.0816681711721685e-17			0	1	1	1	0.8255813953488372	0	1	nu=2.179,chi=0.167	True
-0.35581192263180816	-0.8939567661511436	0.1755768498541777	0.0012784084994219977	0.20042556851486953	0.20053997093105688	214	0	0.4375850888973732	0.3362268958269742	0.002391655213596547	0.20042556851486953	2.0816681711721685e-17			0	1	1	1	0.8262548262548263	0	1	nu=2.179,chi=0.233	True
-0.3547756837394944	-0.8614471309452949	0.1622808012468899	0.001181836939702244	0.18668735909709114	0.18678504745482452	214	0	0.41812115223348745	0.3274951504014023	0.002125445911144783	0.18668735909709114	2.7755575615628914e-17			0	1	1	1	0.8262548262548263	0	1	nu=2.179,chi=0.3	True
-0.35336465807157	-0.8273849357808538	0.1488954293496801	0.0010858395590642392	0.17289505394014554	0.17297330120860346	213	0	0.3981772809144898	0.3186496138861581	0.0018222704002165558	0.17289505394014554	1.734723475976807e-17			0	1	1	1	0.8287937743190662	0	1	nu=2.179,chi=0.367	True
-0.35153783478621997	-0.7916525104080432	0.1354540720706379	0.00099198584233632	0.15904343677515542	0.15910621950958273	213	0	0.3778200585087687	0.3087933509896804	0.0015587537910227076	0.15904343677515542	2.7755575615628914e-17			0	1	1	1	0.8287937743190662	0	1	nu=2.179,chi=0.433	True
-0.34921211779661276	-0.7541275216951344	0.1219999494152196	0.000898751270745793	0.14513947953542367	0.1451866587089889	214	0	0.35691233626440094	0.2983580850836436	0.0012843972350923601	0.14513947953542367	1.3877787807814457e-17			0	1	1	1	0.8326848249027238	0	1	nu=2.179,chi=0.5	True
-0.3462941946043803	-0.7146675618717514	0.1085833462793327	0.0008077038002611296	0.1311843613949274	0.1312187853897419	215	0	0.33543283675847596	0.28673353203808255	0.0010380032378207046	0.1311843613949274	1.3877787807814457e-17			0	1	1	1	0.8333333333333334	0	1	nu=2.179,chi=0.567	True
-0.3426561401848033	-0.673119610846874	0.09526697975296129	0.0007185673775567953	0.11718547795646678	0.1172090991171845	215	0	0.31326435544333137	0.27381015904537187	0.0008092266674683561	0.11718547795646678	1.0408340855860843e-17			0	1	1	1	0.8365758754863813	0	1	nu=2.179,chi=0.633	True
-0.33792987731536156	-0.629314028557386	0.08212702168680565	0.0006310136647624548	0.10315407523936912	0.10316765090017192	217	0	0.29106994007773296	0.2475194211971066	0.0014247090327272345	0.10308429011154044	6.938893903907228e-18			0	1	1	1	0.8443579766536965	0	1	nu=2.179,chi=0.7	True
-0.33211583139499884	-0.5830591059546435	0.06925519747666234	0.000545844633131347	0.08910397256440998	0.08910996290679163	216	0	0.2671164177210909	0.22139051132479648	0.0018272566777779028	0.08895161666102391	5.204170427930421e-18			0	1	1	1	0.8470588235294118	0	1	nu=2.179,chi=0.767	True
-0.3248481858630958	-0.5341425764942938	0.0567634798295008	0.00046321333855331583	0.07505994544828651	0.07506107837622637	217	0	0.24129800577023303	0.20474551917965378	0.0013883779573861297	0.07495208779113707	4.336808689942018e-18			0	1	1	1	0.8509803921568627	0	1	nu=2.179,chi=0.833	True
-0.3155792607314211	-0.48232625387894323	0.04478792899484576	0.00038341780052976465	0.060995643518474585	0.06106275674556044	217	0	0.21298232398424097	0.1683163249480566	0.0020051289943884528	0.060790463807958356	3.469446951953614e-18			0	1	1	1	0.8543307086614174	0	1	nu=2.179,chi=0.9	True
-0.3570937458703803	-0.9560215188568343	0.2025284101252451	0.0014677251996951287	0.22670342088430168	0.2267044453971418	213	0	0.4667313482607219	0.3778766976420058	0.00024982148997103104	0.22670342088430168	3.469446951953614e-17			0	1	1	1	0.8223938223938224	0	1	nu=2.991,chi=0.1	True
-0.3575072835138427	-0.9268672862680155	0.18981582521004672	0.0013640615845010064	0.21222422253751805	0.21228573568311523	214	0	0.4487846014738862	0.3530792548539303	0.0018310795187661904	0.21222422253751805	2.0816681711721685e-17			0	1	1	1	0.823076923076923	0	1	nu=2.991,chi=0.167	True
-0.3574588653187252	-0.8960587161145712	0.17682177378398717	0.0012600155535950276	0.19769564449907187	0.19781012199691883	214	0	0.4285738455367866	0.33695459007954287	0.002413491512499192	0.19769564449907187	4.163336342344337e-17			0	1	1	1	0.8262548262548263	0	1	nu=2.991,chi=0.233	True
-0.3568280351937233	-0.8634446114412053	0.1635591928047025	0.0011583195550746786	0.18318335713176032	0.18327900591410218	215	0	0.40659946000086805	0.3287709416954889	0.0021246365376810157	0.18318335713176032	2.7755575615628914e-17			0	1	1	1	0.8269230769230769	0	1	nu=2.991,chi=0.3	True
-0.35578736029980995	-0.8288663897073534	0.15005131208111816	0.001056915398866473	0.16861566205142542	0.1686946175797682	213	0	0.3842822320285431	0.31994195044715923	0.0018524307881218013	0.16861566205142542	2.0816681711721685e-17			0	1	1	1	0.8255813953488372	0	1	nu=2.991,chi=0.367	True
-0.35425434410272083	-0.7921368980680944	0.13632714955695754	0.0009574842096481085	0.15399570388206682	0.1540601902311709	214	0	0.3615813259801124	0.3103205330379899	0.0016000781509253924	0.15399570388206682	1.3877787807814457e-17			0	1	1	1	0.8294573643410853	0	1	nu=2.991,chi=0.433	True
-0.35212797649934846	-0.7530497783673513	0.12242814459601167	0.0008597084390027382	0.13933373470351826	0.1393805255574045	214	0	0.34137550017028545	0.27283253801692936	0.003685009491310995	0.1390065311471217	2.7755575615628914e-17			0	1	1	1	0.8294573643410853	0	1	nu=2.991,chi=0.5	True
-0.34889897184288027	-0.7113712808176627	0.10840969011060468	0.0007632588699937526	0.12462723122415313	0.12466211678775757	215	0	0.3173004686250092	0.26263324574410934	0.00320615788271584	0.12434539390086499	1.0408340855860843e-17			0	1	1	1	0.8301158301158301	0	1	nu=2.991,chi=0.567	True
-0.3447781367556561	-0.6668321933472369	0.0943441271990447	0.000669038936460594	0.10989043182028027	0.10991470260399444	217	0	0.29258170787079996	0.25132314418142077	0.0027310639697361748	0.1096536543401124	1.0408340855860843e-17			0	1	1	1	0.8378378378378378	0	1	nu=2.991,chi=0.633	True
-0.33945415611533675	-0.6191270946871034	0.08032733447475424	0.000577143329936079	0.09513838126299244	0.09515268319624413	216	0	0.26792471582893346	0.21693441316276593	0.003883368018289835	0.09455304086873506	6.938893903907228e-18			0	1	1	1	0.8404669260700389	0	1	nu=2.991,chi=0.7	True
-0.3323044276758176	-0.5679048092730329	0.06648464842087148	0.00048783441137640904	0.08039140291893637	0.08039799649560854	217	0	0.2411410892691365	0.20386109831229726	0.003164582683102512	0.07992612427158509	3.469446951953614e-18			0	1	1	1	0.8443579766536965	0	1	nu=2.991,chi=0.767	True
-0.32303422307216184	-0.5127594371527311	0.052979621529195976	0.0004015618712359662	0.06568469762383355	0.06568610990041526	218	0	0.2125823350621228	0.1713541735072376	0.003590614943934891	0.06495908734656816	8.673617379884035e-18			0	1	1	1	0.8482490272373541	0	1	nu=2.991,chi=0.833	True
-0.31062113288042636	-0.4532197762842347	0.04002581001550626	0.00031876712738658323	0.0510222161238767	0.05107852428870485	218	0	0.1812836981418557	0.1401993460640603	0.003551970735938812	0.05019053186416533	3.469446951953614e-18			0	1	1	1	0.8549019607843137	0	1	nu=2.991,chi=0.9	True
-0.3578269621038745	-0.9571494184367875	0.203166769779991	0.0014610561872207704	0.22557282475083726	0.22557729824256006	213	0	0.4634792414414369	0.3753397896294804	0.0005120925424704643	0.22557282475083726	3.469446951953614e-17			0	1	1	1	0.8223938223938224	0	1	nu=4.105,chi=0.1	True
-0.35869206117171637	-0.9284893948823423	0.1907457626616454	0.001352698923331086	0.21032148885295546	0.21041533295028597	214	0	0.4433648864237685	0.3488751681231937	0.00227864059015526	0.21032148885295546	3.469446951953614e-17			0	1	1	1	0.823076923076923	0	1	nu=4.105,chi=0.167	True
-0.3589196320701372	-0.8979173774310377	0.17792291145459016	0.0012443379837383836	0.19508969263188117	0.1952050132975341	214	0	0.4201021278521302	0.33682937884395286	0.0024468276809028323	0.19508969263188117	2.0816681711721685e-17			0	1	1	1	0.823076923076923	0	1	nu=4.105,chi=0.233	True
-0.3586592036744658	-0.8652310915339837	0.16470088651397696	0.0011378143686172938	0.17985117417211988	0.17994956290803754	215	0	0.39586652516430504	0.32849246491659484	0.0021823331526516485	0.17985117417211988	2.7755575615628914e-17			0	1	1	1	0.8269230769230769	0	1	nu=4.105,chi=0.3	True
-0.3579468324673025	-0.8302055121839342	0.15109174290359303	0.0010322964499070817	0.16457494438676099	0.16465382598309128	213	0	0.3712636251008759	0.32013291728251736	0.001877526247354891	0.16457494438676099	1.734723475976807e-17			0	1	1	1	0.8255813953488372	0	1	nu=4.105,chi=0.367	True
-0.3565585450726142	-0.7925794166541478	0.1371167089931566	0.0009280839184305803	0.14926187694222792	0.14932377772991018	214	0	0.3499870326821289	0.28224361010088533	0.004232032272892806	0.14889059196095802	1.734723475976807e-17			0	1	1	1	0.8262548262548263	0	1	nu=4.105,chi=0.433	True
-0.35412174633778465	-0.7520502462243845	0.12281035804350594	0.0008258474913100745	0.13391943515188157	0.13396773793694242	215	0	0.32440540633856757	0.27320637982436513	0.003734015883259452	0.13359536713535564	1.3877787807814457e-17			0	1	1	1	0.8269230769230769	0	1	nu=4.105,chi=0.5	True
-0.3508372861633024	-0.7082687272434343	0.10822636379557793	0.0007255437464989233	0.1185883161342195	0.11859701669225933	217	0	0.298357857685998	0.26337018456203903	0.0032333611975113434	0.1182840717523588	1.0408340855860843e-17			0	1	1	1	0.8346153846153846	0	1	nu=4.105,chi=0.567	True
-0.3460775893073791	-0.6608271364320086	0.09344365198603316	0.0006271078962329133	0.1032036847853222	0.10322726549206133	217	0	0.2732967610021119	0.2295655852353807	0.004565260092856688	0.10252667179112057	2.42861286636753e-17			0	1	1	1	0.8346153846153846	0	1	nu=4.105,chi=0.633	True
-0.33976078663298953	-0.6092438151533586	0.07857493906609424	0.0005313340589354611	0.08786626804995	0.08788047676922753	216	0	0.24575854357620242	0.2185659638020891	0.003802648549966827	0.08731241805550866	8.673617379884035e-18			0	1	1	1	0.8372093023255814	0	1	nu=4.105,chi=0.7	True
-0.33097132802926615	-0.5529505472284011	0.06378066669896229	0.00043846308506770385	0.07258270574058842	0.07258933312239839	218	0	0.21759257447836472	0.18705078658063162	0.004352562022976238	0.07170917920117709	6.938893903907228e-18			0	1	1	1	0.8416988416988417	0	1	nu=4.105,chi=0.767	True
-0.31905205608052856	-0.49126831325205333	0.04928626091422442	0.00034918769335795795	0.05740336079497165	0.0574050011957788	220	0	0.1872708131934098	0.15731797800671668	0.004372676458942151	0.05630914624601317	5.204170427930421e-18			0	1	1	1	0.8494208494208494	0	1	nu=4.105,chi=0.833	True
-0.30238306973027074	-0.4233800623042524	0.03540804774748944	0.00026432897347919703	0.04236952266236382	0.042416181097871375	219	0	0.15311908304316255	0.11681137243902077	0.004638482168335048	0.040831276786063894	3.469446951953614e-18			0	1	1	1	0.8521400778210116	0	1	nu=4.105,chi=0.9	True
-0.35843336406340265	-0.9580917979469314	0.20370046626289975	0.0014555524557960618	0.22453233791789917	0.22454265508233695	213	0	0.4605965752845943	0.3724920556330372	0.0007814031789770966	0.22453233791789917	2.0816681711721685e-17			0	1	1	1	0.8223938223938224	0	1	nu=5.635,chi=0.1	True
-0.35965724204687277	-0.9298559664145412	0.19152974863653344	0.0013433459452508432	0.20858290287381326	0.20870513031678928	214	0	0.43836469612330475	0.3453153582842767	0.0026193865158480475	0.20858290287381326	2.7755575615628914e-17			0	1	1	1	0.823076923076923	0	1	nu=5.635,chi=0.167	True
-0.36013448697386813	-0.8994971908107112	0.17885906823737519	0.0012314118217701842	0.19272153861861677	0.19283284647455717	214	0	0.41240755722005773	0.33659104280848284	0.0024281358362563503	0.19272153861861677	2.0816681711721685e-17			0	1	1	1	0.823076923076923	0	1	nu=5.635,chi=0.233	True
-0.3601908707830232	-0.8667638347428003	0.16567942978544567	0.0011209467126058724	0.17683770608086471	0.1769318523991125	215	0	0.3861300520458644	0.3282164638875869	0.0021612664689404817	0.17683770608086471	2.0816681711721685e-17			0	1	1	1	0.8237547892720306	0	1	nu=5.635,chi=0.3	True
-0.35975905255453555	-0.8313659695866473	0.15198993655048815	0.001012010728018332	0.1609331150942391	0.1610100501961873	213	0	0.359604444617664	0.319565738655306	0.0018820615034526988	0.1609331150942391	2.7755575615628914e-17			0	1	1	1	0.8223938223938224	0	1	nu=5.635,chi=0.367	True
-0.358135647488402	-0.7929664199147771	0.13780099319776978	0.0009039058436887037	0.1450148254870886	0.14507753392371317	214	0	0.33669218194074774	0.28142358863003736	0.004289440793040396	0.14464709110097546	2.7755575615628914e-17			0	1	1	1	0.8262548262548263	0	1	nu=5.635,chi=0.433	True
-0.3557469630074075	-0.7511631277322732	0.12313701540282435	0.0007978238508010056	0.12910103390147573	0.1291477953727401	215	0	0.30929814990256704	0.27286315710402004	0.0037479307169166966	0.12878538195375383	2.42861286636753e-17			0	1	1	1	0.8269230769230769	0	1	nu=5.635,chi=0.5	True
-0.35194833084410343	-0.7054826035747062	0.10804584463839463	0.0006938061342459961	0.11320341085569854	0.11323830386834041	217	0	0.28368449011090996	0.2389465627620722	0.005344273417504083	0.11242432964505018	1.3877787807814457e-17			0	1	1	1	0.8314176245210728	0	1	nu=5.635,chi=0.567	True
-0.3465377028137795	-0.6553585562904136	0.09260768564982501	0.000592088007742212	0.09735005039119164	0.09737309853413369	218	0	0.25582843808964734	0.2198493150861737	0.005369304300887926	0.09643932789545487	1.0408340855860843e-17			0	1	1	1	0.8320610687022901	0	1	nu=5.635,chi=0.633	True
-0.33897263328730887	-0.6001079491018484	0.07694964473162086	0.000493126354721219	0.08157175794425162	0.08158518767416334	217	0	0.22713791297560756	0.19926364504135602	0.005270140468092302	0.08053503355198906	3.469446951953614e-18			0	1	1	1	0.8346153846153846	0	1	nu=5.635,chi=0.7	True
-0.32833877429750075	-0.5388991976531669	0.06126713146308741	0.0003976383531515705	0.06591557895210264	0.06592213664735547	219	0	0.19730312689410603	0.17104211683235865	0.005434562314246759	0.06457814399248664	8.673617379884035e-18			0	1	1	1	0.8390804597701149	0	1	nu=5.635,chi=0.767	True
-0.3133169827269876	-0.4707106535241672	0.04585608880862673	0.0003062699005903207	0.05045478438655422	0.05045653910086675	219	0	0.1647694518256763	0.13132578849313614	0.0059634164869539754	0.048435809439055025	1.214306433183765e-17			0	1	1	1	0.8423076923076923	0	1	nu=5.635,chi=0.833	True
-0.291444363423227	-0.3942701891751922	0.03116095974235945	0.00022016385915734002	0.03529047117256925	0.03531108711356051	221	0	0.12952026578396844	0.09762549511313637	0.005360669559480773	0.033078262822465246	4.336808689942018e-18			0	1	1	1	0.85	0	1	nu=5.635,chi=0.9	True
-0.35891440870955127	-0.9588552777484783	0.20413307069220718	0.0014511375997241836	0.22361536719548802	0.22363359310227265	213	0	0.45815282245484007	0.3695418357735747	0.0010457774682223185	0.22361536719548802	2.7755575615628914e-17			0	1	1	1	0.8223938223938224	0	1	nu=7.734,chi=0.1	True
-0.3603826506679694	-0.9309707344252862	0.19216964374538947	0.0013358537698804189	0.20707587496038124	0.20720754671237435	214	0	0.4337588618638927	0.34356645848074563	0.0027397941981365153	0.20707587496038124	2.0816681711721685e-17			0	1	1	1	0.823076923076923	0	1	nu=7.734,chi=0.167	True
-0.36110358129799447	-0.9007954713533197	0.17962854291999647	0.0012210472088254242	0.1906528124034993	0.1907634199965234	214	0	0.4058321968145661	0.33557562774622174	0.002445685614560319	0.1906528124034993	3.469446951953614e-17			0	1	1	1	0.823076923076923	0	1	nu=7.734,chi=0.233	True
-0.36140574233778106	-0.8680334063709043	0.16648925118149696	0.0011074413968528304	0.17421678246513178	0.1743101790334766	215	0	0.3778274904743735	0.3269779229971714	0.0021809550407565007	0.17421678246513178	1.734723475976807e-17			0	1	1	1	0.8237547892720306	0	1	nu=7.734,chi=0.3	True
-0.3608830045769396	-0.832335737487165	0.15273791425652145	0.0009956004582275123	0.1577866547689006	0.15785951843903237	214	0	0.3538502029717867	0.2890178608100167	0.004785070379844657	0.15738138096608043	1.3877787807814457e-17			0	1	1	1	0.823076923076923	0	1	nu=7.734,chi=0.367	True
-0.3593550316714533	-0.7932923050353046	0.1383725743684811	0.0008845452549913387	0.14136571408828008	0.1414259209931913	214	0	0.32529288153150443	0.28033328307630784	0.004306084865774289	0.14100647287418427	1.3877787807814457e-17			0	1	1	1	0.823076923076923	0	1	nu=7.734,chi=0.433	True
-0.356773625752215	-0.7504063343033063	0.12340613117243823	0.0007754146548195849	0.1250160142775262	0.12502879085826074	216	0	0.29894560266910103	0.24690646602124686	0.006107464723375027	0.12411240051097973	1.0408340855860843e-17			0	1	1	1	0.8275862068965517	0	1	nu=7.734,chi=0.5	True
-0.35257188984979876	-0.7030806901795928	0.10787779171001241	0.0006684646162687932	0.10866100525118516	0.10869305988536096	217	0	0.26968408320778264	0.2383203132789634	0.005329724406783952	0.10791186145999049	2.0816681711721685e-17			0	1	1	1	0.8282442748091603	0	1	nu=7.734,chi=0.567	True
-0.3463646168864684	-0.6505875209551607	0.0918658283502149	0.0005640209888353318	0.09243064677846519	0.09245254242726395	216	0	0.24132013093271215	0.20812847672515183	0.0063206852177651734	0.09121122557737305	1.3877787807814457e-17			0	1	1	1	0.8307692307692308	0	1	nu=7.734,chi=0.633	True
-0.3374960171395431	-0.5920297566111141	0.07550805334165374	0.0004626635593858915	0.07634084930989304	0.07635363420069119	217	0	0.21155607839348	0.18102599033617833	0.006685894572796092	0.07473279705652748	1.0408340855860843e-17			0	1	1	1	0.8314176245210728	0	1	nu=7.734,chi=0.7	True
-0.3248365257590668	-0.5262897738523975	0.059033908489936344	0.00036501030571097127	0.060455871875010725	0.06046219506179698	220	0	0.18054000433691234	0.15610167534749966	0.006439749218275998	0.05862138112315492	6.938893903907228e-18			0	1	1	1	0.8365019011406845	0	1	nu=7.734,chi=0.767	True
-0.3064555448119041	-0.4519550722305266	0.042814204925663346	0.00027217769558223636	0.04487533275627166	0.044877000234423724	219	0	0.14733972646580618	0.12079984028313877	0.006427950624199747	0.042503118859478946	1.0408340855860843e-17			0	1	1	1	0.8390804597701149	0	1	nu=7.734,chi=0.833	True
-0.27888878217817104	-0.3672157002000046	0.02744184659484242	0.00018537576791981635	0.029760142878960026	0.02976014386359529	221	0	0.1106209272813222	0.08218816896523459	0.005816345694747108	0.026965614256263988	2.6020852139652106e-18			0	1	1	1	0.8467432950191571	0	1	nu=7.734,chi=0.9	True
-0.359277312254353	-0.9594585266987975	0.20447502580598265	0.0014476748846985795	0.22284122661423628	0.2228653894770795	213	0	0.45599946769047384	0.3674974702034776	0.0012066295080832856	0.22284122661423628	2.7755575615628914e-17			0	1	1	1	0.8223938223938224	0	1	nu=10.62,chi=0.1	True
-0.3609069703524321	-0.9318564028819112	0.1926782684060112	0.0013299919639484083	0.2058211589348178	0.20594556771366546	214	0	0.42966491779537735	0.3433446934281389	0.0026805589932893167	0.2058211589348178	2.0816681711721685e-17			0	1	1	1	0.823076923076923	0	1	nu=10.62,chi=0.167	True
-0.3618427564955743	-0.9018331509912131	0.18024365464626793	0.0012129190075918545	0.1889202569865322	0.18902504413492585	214	0	0.40027602523824146	0.3349266971095222	0.002402670625118776	0.1889202569865322	3.469446951953614e-17			0	1	1	1	0.823076923076923	0	1	nu=10.62,chi=0.233	True
-0.36233754386411215	-0.8690546755562158	0.16714022004516854	0.0010968666651968175	0.1720270125623986	0.17211587800900502	215	0	0.37087575152912405	0.3259412937441189	0.002152397764152123	0.1720270125623986	2.0816681711721685e-17			0	1	1	1	0.8237547892720306	0	1	nu=10.62,chi=0.3	True
-0.361730104797083	-0.8331217903274053	0.1533423282258178	0.0009825458764104874	0.15516118072385449	0.15523328167335054	214	0	0.3457364815481198	0.2874688322684815	0.004826470953743579	0.15476046718434497	4.163336342344337e-17			0	1	1	1	0.823076923076923	0	1	nu=10.62,chi=0.367	True
-0.36025648447308906	-0.793558075624394	0.1388355082140677	0.0008693752805758808	0.1383400985554843	0.13839661695213173	214	0	0.31587487121574637	0.2790605369108665	0.004303922113947195	0.1379907603729273	2.7755575615628914e-17			0	1	1	1	0.823076923076923	0	1	nu=10.62,chi=0.433	True
-0.35731912626210394	-0.7497825563943952	0.12362138893837943	0.0007578739759506345	0.12158768307657568	0.12163090087118962	216	0	0.2885883456742297	0.24523193418671002	0.006165356683032907	0.12072877164351564	2.7755575615628914e-17			0	1	1	1	0.8275862068965517	0	1	nu=10.62,chi=0.5	True
-0.3528075156080618	-0.7010832281409725	0.10772930309342707	0.0006486462149601736	0.10493826076789398	0.10496907887727358	217	0	0.25981208496208136	0.21514825057947662	0.0074231516304949455	0.10352689793362597	6.938893903907228e-18			0	1	1	1	0.8282442748091603	0	1	nu=10.62,chi=0.567	True
-0.34588900302804526	-0.6465789149022484	0.09123348424198681	0.0005420945867035552	0.0884348332172197	0.08845521109279808	216	0	0.22913837382864216	0.20732483807790528	0.006296597721087751	0.08726289525020049	1.3877787807814457e-17			0	1	1	1	0.8275862068965517	0	1	nu=10.62,chi=0.633	True
-0.3357557331278212	-0.5851640864614044	0.07427957382679291	0.0004388373756085295	0.07213812780633783	0.07214988302834802	219	0	0.1989142398264571	0.16424202677058058	0.008053412099146227	0.06989444427476509	2.0816681711721685e-17			0	1	1	1	0.8326996197718631	0	1	nu=10.62,chi=0.7	True
-0.3209797136190795	-0.5154338350452915	0.05712821494125006	0.0003394076479591005	0.05613324344888223	0.05613911482109447	220	0	0.16712191873200602	0.14238155505316902	0.007390892864736467	0.0537769808231275	6.938893903907228e-18			0	1	1	1	0.8333333333333334	0	1	nu=10.62,chi=0.767	True
-0.2993233277828324	-0.43556960583132315	0.04022515483850343	0.0002454423286846523	0.040549038791380686	0.040550998389114065	221	0	0.13355245291649642	0.11109646532957045	0.006868482328735297	0.03781718170937911	6.938893903907228e-18			0	1	1	1	0.8371212121212122	0	1	nu=10.62,chi=0.833	True
-0.26595633636975735	-0.3431805054749357	0.024322022686449472	0.00015862606702198845	0.025591180875597863	0.025591285302067213	223	0	0.09595095346499824	0.06992439221652227	0.006095655805449234	0.022307637431685602	3.469446951953614e-18			0	1	1	1	0.8446969696969697	0	1	nu=10.62,chi=0.9	True
-0.3595449660806938	-0.9599258095760781	0.20473999321989256	0.0014450077303144262	0.22220851548619294	0.2222370631037965	213	0	0.4542156556962865	0.3659479344495916	0.0013147255516513595	0.22220851548619294	2.0816681711721685e-17			0	1	1	1	0.8223938223938224	0	1	nu=14.57,chi=0.1	True
-0.36131347075466386	-0.9325454360586927	0.19307410969412406	0.0013254779706350346	0.20478709514474974	0.2049156901754729	214	0	0.42653815480648294	0.34197252951734425	0.002743018077070445	0.20478709514474974	2.0816681711721685e-17			0	1	1	1	0.823076923076923	0	1	nu=14.57,chi=0.167	True
-0.3623873030583862	-0.902644252603425	0.1807245151687034	0.0012066631066100712	0.1875012548735349	0.18761029520981337	214	0	0.3959730686142499	0.3331590272032407	0.0024733566999589687	0.1875012548735349	3.469446951953614e-17			0	1	1	1	0.823076923076923	0	1	nu=14.57,chi=0.233	True
-0.3630150749245585	-0.869857045683136	0.1676513645408125	0.0010887294856519753	0.17024719854735382	0.17033565594267508	215	0	0.36535815706935093	0.3243807473138073	0.00217121987332474	0.17024719854735382	2.7755575615628914e-17			0	1	1	1	0.8237547892720306	0	1	nu=14.57,chi=0.3	True
-0.36233928270095317	-0.8337427706608693	0.15381878487639924	0.000972509633675553	0.15303986754939983	0.1531102093724288	214	0	0.33921369649591304	0.2860043473324977	0.004850215513044385	0.152644669019933	2.0816681711721685e-17			0	1	1	1	0.823076923076923	0	1	nu=14.57,chi=0.367	True
-0.36088538395623754	-0.7937691971322127	0.13920117267133528	0.0008576966273875456	0.1359015045781577	0.13595757879542564	214	0	0.3083902844107937	0.2772663675291862	0.004342841165086141	0.13555623226869443	2.7755575615628914e-17			0	1	1	1	0.8199233716475096	0	1	nu=14.57,chi=0.433	True
-0.3576496876244772	-0.7492828226778641	0.12378959546452256	0.0007443750399872146	0.11886868079302865	0.11890857139649733	216	0	0.280278917472031	0.24400138129975654	0.006168427373417532	0.11803308166396428	2.0816681711721685e-17			0	1	1	1	0.8244274809160306	0	1	nu=14.57,chi=0.5	True
-0.3526442531471135	-0.6994712274289006	0.10760370115837425	0.0006334041660614427	0.10197421051648708	0.10200316516359383	217	0	0.250877612368543	0.21395362614246893	0.007436828278455419	0.10060080985321476	1.3877787807814457e-17			0	1	1	1	0.8250950570342205	0	1	nu=14.57,chi=0.567	True
-0.3450326310264016	-0.6433163531816809	0.09071274578780363	0.0005252417279295234	0.08527651791049559	0.08529551422141937	216	0	0.2204053463982728	0.18740796080966957	0.008047621012708582	0.08343409185528201	8.673617379884035e-18			0	1	1	1	0.8244274809160306	0	1	nu=14.57,chi=0.633	True
-0.33375779476796424	-0.579523329819609	0.07326809167766601	0.00042028165137758744	0.06884884877917882	0.06886007075918768	219	0	0.18909836452660597	0.16380722707418985	0.007985953897950747	0.06669365482761958	1.734723475976807e-17			0	1	1	1	0.8295454545454546	0	1	nu=14.57,chi=0.7	True
-0.3172455091359286	-0.5064152132126675	0.05555695576970716	0.0003198299878124013	0.052797459873598435	0.05280309879554078	220	0	0.1565906783616986	0.12974716544292095	0.00831639731877119	0.04988728789536474	3.469446951953614e-18			0	1	1	1	0.8301886792452831	0	1	nu=14.57,chi=0.767	True
-0.2925068806479274	-0.4217861482764409	0.038096585585876176	0.0002251292920340895	0.03728083146372667	0.037283162596062416	221	0	0.1228736181177052	0.10226619994777196	0.007296357024876089	0.03417669836802567	3.469446951953614e-18			0	1	1	1	0.8308270676691729	0	1	nu=14.57,chi=0.833	True
-0.25371112494752635	-0.32266874843659743	0.021796591556510068	0.0001383642218386345	0.02255226004353276	0.0225526814785224	223	0	0.08469192115415163	0.05989718853401727	0.006291781515948962	0.018803316608685068	2.6020852139652106e-18			0	1	1	1	0.8352059925093633	0	1	nu=14.57,chi=0.9	True
-0.3597457942901413	-0.9602822366035587	0.2049421517630298	0.0014429833884985722	0.22170171079637999	0.2217367005892639	213	0	0.4529170604379327	0.3641019490003975	0.001460969530907339	0.22170171079637999	2.7755575615628914e-17			0	1	1	1	0.8223938223938224	0	1	nu=20,chi=0.1	True
-0.361600343499327	-0.9330727602598208	0.1933771371030044	0.0013220560192398147	0.2039715287567866	0.2040974502987099	214	0	0.4239701070650178	0.34137085728316985	0.002727909600169661	0.2039715287567866	3.469446951953614e-17			0	1	1	1	0.823076923076923	0	1	nu=20,chi=0.167	True
-0.36278406326993773	-0.9032672900569526	0.18109391386406448	0.0012019088170288628	0.18638253160483398	0.18648875435802287	214	0	0.39247307865284636	0.3322807709116605	0.0024582577719388893	0.18638253160483398	2.0816681711721685e-17			0	1	1	1	0.823076923076923	0	1	nu=20,chi=0.233	True
-0.36341237491151374	-0.8704758209904042	0.16804537311751996	0.0010825536960767054	0.16884479506314173	0.16892784700738994	215	0	0.36566733056496503	0.29347815808224315	0.005340501709532487	0.16840548011896422	2.7755575615628914e-17			0	1	1	1	0.8206106870229007	0	1	nu=20,chi=0.3	True
-0.3627685931957805	-0.8342237256908471	0.1541871796496432	0.0009648981673894104	0.1513705153246634	0.1514360361341055	214	0	0.3340460540060667	0.2850620616664021	0.004825588864220652	0.15098493960515666	1.3877787807814457e-17			0	1	1	1	0.8199233716475096	0	1	nu=20,chi=0.367	True
-0.36120691074957695	-0.7939334390594381	0.1394843426492373	0.0008488246552622968	0.13403718806599024	0.13404075233876206	215	0	0.3055564537462703	0.2503880006612287	0.0070175213314434106	0.13302836248932404	2.0816681711721685e-17			0	1	1	1	0.8237547892720306	0	1	nu=20,chi=0.433	True
-0.3578334858067332	-0.7488914863181545	0.12391868855137786	0.0007341271403572991	0.11673865370007724	0.11677761305517312	216	0	0.2738245098480519	0.2425189981979716	0.006202308153622295	0.11591596865829167	2.7755575615628914e-17			0	1	1	1	0.8244274809160306	0	1	nu=20,chi=0.5	True
-0.35242277173358766	-0.6982015076528225	0.10750114774126834	0.0006218361406011629	0.09966507315999876	0.09969315239448437	217	0	0.24393286836081934	0.2126747124660075	0.0074653540937211415	0.09831851659709884	6.938893903907228e-18			0	1	1	1	0.8250950570342205	0	1	nu=20,chi=0.567	True
-0.3441969533319553	-0.6407293177385749	0.09029598657848505	0.0005123757496960006	0.08283247578251934	0.08285040833097623	217	0	0.2130746501578212	0.18653064357638452	0.008044195294579549	0.08103861476102758	1.0408340855860843e-17			0	1	1	1	0.821969696969697	0	1	nu=20,chi=0.633	True
-0.3320225097719614	-0.5750151270458608	0.07245823321823568	0.00040623859488393357	0.06632584636344706	0.06633643838728899	219	0	0.18149555759767194	0.16340195249901004	0.00793785566364099	0.06424091402158871	1.0408340855860843e-17			0	1	1	1	0.8264150943396227	0	1	nu=20,chi=0.7	True
-0.3138459256294886	-0.49914325082094124	0.054297889732367	0.0003049777576940015	0.05027072376380222	0.050276426880735275	221	0	0.14905715717186496	0.12999732164005828	0.00818071389161338	0.04747781918964439	5.204170427930421e-18			0	1	1	1	0.8246268656716418	0	1	nu=20,chi=0.767	True
-0.2864181759346113	-0.4105573317235058	0.03639587830419405	0.00020973178506854538	0.03485609028745257	0.034858666574718075	222	0	0.11468999982215064	0.09421945372608984	0.007719449306256777	0.03136217960808788	3.469446951953614e-18			0	1	1	1	0.8252788104089219	0	1	nu=20,chi=0.833	True
-0.2428599980703242	-0.3057553998055216	0.01980908703338394	0.00012324452232540065	0.02038271951912779	0.020383620664874025	226	0	0.07693177200696655	0.054874769078518744	0.006217951116482452	0.016430173104956865	3.469446951953614e-18			0	1	1	1	0.8278388278388278	0	1	nu=20,chi=0.9	True
