name	ok	n_turns	j_crit	j_turn	ratio
nu=0.01,chi=0.1	True	1	0.2349982694294005	0.2320529352511321	0.9874665707733935
nu=0.01,chi=0.167	True	1	0.22631564830604398	0.22401495842836863	0.9898341546645323
nu=0.01,chi=0.233	True	1	0.21775902883544973	0.21607761164112774	0.9922785420043705
nu=0.01,chi=0.3	True	1	0.2093455102407629	0.20820982423296167	0.9945750639385812
nu=0.01,chi=0.367	True	1	0.2010924720605201	0.20038187072363225	0.9964662956817498
nu=0.01,chi=0.433	True	1	0.19301659304506433	0.19268400534178504	0.9982768957941267
nu=0.01,chi=0.5	True	1	0.18513258973879276	0.18498903862605404	0.9992246037667314
nu=0.01,chi=0.567	True	0	0.17745297285125572		
nu=0.01,chi=0.633	True	0	0.1699858614035403		
nu=0.01,chi=0.7	True	0	0.16273521384816916		
nu=0.01,chi=0.767	True	0	0.15570073257199177		
nu=0.01,chi=0.833	True	0	0.1488775565623132		
nu=0.01,chi=0.9	True	0	0.14225745185744396		
nu=0.01373,chi=0.1	True	1	0.2349745828006533	0.2320272210008352	0.9874566782300936
nu=0.01373,chi=0.167	True	1	0.2262747222964304	0.22397078501509063	0.9898179643843669
nu=0.01373,chi=0.233	True	1	0.21769960202706592	0.21601428009341342	0.9922584978660505
nu=0.01373,chi=0.3	True	1	0.2092663197036227	0.20812908696478405	0.9945656198262135
nu=0.01373,chi=0.367	True	1	0.20099169876979847	0.20027664373102305	0.9964423653158213
nu=0.01373,chi=0.433	True	1	0.19289269375578988	0.19255675760693405	0.9982584298953223
nu=0.01373,chi=0.5	True	1	0.1849840227177034	0.1848377945589824	0.9992095092507305
nu=0.01373,chi=0.567	True	0	0.17727787717285218		
nu=0.01373,chi=0.633	True	0	0.1697826884813509		
nu=0.01373,chi=0.7	True	0	0.16250248044239365		
nu=0.01373,chi=0.767	True	0	0.15543704740897976		
nu=0.01373,chi=0.833	True	0	0.14858172918960408		
nu=0.01373,chi=0.9	True	0	0.14192839102737612		
nu=0.01884,chi=0.1	True	1	0.23494220640259472	0.2319921766891746	0.9874435940711096
nu=0.01884,chi=0.167	True	1	0.22621879942705655	0.22391048524676843	0.9897960992360741
nu=0.01884,chi=0.233	True	1	0.21761845079571482	0.21592713751498702	0.992228079583585
nu=0.01884,chi=0.3	True	1	0.2091578392585535	0.20801288299261195	0.9945258744783351
nu=0.01884,chi=0.367	True	1	0.20085406403891543	0.20013274624977334	0.996408746855118
nu=0.01884,chi=0.433	True	1	0.1927235235722825	0.19238552019232136	0.9982461747601123
nu=0.01884,chi=0.5	True	1	0.18478093440297183	0.18463140560620006	0.9991907780028557
nu=0.01884,chi=0.567	True	0	0.1770386954843258		
nu=0.01884,chi=0.633	True	0	0.16950521632631954		
nu=0.01884,chi=0.7	True	0	0.1621846297039685		
nu=0.01884,chi=0.767	True	0	0.15507693561737396		
nu=0.01884,chi=0.833	True	0	0.1481777690752186		
nu=0.01884,chi=0.9	True	0	0.14147909452493174		
nu=0.02586,chi=0.1	True	1	0.23489805676895525	0.2319450307860538	0.9874284784492448
nu=0.02586,chi=0.167	True	1	0.22614255371068634	0.2238284109487045	0.9897668849846702
nu=0.02586,chi=0.233	True	1	0.21750772631765708	0.2158079877677542	0.9921853877162022
nu=0.02586,chi=0.3	True	1	0.20900997302514154	0.20785766126746336	0.9944868096914228
nu=0.02586,chi=0.367	True	1	0.20066625289893786	0.1999366282005949	0.9963639890225567
nu=0.02586,chi=0.433	True	1	0.19249268405926268	0.19214783276069702	0.9982084965968915
nu=0.02586,chi=0.5	True	1	0.18450412320809273	0.18434990557278289	0.99916415073751
nu=0.02586,chi=0.567	True	0	0.17671270998915023		
nu=0.02586,chi=0.633	True	0	0.16912695013862164		
nu=0.02586,chi=0.7	True	0	0.16175150351053003		
nu=0.02586,chi=0.767	True	0	0.1545862709007351		
nu=0.02586,chi=0.833	True	0	0.14762738333966705		
nu=0.02586,chi=0.9	True	0	0.14086710288786572		
nu=0.0355,chi=0.1	True	1	0.23483778901515945	0.23187947160581393	0.9874027198869831
nu=0.0355,chi=0.167	True	1	0.2260386948734612	0.2237170017811921	0.9897287803153845
nu=0.0355,chi=0.233	True	1	0.2173569167754682	0.2156456880970518	0.9921271027220905
nu=0.0355,chi=0.3	True	1	0.20880870675888086	0.20764693737960246	0.9944362024107551
nu=0.0355,chi=0.367	True	1	0.20041060549652207	0.19966979461673184	0.996303534546214
nu=0.0355,chi=0.433	True	1	0.19217873110903255	0.19182209629693683	0.9981442545174607
nu=0.0355,chi=0.5	True	1	0.18412765998287672	0.18396712768383092	0.9991281467485074
nu=0.0355,chi=0.567	True	0	0.17626936574763302		
nu=0.0355,chi=0.633	True	0	0.16861287319528054		
nu=0.0355,chi=0.7	True	0	0.16116272569137566		
nu=0.0355,chi=0.767	True	0	0.15391941925789182		
nu=0.0355,chi=0.833	True	0	0.14687938253832478		
nu=0.0355,chi=0.9	True	0	0.14003547281927395		
nu=0.04872,chi=0.1	True	1	0.2347559369959455	0.23179118535479243	0.9873709194361961
nu=0.04872,chi=0.167	True	1	0.22589741812581568	0.22356436663456242	0.9896720754464141
nu=0.04872,chi=0.233	True	1	0.21715200641239818	0.21542689817061406	0.9920557572997601
nu=0.04872,chi=0.3	True	1	0.2085353995030099	0.20735910403569074	0.9943592528169196
nu=0.04872,chi=0.367	True	1	0.20006385567559964	0.1993076495927384	0.9962201764016413
nu=0.04872,chi=0.433	True	1	0.19175293242018882	0.19138014165828715	0.9980558797344242
nu=0.04872,chi=0.5	True	1	0.1836172061234477	0.1834480364470157	0.9990786828750773
nu=0.04872,chi=0.567	True	1	0.17566868340652478	0.17565319610245786	0.9999118379908895
nu=0.04872,chi=0.633	True	0	0.1679163594516927		
nu=0.04872,chi=0.7	True	0	0.16036532112357416		
nu=0.04872,chi=0.767	True	0	0.15301646126143498		
nu=0.04872,chi=0.833	True	0	0.1458668037347793		
nu=0.04872,chi=0.9	True	0	0.1389096026475305		
nu=0.06687,chi=0.1	True	1	0.2346450723603677	0.23167146121079427	0.987327195411943
nu=0.06687,chi=0.167	True	1	0.22570624320427618	0.22335835094277695	0.989597575024213
nu=0.06687,chi=0.233	True	1	0.21687491490222174	0.2151299716163751	0.9919541488390515
nu=0.06687,chi=0.3	True	1	0.20816608431380956	0.20697234843958015	0.994265464145303
nu=0.06687,chi=0.367	True	1	0.19959530892878596	0.1988184392358732	0.9961077757935185
nu=0.06687,chi=0.433	True	1	0.19117800608002608	0.1907831617990107	0.9979346772721852
nu=0.06687,chi=0.5	True	1	0.1829283316813132	0.18274734010328467	0.9990105874996781
nu=0.06687,chi=0.567	True	1	0.17485838227314873	0.17483769296863247	0.9998816796527149
nu=0.06687,chi=0.633	True	0	0.16697729107172943		
nu=0.06687,chi=0.7	True	0	0.15929054119231953		
nu=0.06687,chi=0.767	True	0	0.1517997199048025		
nu=0.06687,chi=0.833	True	0	0.14450244630494713		
nu=0.06687,chi=0.9	True	0	0.1373929665399323		
nu=0.09179,chi=0.1	True	1	0.23449566439382796	0.2315103050458684	0.9872690211323235
nu=0.09179,chi=0.167	True	1	0.22544891391117436	0.223081381398388	0.9894985854147023
nu=0.09179,chi=0.233	True	1	0.21650209577386392	0.21473027142980208	0.9918161330599197
nu=0.09179,chi=0.3	True	1	0.2076693658959952	0.20644956360247196	0.9941262290263162
nu=0.09179,chi=0.367	True	1	0.19896586129505595	0.19816116954318105	0.9959556290378802
nu=0.09179,chi=0.433	True	1	0.19040629851570062	0.18998073638869065	0.9977649787306018
nu=0.09179,chi=0.5	True	1	0.18200427284151247	0.1818071373651649	0.9989168634710064
nu=0.09179,chi=0.567	True	1	0.17377219384174275	0.17373137864394508	0.999765122388713
nu=0.09179,chi=0.633	True	0	0.16571908229674326		
nu=0.09179,chi=0.7	True	0	0.15785118527366696		
nu=0.09179,chi=0.767	True	0	0.15017088367712944		
nu=0.09179,chi=0.833	True	0	0.14267659023757054		
nu=0.09179,chi=0.9	True	0	0.13536354314569643		
nu=0.126,chi=0.1	True	1	0.23429551938810408	0.23129285711104913	0.9871842949242187
nu=0.126,chi=0.167	True	1	0.22510468692631302	0.2227109721687233	0.9893662153806095
nu=0.126,chi=0.233	True	1	0.21600383562285025	0.21419728173413657	0.9916364731047278
nu=0.126,chi=0.3	True	1	0.20700656076134738	0.20575451566432487	0.9939516646602039
nu=0.126,chi=0.367	True	1	0.19812673794090135	0.19728506377274696	0.9957518395704599
nu=0.126,chi=0.433	True	1	0.18937838291856776	0.1889132367597411	0.9975438265357526
nu=0.126,chi=0.5	True	1	0.18077481066304263	0.18055620769382097	0.9987907443054711
nu=0.126,chi=0.567	True	1	0.17232807611427967	0.17226831230740647	0.999653197504314
nu=0.126,chi=0.633	True	0	0.16404768740275164		
nu=0.126,chi=0.7	True	0	0.15594031107803008		
nu=0.126,chi=0.767	True	0	0.14800932008829573		
nu=0.126,chi=0.833	True	0	0.14025451602470232		
nu=0.126,chi=0.9	True	0	0.13267242673492613		
nu=0.1729,chi=0.1	True	1	0.23403005998912585	0.2310084999918519	0.9870890090041666
nu=0.1729,chi=0.167	True	1	0.22464833388796707	0.2222198985461036	0.9891900585246516
nu=0.1729,chi=0.233	True	1	0.21534439426973026	0.21349128670193684	0.9913946793271419
nu=0.1729,chi=0.3	True	1	0.2061304358093528	0.20482629273333014	0.9936732143853377
nu=0.1729,chi=0.367	True	1	0.19701893253073624	0.19612810013408294	0.9954784426795413
nu=0.1729,chi=0.433	True	1	0.18802333955999972	0.1875063825628643	0.9972505700710074
nu=0.1729,chi=0.5	True	1	0.17915613092067945	0.17891431104789834	0.998650228314608
nu=0.1729,chi=0.567	True	1	0.17042910644073286	0.17034315414682225	0.9994956712752554
nu=0.1729,chi=0.633	True	0	0.16185189831297364		
nu=0.1729,chi=0.7	True	0	0.15343212748928664		
nu=0.1729,chi=0.767	True	0	0.14517415896077468		
nu=0.1729,chi=0.833	True	0	0.13707938158875396		
nu=0.1729,chi=0.9	True	0	0.1291458112857234		
nu=0.2374,chi=0.1	True	1	0.23368162924422223	0.2306321556720898	0.9869503067828006
nu=0.2374,chi=0.167	True	1	0.22405070202181118	0.22157762501880768	0.988961976103236
nu=0.2374,chi=0.233	True	1	0.21448228507458708	0.2125682586312216	0.9910760627960493
nu=0.2374,chi=0.3	True	1	0.204986890219635	0.2036096227505008	0.9932811924330451
nu=0.2374,chi=0.367	True	1	0.19557587021995745	0.19462142563678483	0.995119824433867
nu=0.2374,chi=0.433	True	1	0.18626127862655603	0.18567525506198293	0.996853755279174
nu=0.2374,chi=0.5	True	1	0.17705466738481104	0.1767690800767864	0.9983870105643476
nu=0.2374,chi=0.567	True	1	0.167967448323224	0.16784658086255674	0.9992804114018886
nu=0.2374,chi=0.633	True	0	0.15900939606359848		
nu=0.2374,chi=0.7	True	0	0.15018874046023947		
nu=0.2374,chi=0.767	True	0	0.1415114351430721		
nu=0.2374,chi=0.833	True	0	0.13298035703830124		
nu=0.2374,chi=0.9	True	0	0.12459597197579839		
nu=0.3258,chi=0.1	True	1	0.23323130298115896	0.23014674901515417	0.9867746999370236
nu=0.3258,chi=0.167	True	1	0.2232799755604717	0.22075035933125947	0.9886706534123249
nu=0.3258,chi=0.233	True	1	0.2133727977735349	0.21138219783699108	0.9906707886041942
nu=0.3258,chi=0.3	True	1	0.20351873970440115	0.20204857999959042	0.992776293195673
nu=0.3258,chi=0.367	True	1	0.19372761238284053	0.19269347912125626	0.9946619211951023
nu=0.3258,chi=0.433	True	1	0.1840093669962365	0.1833355957322298	0.9963383860560725
nu=0.3258,chi=0.5	True	1	0.17437486026992546	0.1740338856317267	0.9980445883215565
nu=0.3258,chi=0.567	True	1	0.16483447710502197	0.16466829850266745	0.9989918456061311
nu=0.3258,chi=0.633	True	1	0.15539815930375608	0.15536835843413127	0.999808228940688
nu=0.3258,chi=0.7	True	0	0.14607473605288526		
nu=0.3258,chi=0.767	True	0	0.1368713500661042		
nu=0.3258,chi=0.833	True	0	0.12779335837814984		
nu=0.3258,chi=0.9	True	0	0.11884326919347041		
nu=0.4472,chi=0.1	True	1	0.23266044121045543	0.22953117589124833	0.9865500757115109
nu=0.4472,chi=0.167	True	1	0.2223054599965815	0.21970457787827558	0.9883004127818277
nu=0.4472,chi=0.233	True	1	0.2119740252540151	0.2098879204599208	0.990158677264375
nu=0.4472,chi=0.3	True	1	0.20167314486102803	0.20008514214679438	0.9921258593189096
nu=0.4472,chi=0.367	True	1	0.19141052748366988	0.190274633178319	0.9940656644110246
nu=0.4472,chi=0.433	True	1	0.1811944424189797	0.18041066732973646	0.9956743977421179
nu=0.4472,chi=0.5	True	1	0.17103405456881351	0.17057796615483162	0.9973333473551117
nu=0.4472,chi=0.567	True	1	0.16093882147268668	0.1607131419009091	0.9985977306798168
nu=0.4472,chi=0.633	True	1	0.15091828925239664	0.15083636596660444	0.9994571679403601
nu=0.4472,chi=0.7	True	0	0.1409815847081089		
nu=0.4472,chi=0.767	True	0	0.13113743782264303		
nu=0.4472,chi=0.833	True	0	0.12139300424345184		
nu=0.4472,chi=0.9	True	0	0.11175425864146335		
nu=0.6138,chi=0.1	True	1	0.23195418722986366	0.22876434427892559	0.9862479613365334
nu=0.6138,chi=0.167	True	1	0.22110388917392945	0.21841810445106238	0.9878528381707735
nu=0.6138,chi=0.233	True	1	0.21025513027318454	0.20805406496586143	0.989531454930668
nu=0.6138,chi=0.3	True	1	0.19941268361899647	0.19768219536880716	0.9913220753124429
nu=0.6138,chi=0.367	True	1	0.1885824280950265	0.18730585467204935	0.9932306873133806
nu=0.6138,chi=0.433	True	1	0.17777052597654094	0.17685321926156455	0.9948399392422486
nu=0.6138,chi=0.5	True	1	0.16698433458051481	0.16638699170152252	0.9964227609704054
nu=0.6138,chi=0.567	True	1	0.15623187266359456	0.15592989161285903	0.9980670970296454
nu=0.6138,chi=0.633	True	1	0.14552177100428085	0.14537272822633682	0.9989758042599712
nu=0.6138,chi=0.7	True	1	0.1348632556072287	0.13483688969107696	0.9998044988901311
nu=0.6138,chi=0.767	True	0	0.12426616074164404		
nu=0.6138,chi=0.833	True	0	0.11374000735296044		
nu=0.6138,chi=0.9	True	0	0.10329425291321548		
nu=0.8426,chi=0.1	True	1	0.23110651426413303	0.22784244205475182	0.9858763297098121
nu=0.8426,chi=0.167	True	1	0.21966671348101377	0.21688146011706666	0.9873205488450673
nu=0.8426,chi=0.233	True	1	0.20820701032341032	0.20587173106853746	0.9887838586642906
nu=0.8426,chi=0.3	True	1	0.1967302079425011	0.19483428790364668	0.9903628422971599
nu=0.8426,chi=0.367	True	1	0.18524009059272706	0.18377078936920319	0.9920681251082181
nu=0.8426,chi=0.433	True	1	0.17374074606278642	0.17266685858195774	0.9938190234290775
nu=0.8426,chi=0.5	True	1	0.1622376048269339	0.1614745086895578	0.9952964287275435
nu=0.8426,chi=0.567	True	1	0.15073694369992663	0.15026523549370605	0.9968706529756924
nu=0.8426,chi=0.633	True	1	0.139246302212484	0.139014316811287	0.9983339923753022
nu=0.8426,chi=0.7	True	1	0.1277745095514089	0.12767534315154808	0.9992238952807647
nu=0.8426,chi=0.767	True	0	0.11633208350870494		
nu=0.8426,chi=0.833	True	0	0.10493095081683981		
nu=0.8426,chi=0.9	True	0	0.09358514945392545		
nu=1.156,chi=0.1	True	1	0.23012471050678474	0.22677838628899818	0.9854586488760063
nu=1.156,chi=0.167	True	1	0.218009069935087	0.2151134695825065	0.9867179821764173
nu=1.156,chi=0.233	True	1	0.2058548860326703	0.20337066957803654	0.9879321958175941
nu=1.156,chi=0.3	True	1	0.19366342021717264	0.1915832122699607	0.9892586429338116
nu=1.156,chi=0.367	True	1	0.18143649453722727	0.1797520692364243	0.9907161714896484
nu=1.156,chi=0.433	True	1	0.16917684992678134	0.1678787298624431	0.9923268457540139
nu=1.156,chi=0.5	True	1	0.1568879110323406	0.15593842204144642	0.9939479786259731
nu=1.156,chi=0.567	True	1	0.1445744686631296	0.1439098546057687	0.9954029638600332
nu=1.156,chi=0.633	True	1	0.13224267348944338	0.13184503279676404	0.9969930985045378
nu=1.156,chi=0.7	True	1	0.11990095423025805	0.11971588568563218	0.9984564881421172
nu=1.156,chi=0.767	True	1	0.10756045285874621	0.10749296710904648	0.9993725784160804
nu=1.156,chi=0.833	True	0	0.09523589084207501		
nu=1.156,chi=0.9	True	0	0.08294717482422594		
nu=1.587,chi=0.1	True	1	0.2290335838469511	0.22560191779732158	0.9850167560931907
nu=1.587,chi=0.167	True	1	0.21617510816970364	0.21315304124177611	0.986020282568541
nu=1.587,chi=0.233	True	1	0.20326449387768158	0.20062329787653013	0.9870061123280053
nu=1.587,chi=0.3	True	1	0.19030216144330778	0.18802598527598427	0.9880391470592855
nu=1.587,chi=0.367	True	1	0.17728938487748727	0.17537845779633354	0.989221424156476
nu=1.587,chi=0.433	True	1	0.164227346481097	0.16267088919640302	0.9905225450082205
nu=1.587,chi=0.5	True	1	0.15111868203999435	0.14991333167183948	0.9920238163019721
nu=1.587,chi=0.567	True	1	0.1379672605239763	0.1370962092067548	0.9936865361107166
nu=1.587,chi=0.633	True	1	0.1247786074920394	0.124172476015749	0.9951423446015851
nu=1.587,chi=0.7	True	1	0.11156102029447819	0.11120409558888789	0.9968006324731689
nu=1.587,chi=0.767	True	1	0.09832707243761428	0.09817949399800134	0.9984991067469585
nu=1.587,chi=0.833	True	1	0.08509532139404247	0.0850522260260007	0.9994935636021373
nu=1.587,chi=0.9	True	0	0.07189437376191016		
nu=2.179,chi=0.1	True	1	0.22787546187008903	0.2243556705779359	0.9845538819174846
nu=2.179,chi=0.167	True	1	0.2142368691744547	0.21107325964241144	0.985233122831593
nu=2.179,chi=0.233	True	1	0.20053997093105688	0.19773212742530027	0.9859985842586867
nu=2.179,chi=0.3	True	1	0.18678504745482452	0.18431264065114827	0.9867633580023357
nu=2.179,chi=0.367	True	1	0.17297330120860346	0.1708299274243039	0.9876086438235072
nu=2.179,chi=0.433	True	1	0.15910621950958273	0.15728990558419306	0.9885842682266719
nu=2.179,chi=0.5	True	1	0.1451866587089889	0.14369605556614373	0.9897331947983394
nu=2.179,chi=0.567	True	1	0.1312187853897419	0.13005116828217025	0.9911017534257489
nu=2.179,chi=0.633	True	1	0.1172090991171845	0.11636091923571389	0.9927635321160296
nu=2.179,chi=0.7	True	1	0.10316765090017192	0.10260238777114854	0.9945209266267936
nu=2.179,chi=0.767	True	1	0.08910996290679163	0.08878426994364405	0.9963450443415822
nu=2.179,chi=0.833	True	1	0.07506107837622637	0.07495305225402814	0.9985608237380127
nu=2.179,chi=0.9	True	0	0.06106275674556044		
nu=2.991,chi=0.1	True	1	0.2267044453971418	0.22310067669842654	0.9841036699020076
nu=2.991,chi=0.167	True	1	0.21228573568311523	0.20898489854184515	0.9844509706191595
nu=2.991,chi=0.233	True	1	0.19781012199691883	0.1948147303903838	0.9848572379598366
nu=2.991,chi=0.3	True	1	0.18327900591410218	0.18059270172653274	0.985343088401361
nu=2.991,chi=0.367	True	1	0.1686946175797682	0.16632165876584523	0.9859334052978845
nu=2.991,chi=0.433	True	1	0.1540601902311709	0.15199627575568353	0.9866031940348092
nu=2.991,chi=0.5	True	1	0.1393805255574045	0.13761980563974138	0.987367532798275
nu=2.991,chi=0.567	True	1	0.12466211678775757	0.12320515815316901	0.988312739490305
nu=2.991,chi=0.633	True	1	0.10991470260399444	0.10876425414967843	0.9895332614558318
nu=2.991,chi=0.7	True	1	0.09515268319624413	0.09431026304158449	0.9911466484563317
nu=2.991,chi=0.767	True	1	0.08039799649560854	0.07986223026355926	0.9933360748351666
nu=2.991,chi=0.833	True	1	0.06568610990041526	0.06541075413051976	0.9958080061323017
nu=2.991,chi=0.9	True	1	0.05107852428870485	0.05101758153235508	0.9988068810287997
nu=4.105,chi=0.1	True	1	0.22557729824256006	0.22189737915872296	0.9836866603487726
nu=4.105,chi=0.167	True	1	0.21041533295028597	0.20699118550130371	0.9837267208574041
nu=4.105,chi=0.233	True	1	0.1952050132975341	0.19204109695579175	0.9837918284561685
nu=4.105,chi=0.3	True	1	0.17994956290803754	0.17705271034516623	0.9839018638553085
nu=4.105,chi=0.367	True	1	0.16465382598309128	0.1620298917280617	0.9840639338966892
nu=4.105,chi=0.433	True	1	0.14932377772991018	0.14698074077214096	0.9843090163308941
nu=4.105,chi=0.5	True	1	0.13396773793694242	0.13191484948086565	0.984676247522795
nu=4.105,chi=0.567	True	1	0.11859701669225933	0.11684403641394527	0.9852190187645042
nu=4.105,chi=0.633	True	1	0.10322726549206133	0.10178428936881537	0.9860213663864132
nu=4.105,chi=0.7	True	1	0.08788047676922753	0.08676037478181517	0.987254256820275
nu=4.105,chi=0.767	True	1	0.07258933312239839	0.0717828860225178	0.9888902809105468
nu=4.105,chi=0.833	True	1	0.0574050011957788	0.05691696822211789	0.991498424118197
nu=4.105,chi=0.9	True	1	0.042416181097871375	0.04223608486405321	0.9957540676893423
nu=5.635,chi=0.1	True	1	0.22454265508233695	0.22079818562612913	0.9833240171902538
nu=5.635,chi=0.167	True	1	0.20870513031678928	0.20517456826901012	0.9830834918029078
nu=5.635,chi=0.233	True	1	0.19283284647455717	0.18952389605945213	0.9828403175309575
nu=5.635,chi=0.3	True	1	0.1769318523991125	0.1738532281379203	0.9825999433146294
nu=5.635,chi=0.367	True	1	0.1610100501961873	0.15817106128278455	0.982367629163872
nu=5.635,chi=0.433	True	1	0.14507753392371317	0.14248894516271368	0.9821572045582146
nu=5.635,chi=0.5	True	1	0.1291477953727401	0.1268215769690938	0.9819879356288469
nu=5.635,chi=0.567	True	1	0.11323830386834041	0.11118864408695642	0.9818995895261105
nu=5.635,chi=0.633	True	1	0.09737309853413369	0.09561663647224618	0.9819615264551554
nu=5.635,chi=0.7	True	1	0.08158518767416334	0.08014179410067333	0.9823081417762417
nu=5.635,chi=0.767	True	1	0.06592213664735547	0.06481554666651707	0.98321368151706
nu=5.635,chi=0.833	True	1	0.05045653910086675	0.04971452681683711	0.9852940313138343
nu=5.635,chi=0.9	True	1	0.03531108711356051	0.034959739809084414	0.9900499437090066
nu=7.734,chi=0.1	True	1	0.22363359310227265	0.21983662609254517	0.9830214818934155
nu=7.734,chi=0.167	True	1	0.20720754671237435	0.20359071886384156	0.9825449028960643
nu=7.734,chi=0.233	True	1	0.1907634199965234	0.187336358983284	0.9820350200614884
nu=7.734,chi=0.3	True	1	0.1743101790334766	0.17108343901189044	0.9814885163937187
nu=7.734,chi=0.367	True	1	0.15785951843903237	0.15484483138061342	0.9809027223177342
nu=7.734,chi=0.433	True	1	0.1414259209931913	0.1386356330083067	0.9802703212728667
nu=7.734,chi=0.5	True	1	0.12502879085826074	0.12247899983095847	0.9796063689827021
nu=7.734,chi=0.567	True	1	0.10869305988536096	0.10639984920668447	0.978901958587833
nu=7.734,chi=0.633	True	1	0.09245254242726395	0.09043450249705966	0.9781721532234556
nu=7.734,chi=0.7	True	1	0.07635363420069119	0.07462477566419025	0.9773572200642509
nu=7.734,chi=0.767	True	1	0.06046219506179698	0.0590617500741541	0.9768376754067312
nu=7.734,chi=0.833	True	1	0.044877000234423724	0.043856216452200246	0.9772537429665259
nu=7.734,chi=0.9	True	1	0.02976014386359529	0.029186842815377777	0.9807359449992843
nu=10.62,chi=0.1	True	1	0.2228653894770795	0.21902612886825434	0.9827731860122677
nu=10.62,chi=0.167	True	1	0.20594556771366546	0.20226011247994197	0.9821047120623274
nu=10.62,chi=0.233	True	1	0.18902504413492585	0.18550483289895078	0.9813770114320812
nu=10.62,chi=0.3	True	1	0.17211587800900502	0.168772435936052	0.980574470457757
nu=10.62,chi=0.367	True	1	0.15523328167335054	0.15207968944732408	0.9796848189252199
nu=10.62,chi=0.433	True	1	0.13839661695213173	0.13544755576817347	0.9786912335799488
nu=10.62,chi=0.5	True	1	0.12163090087118962	0.11889583063698755	0.9775133603828309
nu=10.62,chi=0.567	True	1	0.10496907887727358	0.10244921231517704	0.9759942014443825
nu=10.62,chi=0.633	True	1	0.08845521109279808	0.08617780164484366	0.9742535298958792
nu=10.62,chi=0.7	True	1	0.07214988302834802	0.07014967851953992	0.9722770928398843
nu=10.62,chi=0.767	True	1	0.05613911482109447	0.05446207087959334	0.9701269970706596
nu=10.62,chi=0.833	True	1	0.040550998389114065	0.03924778924114718	0.9678624645573033
nu=10.62,chi=0.9	True	1	0.025591285302067213	0.024766101332312333	0.9677552745000961
nu=14.57,chi=0.1	True	1	0.2222370631037965	0.2183652135231812	0.9825778404081638
nu=14.57,chi=0.167	True	1	0.2049156901754729	0.20117791033393065	0.9817594258480572
nu=14.57,chi=0.233	True	1	0.18761029520981337	0.1840181254627978	0.9808530243876101
nu=14.57,chi=0.3	True	1	0.17033565594267508	0.166904922252833	0.9798589809581814
nu=14.57,chi=0.367	True	1	0.1531102093724288	0.14984997446062176	0.9787066131960098
nu=14.57,chi=0.433	True	1	0.13595757879542564	0.13287662514491214	0.9773388605636366
nu=14.57,chi=0.5	True	1	0.11890857139649733	0.11600178644438452	0.9755544539979358
nu=14.57,chi=0.567	True	1	0.10200316516359383	0.09929581028845175	0.9734581287668869
nu=14.57,chi=0.633	True	1	0.08529551422141937	0.08281650764935689	0.9709362608961215
nu=14.57,chi=0.7	True	1	0.06886007075918768	0.0666400219446903	0.9677599980653351
nu=14.57,chi=0.767	True	1	0.05280309879554078	0.05086777112019353	0.9633482178225743
nu=14.57,chi=0.833	True	1	0.037283162596062416	0.035712653871768786	0.9578761935700301
nu=14.57,chi=0.9	True	1	0.0225526814785224	0.021463393746174286	0.9517003007653225
nu=20,chi=0.1	True	1	0.2217367005892639	0.21784072276913652	0.982429711410994
nu=20,chi=0.167	True	1	0.2040974502987099	0.20032008231654092	0.9814923313513199
nu=20,chi=0.233	True	1	0.18648875435802287	0.18284267753772626	0.9804488113353107
nu=20,chi=0.3	True	1	0.16892784700738994	0.16543818551307543	0.9793422958018174
nu=20,chi=0.367	True	1	0.1514360361341055	0.1480969994496456	0.9779508446622112
nu=20,chi=0.433	True	1	0.13404075233876206	0.1308434735690816	0.9761469649051211
nu=20,chi=0.5	True	1	0.11677761305517312	0.11374151086018626	0.97400099115271
nu=20,chi=0.567	True	1	0.09969315239448437	0.09684340580024572	0.97141482112069
nu=20,chi=0.633	True	1	0.08285040833097623	0.08021731332491179	0.9682186840221042
nu=20,chi=0.7	True	1	0.06633643838728899	0.06391931597181913	0.9635626742370749
nu=20,chi=0.767	True	1	0.050276426880735275	0.048133768484058356	0.9573824448233028
nu=20,chi=0.833	True	1	0.034858666574718075	0.033042007629250886	0.947885013284336
nu=20,chi=0.9	True	1	0.020383620664874025	0.019032547466480226	0.9337177030221118
